2025-03-13 09:45:01,532 - INFO - Starting document processing from: C:\Users\AbrahamCEO\Desktop\projects\new-docs-processor\Cover Letters
2025-03-13 09:45:01,532 - INFO - Output directory will be in: C:\Users\AbrahamCEO\Downloads\Processed_Documents
2025-03-13 09:45:01,532 - INFO - Replacement keywords to process:
2025-03-13 09:45:01,532 - INFO - - *ADD C&N*
2025-03-13 09:45:01,532 - INFO - - *ADD S&D*
2025-03-13 09:45:01,532 - INFO - - *ADD P&R*
2025-03-13 09:45:01,532 - INFO - - *ADD DD*
2025-03-13 09:45:01,532 - INFO - - *ADD P&B*
2025-03-13 09:45:01,532 - INFO - - *ADD L*
2025-03-13 09:45:01,532 - INFO - - *ADD T*
2025-03-13 09:45:01,532 - INFO - - *ADD V&P*
2025-03-13 09:45:01,547 - INFO - Found 22 .docx files to process
2025-03-13 09:45:01,547 - INFO - Processing file: 10. Twinrain Table of Contents Section Covers.docx
2025-03-13 09:45:01,603 - INFO - Successfully opened document: 10. Twinrain Table of Contents Section Covers.docx
2025-03-13 09:45:01,603 - INFO - Found keywords in paragraph 16
2025-03-13 09:45:01,603 - INFO - Found keyword '*ADD C&N*' in paragraph
2025-03-13 09:45:01,603 - INFO - Found keywords in paragraph 17
2025-03-13 09:45:01,603 - INFO - Found keyword '*ADD P&R*' in paragraph
2025-03-13 09:45:01,603 - INFO - Found keywords in paragraph 19
2025-03-13 09:45:01,603 - INFO - Found keyword '*ADD S&D*' in paragraph
2025-03-13 09:45:01,611 - INFO - Found keywords in paragraph 21
2025-03-13 09:45:01,611 - INFO - Found keyword '*ADD L*' in paragraph
2025-03-13 09:45:01,643 - INFO - Successfully saved processed document: 10. Twinrain Table of Contents Section Covers.docx
2025-03-13 09:45:01,643 - INFO - Processing file: 11. Cover Page.docx
2025-03-13 09:45:01,659 - INFO - Successfully opened document: 11. Cover Page.docx
2025-03-13 09:45:01,659 - INFO - Found keywords in paragraph 4
2025-03-13 09:45:01,659 - INFO - Found keyword '*ADD P&R*' in paragraph
2025-03-13 09:45:01,659 - INFO - Found keywords in paragraph 7
2025-03-13 09:45:01,659 - INFO - Found keyword '*ADD S&D*' in paragraph
2025-03-13 09:45:01,659 - INFO - Found keywords in paragraph 9
2025-03-13 09:45:01,659 - INFO - Found keyword '*ADD C&N*' in paragraph
2025-03-13 09:45:01,659 - INFO - Found keywords in paragraph 11
2025-03-13 09:45:01,659 - INFO - Found keyword '*ADD L*' in paragraph
2025-03-13 09:45:01,674 - INFO - Found keywords in paragraph 13
2025-03-13 09:45:01,674 - INFO - Found keyword '*ADD DD*' in paragraph
2025-03-13 09:45:01,722 - INFO - Successfully saved processed document: 11. Cover Page.docx
2025-03-13 09:45:01,722 - INFO - Processing file: 10. Twinrain Table of Contents Section Covers.docx
2025-03-13 09:45:01,722 - INFO - Successfully opened document: 10. Twinrain Table of Contents Section Covers.docx
2025-03-13 09:45:01,738 - INFO - Found keywords in paragraph 16
2025-03-13 09:45:01,738 - INFO - Found keyword '*ADD C&N*' in paragraph
2025-03-13 09:45:01,738 - INFO - Found keywords in paragraph 17
2025-03-13 09:45:01,738 - INFO - Found keyword '*ADD P&R*' in paragraph
2025-03-13 09:45:01,738 - INFO - Found keywords in paragraph 19
2025-03-13 09:45:01,738 - INFO - Found keyword '*ADD S&D*' in paragraph
2025-03-13 09:45:01,738 - INFO - Found keywords in paragraph 21
2025-03-13 09:45:01,738 - INFO - Found keyword '*ADD L*' in paragraph
2025-03-13 09:45:01,766 - INFO - Successfully saved processed document: 10. Twinrain Table of Contents Section Covers.docx
2025-03-13 09:45:01,766 - INFO - Processing file: 11. Cover Page.docx
2025-03-13 09:45:01,785 - INFO - Successfully opened document: 11. Cover Page.docx
2025-03-13 09:45:01,785 - INFO - Found keywords in paragraph 4
2025-03-13 09:45:01,785 - INFO - Found keyword '*ADD P&R*' in paragraph
2025-03-13 09:45:01,785 - INFO - Found keywords in paragraph 7
2025-03-13 09:45:01,785 - INFO - Found keyword '*ADD S&D*' in paragraph
2025-03-13 09:45:01,785 - INFO - Found keywords in paragraph 9
2025-03-13 09:45:01,785 - INFO - Found keyword '*ADD C&N*' in paragraph
2025-03-13 09:45:01,785 - INFO - Found keywords in paragraph 11
2025-03-13 09:45:01,785 - INFO - Found keyword '*ADD L*' in paragraph
2025-03-13 09:45:01,785 - INFO - Found keywords in paragraph 13
2025-03-13 09:45:01,785 - INFO - Found keyword '*ADD DD*' in paragraph
2025-03-13 09:45:01,832 - INFO - Successfully saved processed document: 11. Cover Page.docx
2025-03-13 09:45:01,832 - INFO - Processing file: 1. Power Of Attorney.docx
2025-03-13 09:45:01,848 - INFO - Successfully opened document: 1. Power Of Attorney.docx
2025-03-13 09:45:01,848 - INFO - Found keywords in paragraph 5
2025-03-13 09:45:01,848 - INFO - Found keyword '*ADD P&R*' in paragraph
2025-03-13 09:45:01,848 - INFO - Found keywords in paragraph 8
2025-03-13 09:45:01,848 - INFO - Found keyword '*ADD P&R*' in paragraph
2025-03-13 09:45:01,848 - INFO - Found keywords in paragraph 9
2025-03-13 09:45:01,848 - INFO - Found keyword '*ADD C&N*' in paragraph
2025-03-13 09:45:01,864 - INFO - Found keyword '*ADD S&D*' in paragraph
2025-03-13 09:45:01,864 - INFO - Found keywords in paragraph 11
2025-03-13 09:45:01,864 - INFO - Found keyword '*ADD DD*' in paragraph
2025-03-13 09:45:01,912 - INFO - Successfully saved processed document: 1. Power Of Attorney.docx
2025-03-13 09:45:01,912 - INFO - Processing file: 2. Cover Letter.docx
2025-03-13 09:45:01,912 - INFO - Successfully opened document: 2. Cover Letter.docx
2025-03-13 09:45:01,912 - INFO - Found keywords in paragraph 1
2025-03-13 09:45:01,912 - INFO - Found keyword '*ADD DD*' in paragraph
2025-03-13 09:45:01,912 - INFO - Found keywords in paragraph 2
2025-03-13 09:45:01,912 - INFO - Found keyword '*ADD C&N*' in paragraph
2025-03-13 09:45:01,912 - INFO - Found keywords in paragraph 3
2025-03-13 09:45:01,912 - INFO - Found keyword '*ADD P&B*' in paragraph
2025-03-13 09:45:01,912 - INFO - Found keywords in paragraph 4
2025-03-13 09:45:01,912 - INFO - Found keyword '*ADD T*' in paragraph
2025-03-13 09:45:01,912 - INFO - Found keywords in paragraph 7
2025-03-13 09:45:01,912 - INFO - Found keyword '*ADD P&R*' in paragraph
2025-03-13 09:45:01,927 - INFO - Found keywords in paragraph 8
2025-03-13 09:45:01,927 - INFO - Found keyword '*ADD S&D*' in paragraph
2025-03-13 09:45:01,927 - INFO - Found keywords in paragraph 14
2025-03-13 09:45:01,927 - INFO - Found keyword '*ADD C&N*' in paragraph
2025-03-13 09:45:01,927 - INFO - Found keywords in paragraph 20
2025-03-13 09:45:01,927 - INFO - Found keyword '*ADD V&P*' in paragraph
2025-03-13 09:45:01,927 - INFO - Found keywords in paragraph 28
2025-03-13 09:45:01,927 - INFO - Found keyword '*ADD DD*' in paragraph
2025-03-13 09:45:01,975 - INFO - Successfully saved processed document: 2. Cover Letter.docx
2025-03-13 09:45:01,975 - INFO - Processing file: 3. Undertaking - Labour.docx
2025-03-13 09:45:01,991 - INFO - Successfully opened document: 3. Undertaking - Labour.docx
2025-03-13 09:45:01,991 - INFO - Found keywords in paragraph 1
2025-03-13 09:45:01,991 - INFO - Found keyword '*ADD C&N*' in paragraph
2025-03-13 09:45:01,991 - INFO - Found keywords in paragraph 4
2025-03-13 09:45:01,991 - INFO - Found keyword '*ADD P&R*' in paragraph
2025-03-13 09:45:01,991 - INFO - Found keywords in paragraph 16
2025-03-13 09:45:01,991 - INFO - Found keyword '*ADD DD*' in paragraph
2025-03-13 09:45:02,046 - INFO - Successfully saved processed document: 3. Undertaking - Labour.docx
2025-03-13 09:45:02,046 - INFO - Processing file: 4. Undertaking - Salaries.docx
2025-03-13 09:45:02,053 - INFO - Successfully opened document: 4. Undertaking - Salaries.docx
2025-03-13 09:45:02,053 - INFO - Found keywords in paragraph 1
2025-03-13 09:45:02,053 - INFO - Found keyword '*ADD C&N*' in paragraph
2025-03-13 09:45:02,053 - INFO - Found keywords in paragraph 4
2025-03-13 09:45:02,053 - INFO - Found keyword '*ADD P&R*' in paragraph
2025-03-13 09:45:02,053 - INFO - Found keywords in paragraph 16
2025-03-13 09:45:02,053 - INFO - Found keyword '*ADD DD*' in paragraph
2025-03-13 09:45:02,100 - INFO - Successfully saved processed document: 4. Undertaking - Salaries.docx
2025-03-13 09:45:02,100 - INFO - Processing file: 5. Local Content.docx
2025-03-13 09:45:02,116 - INFO - Successfully opened document: 5. Local Content.docx
2025-03-13 09:45:02,116 - INFO - Found keywords in paragraph 1
2025-03-13 09:45:02,116 - INFO - Found keyword '*ADD C&N*' in paragraph
2025-03-13 09:45:02,116 - INFO - Found keywords in paragraph 4
2025-03-13 09:45:02,116 - INFO - Found keyword '*ADD P&R*' in paragraph
2025-03-13 09:45:02,125 - INFO - Found keywords in paragraph 10
2025-03-13 09:45:02,125 - INFO - Found keyword '*ADD DD*' in paragraph
2025-03-13 09:45:02,164 - INFO - Successfully saved processed document: 5. Local Content.docx
2025-03-13 09:45:02,164 - INFO - Processing file: 6. Employment.docx
2025-03-13 09:45:02,180 - INFO - Successfully opened document: 6. Employment.docx
2025-03-13 09:45:02,180 - INFO - Found keywords in paragraph 1
2025-03-13 09:45:02,180 - INFO - Found keyword '*ADD C&N*' in paragraph
2025-03-13 09:45:02,180 - INFO - Found keywords in paragraph 4
2025-03-13 09:45:02,180 - INFO - Found keyword '*ADD P&R*' in paragraph
2025-03-13 09:45:02,180 - INFO - Found keywords in paragraph 10
2025-03-13 09:45:02,180 - INFO - Found keyword '*ADD DD*' in paragraph
2025-03-13 09:45:02,212 - INFO - Successfully saved processed document: 6. Employment.docx
2025-03-13 09:45:02,212 - INFO - Processing file: 7. Conflict Of Interest.docx
2025-03-13 09:45:02,228 - INFO - Successfully opened document: 7. Conflict Of Interest.docx
2025-03-13 09:45:02,228 - INFO - Found keywords in paragraph 1
2025-03-13 09:45:02,228 - INFO - Found keyword '*ADD C&N*' in paragraph
2025-03-13 09:45:02,228 - INFO - Found keywords in paragraph 4
2025-03-13 09:45:02,228 - INFO - Found keyword '*ADD P&R*' in paragraph
2025-03-13 09:45:02,228 - INFO - Found keywords in paragraph 10
2025-03-13 09:45:02,228 - INFO - Found keyword '*ADD DD*' in paragraph
2025-03-13 09:45:02,276 - INFO - Successfully saved processed document: 7. Conflict Of Interest.docx
2025-03-13 09:45:02,276 - INFO - Processing file: 8. Bid Requirements.docx
2025-03-13 09:45:02,292 - INFO - Successfully opened document: 8. Bid Requirements.docx
2025-03-13 09:45:02,292 - INFO - Found keywords in paragraph 1
2025-03-13 09:45:02,292 - INFO - Found keyword '*ADD C&N*' in paragraph
2025-03-13 09:45:02,292 - INFO - Found keywords in paragraph 4
2025-03-13 09:45:02,292 - INFO - Found keyword '*ADD P&R*' in paragraph
2025-03-13 09:45:02,292 - INFO - Found keywords in paragraph 10
2025-03-13 09:45:02,292 - INFO - Found keyword '*ADD DD*' in paragraph
2025-03-13 09:45:02,323 - INFO - Successfully saved processed document: 8. Bid Requirements.docx
2025-03-13 09:45:02,339 - INFO - Processing file: 9. All Declaration.docx
2025-03-13 09:45:02,339 - INFO - Successfully opened document: 9. All Declaration.docx
2025-03-13 09:45:02,339 - INFO - Found keywords in paragraph 1
2025-03-13 09:45:02,339 - INFO - Found keyword '*ADD C&N*' in paragraph
2025-03-13 09:45:02,339 - INFO - Found keywords in paragraph 4
2025-03-13 09:45:02,339 - INFO - Found keyword '*ADD P&R*' in paragraph
2025-03-13 09:45:02,339 - INFO - Found keywords in paragraph 14
2025-03-13 09:45:02,339 - INFO - Found keyword '*ADD DD*' in paragraph
2025-03-13 09:45:02,387 - INFO - Successfully saved processed document: 9. All Declaration.docx
2025-03-13 09:45:02,387 - INFO - Processing file: 1. Power Of Attorney.docx
2025-03-13 09:45:02,403 - INFO - Successfully opened document: 1. Power Of Attorney.docx
2025-03-13 09:45:02,403 - INFO - Found keywords in paragraph 3
2025-03-13 09:45:02,403 - INFO - Found keyword '*ADD P&R*' in paragraph
2025-03-13 09:45:02,403 - INFO - Found keywords in paragraph 6
2025-03-13 09:45:02,403 - INFO - Found keyword '*ADD P&R*' in paragraph
2025-03-13 09:45:02,403 - INFO - Found keywords in paragraph 7
2025-03-13 09:45:02,403 - INFO - Found keyword '*ADD C&N*' in paragraph
2025-03-13 09:45:02,403 - INFO - Found keyword '*ADD S&D*' in paragraph
2025-03-13 09:45:02,403 - INFO - Found keywords in paragraph 9
2025-03-13 09:45:02,403 - INFO - Found keyword '*ADD DD*' in paragraph
2025-03-13 09:45:02,451 - INFO - Successfully saved processed document: 1. Power Of Attorney.docx
2025-03-13 09:45:02,451 - INFO - Processing file: 2. Cover Letter.docx
2025-03-13 09:45:02,451 - INFO - Successfully opened document: 2. Cover Letter.docx
2025-03-13 09:45:02,451 - INFO - Found keywords in paragraph 1
2025-03-13 09:45:02,451 - INFO - Found keyword '*ADD DD*' in paragraph
2025-03-13 09:45:02,451 - INFO - Found keywords in paragraph 2
2025-03-13 09:45:02,451 - INFO - Found keyword '*ADD C&N*' in paragraph
2025-03-13 09:45:02,451 - INFO - Found keywords in paragraph 3
2025-03-13 09:45:02,451 - INFO - Found keyword '*ADD P&B*' in paragraph
2025-03-13 09:45:02,451 - INFO - Found keywords in paragraph 4
2025-03-13 09:45:02,451 - INFO - Found keyword '*ADD T*' in paragraph
2025-03-13 09:45:02,451 - INFO - Found keywords in paragraph 7
2025-03-13 09:45:02,451 - INFO - Found keyword '*ADD P&R*' in paragraph
2025-03-13 09:45:02,451 - INFO - Found keywords in paragraph 8
2025-03-13 09:45:02,451 - INFO - Found keyword '*ADD S&D*' in paragraph
2025-03-13 09:45:02,467 - INFO - Found keywords in paragraph 14
2025-03-13 09:45:02,467 - INFO - Found keyword '*ADD C&N*' in paragraph
2025-03-13 09:45:02,467 - INFO - Found keywords in paragraph 20
2025-03-13 09:45:02,467 - INFO - Found keyword '*ADD V&P*' in paragraph
2025-03-13 09:45:02,467 - INFO - Found keywords in paragraph 28
2025-03-13 09:45:02,467 - INFO - Found keyword '*ADD DD*' in paragraph
2025-03-13 09:45:02,515 - INFO - Successfully saved processed document: 2. Cover Letter.docx
2025-03-13 09:45:02,515 - INFO - Processing file: 3. Undertaking - Labour.docx
2025-03-13 09:45:02,515 - INFO - Successfully opened document: 3. Undertaking - Labour.docx
2025-03-13 09:45:02,515 - INFO - Found keywords in paragraph 1
2025-03-13 09:45:02,515 - INFO - Found keyword '*ADD C&N*' in paragraph
2025-03-13 09:45:02,515 - INFO - Found keywords in paragraph 4
2025-03-13 09:45:02,515 - INFO - Found keyword '*ADD P&R*' in paragraph
2025-03-13 09:45:02,515 - INFO - Found keywords in paragraph 16
2025-03-13 09:45:02,515 - INFO - Found keyword '*ADD DD*' in paragraph
2025-03-13 09:45:02,563 - INFO - Successfully saved processed document: 3. Undertaking - Labour.docx
2025-03-13 09:45:02,563 - INFO - Processing file: 4. Undertaking - Salaries.docx
2025-03-13 09:45:02,578 - INFO - Successfully opened document: 4. Undertaking - Salaries.docx
2025-03-13 09:45:02,578 - INFO - Found keywords in paragraph 1
2025-03-13 09:45:02,578 - INFO - Found keyword '*ADD C&N*' in paragraph
2025-03-13 09:45:02,578 - INFO - Found keywords in paragraph 4
2025-03-13 09:45:02,578 - INFO - Found keyword '*ADD P&R*' in paragraph
2025-03-13 09:45:02,578 - INFO - Found keywords in paragraph 16
2025-03-13 09:45:02,578 - INFO - Found keyword '*ADD DD*' in paragraph
2025-03-13 09:45:02,626 - INFO - Successfully saved processed document: 4. Undertaking - Salaries.docx
2025-03-13 09:45:02,626 - INFO - Processing file: 5. Local Content.docx
2025-03-13 09:45:02,641 - INFO - Successfully opened document: 5. Local Content.docx
2025-03-13 09:45:02,641 - INFO - Found keywords in paragraph 1
2025-03-13 09:45:02,641 - INFO - Found keyword '*ADD C&N*' in paragraph
2025-03-13 09:45:02,641 - INFO - Found keywords in paragraph 4
2025-03-13 09:45:02,641 - INFO - Found keyword '*ADD P&R*' in paragraph
2025-03-13 09:45:02,641 - INFO - Found keywords in paragraph 10
2025-03-13 09:45:02,641 - INFO - Found keyword '*ADD DD*' in paragraph
2025-03-13 09:45:02,689 - INFO - Successfully saved processed document: 5. Local Content.docx
2025-03-13 09:45:02,689 - INFO - Processing file: 6. Employment.docx
2025-03-13 09:45:02,689 - INFO - Successfully opened document: 6. Employment.docx
2025-03-13 09:45:02,689 - INFO - Found keywords in paragraph 1
2025-03-13 09:45:02,689 - INFO - Found keyword '*ADD C&N*' in paragraph
2025-03-13 09:45:02,700 - INFO - Found keywords in paragraph 4
2025-03-13 09:45:02,700 - INFO - Found keyword '*ADD P&R*' in paragraph
2025-03-13 09:45:02,700 - INFO - Found keywords in paragraph 10
2025-03-13 09:45:02,700 - INFO - Found keyword '*ADD DD*' in paragraph
2025-03-13 09:45:02,736 - INFO - Successfully saved processed document: 6. Employment.docx
2025-03-13 09:45:02,736 - INFO - Processing file: 7. Conflict Of Interest.docx
2025-03-13 09:45:02,752 - INFO - Successfully opened document: 7. Conflict Of Interest.docx
2025-03-13 09:45:02,752 - INFO - Found keywords in paragraph 1
2025-03-13 09:45:02,752 - INFO - Found keyword '*ADD C&N*' in paragraph
2025-03-13 09:45:02,752 - INFO - Found keywords in paragraph 4
2025-03-13 09:45:02,752 - INFO - Found keyword '*ADD P&R*' in paragraph
2025-03-13 09:45:02,752 - INFO - Found keywords in paragraph 10
2025-03-13 09:45:02,752 - INFO - Found keyword '*ADD DD*' in paragraph
2025-03-13 09:45:02,797 - INFO - Successfully saved processed document: 7. Conflict Of Interest.docx
2025-03-13 09:45:02,797 - INFO - Processing file: 8. Bid Requirements.docx
2025-03-13 09:45:02,799 - INFO - Successfully opened document: 8. Bid Requirements.docx
2025-03-13 09:45:02,799 - INFO - Found keywords in paragraph 1
2025-03-13 09:45:02,799 - INFO - Found keyword '*ADD C&N*' in paragraph
2025-03-13 09:45:02,799 - INFO - Found keywords in paragraph 4
2025-03-13 09:45:02,799 - INFO - Found keyword '*ADD P&R*' in paragraph
2025-03-13 09:45:02,799 - INFO - Found keywords in paragraph 10
2025-03-13 09:45:02,799 - INFO - Found keyword '*ADD DD*' in paragraph
2025-03-13 09:45:02,850 - INFO - Successfully saved processed document: 8. Bid Requirements.docx
2025-03-13 09:45:02,850 - INFO - Processing file: 9. All Declaration.docx
2025-03-13 09:45:02,860 - INFO - Successfully opened document: 9. All Declaration.docx
2025-03-13 09:45:02,860 - INFO - Found keywords in paragraph 1
2025-03-13 09:45:02,860 - INFO - Found keyword '*ADD C&N*' in paragraph
2025-03-13 09:45:02,860 - INFO - Found keywords in paragraph 4
2025-03-13 09:45:02,860 - INFO - Found keyword '*ADD P&R*' in paragraph
2025-03-13 09:45:02,862 - INFO - Found keywords in paragraph 14
2025-03-13 09:45:02,862 - INFO - Found keyword '*ADD DD*' in paragraph
2025-03-13 09:45:02,894 - INFO - Successfully saved processed document: 9. All Declaration.docx
2025-03-13 09:45:02,894 - INFO - Document processing completed successfully
2025-03-13 09:52:34,804 - INFO - Starting document processing from: C:\Users\AbrahamCEO\Desktop\projects\new-docs-processor\Cover Letters
2025-03-13 09:52:34,804 - INFO - Output directory will be in: C:\Users\AbrahamCEO\Downloads\Processed_Documents
2025-03-13 09:52:34,804 - INFO - Replacement keywords to process:
2025-03-13 09:52:34,804 - INFO - - *ADD C&N*
2025-03-13 09:52:34,804 - INFO - - *ADD S&D*
2025-03-13 09:52:34,804 - INFO - - *ADD P&R*
2025-03-13 09:52:34,804 - INFO - - *ADD DD*
2025-03-13 09:52:34,804 - INFO - - *ADD P&B*
2025-03-13 09:52:34,804 - INFO - - *ADD L*
2025-03-13 09:52:34,804 - INFO - - *ADD T*
2025-03-13 09:52:34,804 - INFO - - *ADD V&P*
2025-03-13 09:52:34,804 - INFO - Found 22 .docx files to process
2025-03-13 09:52:34,804 - INFO - Processing file: 10. Twinrain Table of Contents Section Covers.docx
2025-03-13 09:52:34,836 - INFO - Successfully opened document: 10. Twinrain Table of Contents Section Covers.docx
2025-03-13 09:52:34,851 - INFO - Found keywords in header
2025-03-13 09:52:34,851 - INFO - Found keyword '*ADD P&R*' in paragraph
2025-03-13 09:52:34,858 - INFO - Found keywords in footer
2025-03-13 09:52:34,858 - INFO - Found keyword '*ADD C&N*' in paragraph
2025-03-13 09:52:34,883 - INFO - Found keywords in paragraph 16
2025-03-13 09:52:34,883 - INFO - Found keyword '*ADD C&N*' in paragraph
2025-03-13 09:52:34,883 - INFO - Found keywords in paragraph 17
2025-03-13 09:52:34,883 - INFO - Found keyword '*ADD P&R*' in paragraph
2025-03-13 09:52:34,883 - INFO - Found keywords in paragraph 19
2025-03-13 09:52:34,883 - INFO - Found keyword '*ADD S&D*' in paragraph
2025-03-13 09:52:34,883 - INFO - Found keywords in paragraph 21
2025-03-13 09:52:34,883 - INFO - Found keyword '*ADD L*' in paragraph
2025-03-13 09:52:34,902 - INFO - Successfully saved processed document: 10. Twinrain Table of Contents Section Covers.docx
2025-03-13 09:52:34,902 - INFO - Processing file: 11. Cover Page.docx
2025-03-13 09:52:34,931 - INFO - Successfully opened document: 11. Cover Page.docx
2025-03-13 09:52:34,931 - INFO - Found keywords in paragraph 4
2025-03-13 09:52:34,931 - INFO - Found keyword '*ADD P&R*' in paragraph
2025-03-13 09:52:34,931 - INFO - Found keywords in paragraph 7
2025-03-13 09:52:34,931 - INFO - Found keyword '*ADD S&D*' in paragraph
2025-03-13 09:52:34,931 - INFO - Found keywords in paragraph 9
2025-03-13 09:52:34,931 - INFO - Found keyword '*ADD C&N*' in paragraph
2025-03-13 09:52:34,931 - INFO - Found keywords in paragraph 11
2025-03-13 09:52:34,931 - INFO - Found keyword '*ADD L*' in paragraph
2025-03-13 09:52:34,931 - INFO - Found keywords in paragraph 13
2025-03-13 09:52:34,931 - INFO - Found keyword '*ADD DD*' in paragraph
2025-03-13 09:52:34,978 - INFO - Successfully saved processed document: 11. Cover Page.docx
2025-03-13 09:52:34,978 - INFO - Processing file: 10. Twinrain Table of Contents Section Covers.docx
2025-03-13 09:52:34,996 - INFO - Successfully opened document: 10. Twinrain Table of Contents Section Covers.docx
2025-03-13 09:52:34,996 - INFO - Found keywords in header
2025-03-13 09:52:34,996 - INFO - Found keyword '*ADD P&R*' in paragraph
2025-03-13 09:52:34,996 - INFO - Found keywords in footer
2025-03-13 09:52:34,996 - INFO - Found keyword '*ADD C&N*' in paragraph
2025-03-13 09:52:34,996 - INFO - Found keywords in paragraph 16
2025-03-13 09:52:34,996 - INFO - Found keyword '*ADD C&N*' in paragraph
2025-03-13 09:52:34,996 - INFO - Found keywords in paragraph 17
2025-03-13 09:52:34,996 - INFO - Found keyword '*ADD P&R*' in paragraph
2025-03-13 09:52:34,996 - INFO - Found keywords in paragraph 19
2025-03-13 09:52:34,996 - INFO - Found keyword '*ADD S&D*' in paragraph
2025-03-13 09:52:34,996 - INFO - Found keywords in paragraph 21
2025-03-13 09:52:34,996 - INFO - Found keyword '*ADD L*' in paragraph
2025-03-13 09:52:35,026 - INFO - Successfully saved processed document: 10. Twinrain Table of Contents Section Covers.docx
2025-03-13 09:52:35,026 - INFO - Processing file: 11. Cover Page.docx
2025-03-13 09:52:35,042 - INFO - Successfully opened document: 11. Cover Page.docx
2025-03-13 09:52:35,042 - INFO - Found keywords in paragraph 4
2025-03-13 09:52:35,042 - INFO - Found keyword '*ADD P&R*' in paragraph
2025-03-13 09:52:35,042 - INFO - Found keywords in paragraph 7
2025-03-13 09:52:35,042 - INFO - Found keyword '*ADD S&D*' in paragraph
2025-03-13 09:52:35,042 - INFO - Found keywords in paragraph 9
2025-03-13 09:52:35,042 - INFO - Found keyword '*ADD C&N*' in paragraph
2025-03-13 09:52:35,042 - INFO - Found keywords in paragraph 11
2025-03-13 09:52:35,042 - INFO - Found keyword '*ADD L*' in paragraph
2025-03-13 09:52:35,042 - INFO - Found keywords in paragraph 13
2025-03-13 09:52:35,042 - INFO - Found keyword '*ADD DD*' in paragraph
2025-03-13 09:52:35,089 - INFO - Successfully saved processed document: 11. Cover Page.docx
2025-03-13 09:52:35,089 - INFO - Processing file: 1. Power Of Attorney.docx
2025-03-13 09:52:35,105 - INFO - Successfully opened document: 1. Power Of Attorney.docx
2025-03-13 09:52:35,105 - INFO - Found keywords in paragraph 5
2025-03-13 09:52:35,105 - INFO - Found keyword '*ADD P&R*' in paragraph
2025-03-13 09:52:35,105 - INFO - Found keywords in paragraph 8
2025-03-13 09:52:35,105 - INFO - Found keyword '*ADD P&R*' in paragraph
2025-03-13 09:52:35,105 - INFO - Found keywords in paragraph 9
2025-03-13 09:52:35,105 - INFO - Found keyword '*ADD C&N*' in paragraph
2025-03-13 09:52:35,105 - INFO - Found keyword '*ADD S&D*' in paragraph
2025-03-13 09:52:35,121 - INFO - Found keywords in paragraph 11
2025-03-13 09:52:35,121 - INFO - Found keyword '*ADD DD*' in paragraph
2025-03-13 09:52:35,152 - INFO - Successfully saved processed document: 1. Power Of Attorney.docx
2025-03-13 09:52:35,152 - INFO - Processing file: 2. Cover Letter.docx
2025-03-13 09:52:35,168 - INFO - Successfully opened document: 2. Cover Letter.docx
2025-03-13 09:52:35,168 - INFO - Found keywords in paragraph 1
2025-03-13 09:52:35,168 - INFO - Found keyword '*ADD DD*' in paragraph
2025-03-13 09:52:35,168 - INFO - Found keywords in paragraph 2
2025-03-13 09:52:35,168 - INFO - Found keyword '*ADD C&N*' in paragraph
2025-03-13 09:52:35,168 - INFO - Found keywords in paragraph 3
2025-03-13 09:52:35,168 - INFO - Found keyword '*ADD P&B*' in paragraph
2025-03-13 09:52:35,168 - INFO - Found keywords in paragraph 4
2025-03-13 09:52:35,168 - INFO - Found keyword '*ADD T*' in paragraph
2025-03-13 09:52:35,168 - INFO - Found keywords in paragraph 7
2025-03-13 09:52:35,168 - INFO - Found keyword '*ADD P&R*' in paragraph
2025-03-13 09:52:35,168 - INFO - Found keywords in paragraph 8
2025-03-13 09:52:35,168 - INFO - Found keyword '*ADD S&D*' in paragraph
2025-03-13 09:52:35,184 - INFO - Found keywords in paragraph 14
2025-03-13 09:52:35,184 - INFO - Found keyword '*ADD C&N*' in paragraph
2025-03-13 09:52:35,184 - INFO - Found keywords in paragraph 20
2025-03-13 09:52:35,184 - INFO - Found keyword '*ADD V&P*' in paragraph
2025-03-13 09:52:35,184 - INFO - Found keywords in paragraph 28
2025-03-13 09:52:35,184 - INFO - Found keyword '*ADD DD*' in paragraph
2025-03-13 09:52:35,232 - INFO - Successfully saved processed document: 2. Cover Letter.docx
2025-03-13 09:52:35,232 - INFO - Processing file: 3. Undertaking - Labour.docx
2025-03-13 09:52:35,247 - INFO - Successfully opened document: 3. Undertaking - Labour.docx
2025-03-13 09:52:35,247 - INFO - Found keywords in paragraph 1
2025-03-13 09:52:35,247 - INFO - Found keyword '*ADD C&N*' in paragraph
2025-03-13 09:52:35,247 - INFO - Found keywords in paragraph 4
2025-03-13 09:52:35,247 - INFO - Found keyword '*ADD P&R*' in paragraph
2025-03-13 09:52:35,247 - INFO - Found keywords in paragraph 16
2025-03-13 09:52:35,247 - INFO - Found keyword '*ADD DD*' in paragraph
2025-03-13 09:52:35,295 - INFO - Successfully saved processed document: 3. Undertaking - Labour.docx
2025-03-13 09:52:35,295 - INFO - Processing file: 4. Undertaking - Salaries.docx
2025-03-13 09:52:35,295 - INFO - Successfully opened document: 4. Undertaking - Salaries.docx
2025-03-13 09:52:35,295 - INFO - Found keywords in paragraph 1
2025-03-13 09:52:35,295 - INFO - Found keyword '*ADD C&N*' in paragraph
2025-03-13 09:52:35,295 - INFO - Found keywords in paragraph 4
2025-03-13 09:52:35,295 - INFO - Found keyword '*ADD P&R*' in paragraph
2025-03-13 09:52:35,311 - INFO - Found keywords in paragraph 16
2025-03-13 09:52:35,311 - INFO - Found keyword '*ADD DD*' in paragraph
2025-03-13 09:52:35,343 - INFO - Successfully saved processed document: 4. Undertaking - Salaries.docx
2025-03-13 09:52:35,343 - INFO - Processing file: 5. Local Content.docx
2025-03-13 09:52:35,359 - INFO - Successfully opened document: 5. Local Content.docx
2025-03-13 09:52:35,359 - INFO - Found keywords in paragraph 1
2025-03-13 09:52:35,359 - INFO - Found keyword '*ADD C&N*' in paragraph
2025-03-13 09:52:35,359 - INFO - Found keywords in paragraph 4
2025-03-13 09:52:35,359 - INFO - Found keyword '*ADD P&R*' in paragraph
2025-03-13 09:52:35,359 - INFO - Found keywords in paragraph 10
2025-03-13 09:52:35,359 - INFO - Found keyword '*ADD DD*' in paragraph
2025-03-13 09:52:35,407 - INFO - Successfully saved processed document: 5. Local Content.docx
2025-03-13 09:52:35,407 - INFO - Processing file: 6. Employment.docx
2025-03-13 09:52:35,407 - INFO - Successfully opened document: 6. Employment.docx
2025-03-13 09:52:35,423 - INFO - Found keywords in paragraph 1
2025-03-13 09:52:35,423 - INFO - Found keyword '*ADD C&N*' in paragraph
2025-03-13 09:52:35,423 - INFO - Found keywords in paragraph 4
2025-03-13 09:52:35,423 - INFO - Found keyword '*ADD P&R*' in paragraph
2025-03-13 09:52:35,423 - INFO - Found keywords in paragraph 10
2025-03-13 09:52:35,423 - INFO - Found keyword '*ADD DD*' in paragraph
2025-03-13 09:52:35,455 - INFO - Successfully saved processed document: 6. Employment.docx
2025-03-13 09:52:35,455 - INFO - Processing file: 7. Conflict Of Interest.docx
2025-03-13 09:52:35,470 - INFO - Successfully opened document: 7. Conflict Of Interest.docx
2025-03-13 09:52:35,470 - INFO - Found keywords in paragraph 1
2025-03-13 09:52:35,470 - INFO - Found keyword '*ADD C&N*' in paragraph
2025-03-13 09:52:35,470 - INFO - Found keywords in paragraph 4
2025-03-13 09:52:35,470 - INFO - Found keyword '*ADD P&R*' in paragraph
2025-03-13 09:52:35,470 - INFO - Found keywords in paragraph 10
2025-03-13 09:52:35,470 - INFO - Found keyword '*ADD DD*' in paragraph
2025-03-13 09:52:35,518 - INFO - Successfully saved processed document: 7. Conflict Of Interest.docx
2025-03-13 09:52:35,518 - INFO - Processing file: 8. Bid Requirements.docx
2025-03-13 09:52:35,518 - INFO - Successfully opened document: 8. Bid Requirements.docx
2025-03-13 09:52:35,518 - INFO - Found keywords in paragraph 1
2025-03-13 09:52:35,518 - INFO - Found keyword '*ADD C&N*' in paragraph
2025-03-13 09:52:35,518 - INFO - Found keywords in paragraph 4
2025-03-13 09:52:35,518 - INFO - Found keyword '*ADD P&R*' in paragraph
2025-03-13 09:52:35,534 - INFO - Found keywords in paragraph 10
2025-03-13 09:52:35,534 - INFO - Found keyword '*ADD DD*' in paragraph
2025-03-13 09:52:35,566 - INFO - Successfully saved processed document: 8. Bid Requirements.docx
2025-03-13 09:52:35,566 - INFO - Processing file: 9. All Declaration.docx
2025-03-13 09:52:35,582 - INFO - Successfully opened document: 9. All Declaration.docx
2025-03-13 09:52:35,582 - INFO - Found keywords in paragraph 1
2025-03-13 09:52:35,582 - INFO - Found keyword '*ADD C&N*' in paragraph
2025-03-13 09:52:35,582 - INFO - Found keywords in paragraph 4
2025-03-13 09:52:35,582 - INFO - Found keyword '*ADD P&R*' in paragraph
2025-03-13 09:52:35,582 - INFO - Found keywords in paragraph 14
2025-03-13 09:52:35,582 - INFO - Found keyword '*ADD DD*' in paragraph
2025-03-13 09:52:35,630 - INFO - Successfully saved processed document: 9. All Declaration.docx
2025-03-13 09:52:35,630 - INFO - Processing file: 1. Power Of Attorney.docx
2025-03-13 09:52:35,630 - INFO - Successfully opened document: 1. Power Of Attorney.docx
2025-03-13 09:52:35,630 - INFO - Found keywords in paragraph 3
2025-03-13 09:52:35,630 - INFO - Found keyword '*ADD P&R*' in paragraph
2025-03-13 09:52:35,630 - INFO - Found keywords in paragraph 6
2025-03-13 09:52:35,646 - INFO - Found keyword '*ADD P&R*' in paragraph
2025-03-13 09:52:35,646 - INFO - Found keywords in paragraph 7
2025-03-13 09:52:35,646 - INFO - Found keyword '*ADD C&N*' in paragraph
2025-03-13 09:52:35,646 - INFO - Found keyword '*ADD S&D*' in paragraph
2025-03-13 09:52:35,646 - INFO - Found keywords in paragraph 9
2025-03-13 09:52:35,646 - INFO - Found keyword '*ADD DD*' in paragraph
2025-03-13 09:52:35,678 - INFO - Successfully saved processed document: 1. Power Of Attorney.docx
2025-03-13 09:52:35,678 - INFO - Processing file: 2. Cover Letter.docx
2025-03-13 09:52:35,693 - INFO - Successfully opened document: 2. Cover Letter.docx
2025-03-13 09:52:35,693 - INFO - Found keywords in paragraph 1
2025-03-13 09:52:35,693 - INFO - Found keyword '*ADD DD*' in paragraph
2025-03-13 09:52:35,693 - INFO - Found keywords in paragraph 2
2025-03-13 09:52:35,693 - INFO - Found keyword '*ADD C&N*' in paragraph
2025-03-13 09:52:35,693 - INFO - Found keywords in paragraph 3
2025-03-13 09:52:35,693 - INFO - Found keyword '*ADD P&B*' in paragraph
2025-03-13 09:52:35,693 - INFO - Found keywords in paragraph 4
2025-03-13 09:52:35,693 - INFO - Found keyword '*ADD T*' in paragraph
2025-03-13 09:52:35,693 - INFO - Found keywords in paragraph 7
2025-03-13 09:52:35,693 - INFO - Found keyword '*ADD P&R*' in paragraph
2025-03-13 09:52:35,693 - INFO - Found keywords in paragraph 8
2025-03-13 09:52:35,693 - INFO - Found keyword '*ADD S&D*' in paragraph
2025-03-13 09:52:35,693 - INFO - Found keywords in paragraph 14
2025-03-13 09:52:35,693 - INFO - Found keyword '*ADD C&N*' in paragraph
2025-03-13 09:52:35,709 - INFO - Found keywords in paragraph 20
2025-03-13 09:52:35,709 - INFO - Found keyword '*ADD V&P*' in paragraph
2025-03-13 09:52:35,709 - INFO - Found keywords in paragraph 28
2025-03-13 09:52:35,709 - INFO - Found keyword '*ADD DD*' in paragraph
2025-03-13 09:52:35,756 - INFO - Successfully saved processed document: 2. Cover Letter.docx
2025-03-13 09:52:35,756 - INFO - Processing file: 3. Undertaking - Labour.docx
2025-03-13 09:52:35,756 - INFO - Successfully opened document: 3. Undertaking - Labour.docx
2025-03-13 09:52:35,756 - INFO - Found keywords in paragraph 1
2025-03-13 09:52:35,756 - INFO - Found keyword '*ADD C&N*' in paragraph
2025-03-13 09:52:35,756 - INFO - Found keywords in paragraph 4
2025-03-13 09:52:35,756 - INFO - Found keyword '*ADD P&R*' in paragraph
2025-03-13 09:52:35,756 - INFO - Found keywords in paragraph 16
2025-03-13 09:52:35,756 - INFO - Found keyword '*ADD DD*' in paragraph
2025-03-13 09:52:35,804 - INFO - Successfully saved processed document: 3. Undertaking - Labour.docx
2025-03-13 09:52:35,804 - INFO - Processing file: 4. Undertaking - Salaries.docx
2025-03-13 09:52:35,824 - INFO - Successfully opened document: 4. Undertaking - Salaries.docx
2025-03-13 09:52:35,825 - INFO - Found keywords in paragraph 1
2025-03-13 09:52:35,825 - INFO - Found keyword '*ADD C&N*' in paragraph
2025-03-13 09:52:35,826 - INFO - Found keywords in paragraph 4
2025-03-13 09:52:35,826 - INFO - Found keyword '*ADD P&R*' in paragraph
2025-03-13 09:52:35,827 - INFO - Found keywords in paragraph 16
2025-03-13 09:52:35,827 - INFO - Found keyword '*ADD DD*' in paragraph
2025-03-13 09:52:35,868 - INFO - Successfully saved processed document: 4. Undertaking - Salaries.docx
2025-03-13 09:52:35,868 - INFO - Processing file: 5. Local Content.docx
2025-03-13 09:52:35,883 - INFO - Successfully opened document: 5. Local Content.docx
2025-03-13 09:52:35,883 - INFO - Found keywords in paragraph 1
2025-03-13 09:52:35,883 - INFO - Found keyword '*ADD C&N*' in paragraph
2025-03-13 09:52:35,883 - INFO - Found keywords in paragraph 4
2025-03-13 09:52:35,883 - INFO - Found keyword '*ADD P&R*' in paragraph
2025-03-13 09:52:35,883 - INFO - Found keywords in paragraph 10
2025-03-13 09:52:35,883 - INFO - Found keyword '*ADD DD*' in paragraph
2025-03-13 09:52:35,931 - INFO - Successfully saved processed document: 5. Local Content.docx
2025-03-13 09:52:35,931 - INFO - Processing file: 6. Employment.docx
2025-03-13 09:52:35,941 - INFO - Successfully opened document: 6. Employment.docx
2025-03-13 09:52:35,941 - INFO - Found keywords in paragraph 1
2025-03-13 09:52:35,941 - INFO - Found keyword '*ADD C&N*' in paragraph
2025-03-13 09:52:35,941 - INFO - Found keywords in paragraph 4
2025-03-13 09:52:35,941 - INFO - Found keyword '*ADD P&R*' in paragraph
2025-03-13 09:52:35,941 - INFO - Found keywords in paragraph 10
2025-03-13 09:52:35,941 - INFO - Found keyword '*ADD DD*' in paragraph
2025-03-13 09:52:35,978 - INFO - Successfully saved processed document: 6. Employment.docx
2025-03-13 09:52:35,978 - INFO - Processing file: 7. Conflict Of Interest.docx
2025-03-13 09:52:35,994 - INFO - Successfully opened document: 7. Conflict Of Interest.docx
2025-03-13 09:52:35,994 - INFO - Found keywords in paragraph 1
2025-03-13 09:52:35,994 - INFO - Found keyword '*ADD C&N*' in paragraph
2025-03-13 09:52:35,994 - INFO - Found keywords in paragraph 4
2025-03-13 09:52:35,994 - INFO - Found keyword '*ADD P&R*' in paragraph
2025-03-13 09:52:35,994 - INFO - Found keywords in paragraph 10
2025-03-13 09:52:35,994 - INFO - Found keyword '*ADD DD*' in paragraph
2025-03-13 09:52:36,041 - INFO - Successfully saved processed document: 7. Conflict Of Interest.docx
2025-03-13 09:52:36,041 - INFO - Processing file: 8. Bid Requirements.docx
2025-03-13 09:52:36,041 - INFO - Successfully opened document: 8. Bid Requirements.docx
2025-03-13 09:52:36,041 - INFO - Found keywords in paragraph 1
2025-03-13 09:52:36,041 - INFO - Found keyword '*ADD C&N*' in paragraph
2025-03-13 09:52:36,041 - INFO - Found keywords in paragraph 4
2025-03-13 09:52:36,041 - INFO - Found keyword '*ADD P&R*' in paragraph
2025-03-13 09:52:36,041 - INFO - Found keywords in paragraph 10
2025-03-13 09:52:36,041 - INFO - Found keyword '*ADD DD*' in paragraph
2025-03-13 09:52:36,088 - INFO - Successfully saved processed document: 8. Bid Requirements.docx
2025-03-13 09:52:36,088 - INFO - Processing file: 9. All Declaration.docx
2025-03-13 09:52:36,104 - INFO - Successfully opened document: 9. All Declaration.docx
2025-03-13 09:52:36,104 - INFO - Found keywords in paragraph 1
2025-03-13 09:52:36,104 - INFO - Found keyword '*ADD C&N*' in paragraph
2025-03-13 09:52:36,104 - INFO - Found keywords in paragraph 4
2025-03-13 09:52:36,104 - INFO - Found keyword '*ADD P&R*' in paragraph
2025-03-13 09:52:36,104 - INFO - Found keywords in paragraph 14
2025-03-13 09:52:36,104 - INFO - Found keyword '*ADD DD*' in paragraph
2025-03-13 09:52:36,152 - INFO - Successfully saved processed document: 9. All Declaration.docx
2025-03-13 09:52:36,152 - INFO - Document processing completed successfully
2025-03-13 10:00:21,548 - INFO - Starting document processing from: C:\Users\AbrahamCEO\Desktop\projects\new-docs-processor\Cover Letters
2025-03-13 10:00:21,548 - INFO - Output directory will be in: C:\Users\AbrahamCEO\Downloads\Processed_Documents
2025-03-13 10:00:21,565 - INFO - Replacement keywords to process:
2025-03-13 10:00:21,565 - INFO - - *ADD C&N*
2025-03-13 10:00:21,565 - INFO - - *ADD S&D*
2025-03-13 10:00:21,565 - INFO - - *ADD P&R*
2025-03-13 10:00:21,565 - INFO - - *ADD DD*
2025-03-13 10:00:21,565 - INFO - - *ADD P&B*
2025-03-13 10:00:21,565 - INFO - - *ADD L*
2025-03-13 10:00:21,565 - INFO - - *ADD T*
2025-03-13 10:00:21,565 - INFO - - *ADD V&P*
2025-03-13 10:00:21,565 - INFO - Found 22 .docx files to process
2025-03-13 10:00:21,565 - INFO - Processing file: 10. Twinrain Table of Contents Section Covers.docx
2025-03-13 10:00:21,595 - INFO - Successfully opened document: 10. Twinrain Table of Contents Section Covers.docx
2025-03-13 10:00:21,595 - INFO - Found keywords in header
2025-03-13 10:00:21,595 - INFO - Found keyword '*ADD P&R*' in paragraph
2025-03-13 10:00:21,595 - INFO - Found keywords in footer
2025-03-13 10:00:21,595 - INFO - Found keyword '*ADD C&N*' in paragraph
2025-03-13 10:00:21,595 - INFO - Found keywords in paragraph 16
2025-03-13 10:00:21,595 - INFO - Found keyword '*ADD C&N*' in paragraph
2025-03-13 10:00:21,595 - INFO - Found keywords in paragraph 17
2025-03-13 10:00:21,595 - INFO - Found keyword '*ADD P&R*' in paragraph
2025-03-13 10:00:21,595 - INFO - Found keywords in paragraph 19
2025-03-13 10:00:21,595 - INFO - Found keyword '*ADD S&D*' in paragraph
2025-03-13 10:00:21,595 - INFO - Found keywords in paragraph 21
2025-03-13 10:00:21,595 - INFO - Found keyword '*ADD L*' in paragraph
2025-03-13 10:00:21,627 - INFO - Successfully saved processed document: 10. Twinrain Table of Contents Section Covers.docx
2025-03-13 10:00:21,627 - INFO - Processing file: 11. Cover Page.docx
2025-03-13 10:00:21,643 - INFO - Successfully opened document: 11. Cover Page.docx
2025-03-13 10:00:21,643 - INFO - Found keywords in paragraph 4
2025-03-13 10:00:21,643 - INFO - Found keyword '*ADD P&R*' in paragraph
2025-03-13 10:00:21,643 - INFO - Found keywords in paragraph 7
2025-03-13 10:00:21,643 - INFO - Found keyword '*ADD S&D*' in paragraph
2025-03-13 10:00:21,643 - INFO - Found keywords in paragraph 9
2025-03-13 10:00:21,643 - INFO - Found keyword '*ADD C&N*' in paragraph
2025-03-13 10:00:21,643 - INFO - Found keywords in paragraph 11
2025-03-13 10:00:21,643 - INFO - Found keyword '*ADD L*' in paragraph
2025-03-13 10:00:21,643 - INFO - Found keywords in paragraph 13
2025-03-13 10:00:21,643 - INFO - Found keyword '*ADD DD*' in paragraph
2025-03-13 10:00:21,690 - INFO - Successfully saved processed document: 11. Cover Page.docx
2025-03-13 10:00:21,690 - INFO - Processing file: 10. Twinrain Table of Contents Section Covers.docx
2025-03-13 10:00:21,706 - INFO - Successfully opened document: 10. Twinrain Table of Contents Section Covers.docx
2025-03-13 10:00:21,706 - INFO - Found keywords in header
2025-03-13 10:00:21,706 - INFO - Found keyword '*ADD P&R*' in paragraph
2025-03-13 10:00:21,706 - INFO - Found keywords in footer
2025-03-13 10:00:21,706 - INFO - Found keyword '*ADD C&N*' in paragraph
2025-03-13 10:00:21,722 - INFO - Found keywords in paragraph 16
2025-03-13 10:00:21,722 - INFO - Found keyword '*ADD C&N*' in paragraph
2025-03-13 10:00:21,722 - INFO - Found keywords in paragraph 17
2025-03-13 10:00:21,722 - INFO - Found keyword '*ADD P&R*' in paragraph
2025-03-13 10:00:21,722 - INFO - Found keywords in paragraph 19
2025-03-13 10:00:21,722 - INFO - Found keyword '*ADD S&D*' in paragraph
2025-03-13 10:00:21,722 - INFO - Found keywords in paragraph 21
2025-03-13 10:00:21,722 - INFO - Found keyword '*ADD L*' in paragraph
2025-03-13 10:00:21,738 - INFO - Successfully saved processed document: 10. Twinrain Table of Contents Section Covers.docx
2025-03-13 10:00:21,738 - INFO - Processing file: 11. Cover Page.docx
2025-03-13 10:00:21,754 - INFO - Successfully opened document: 11. Cover Page.docx
2025-03-13 10:00:21,754 - INFO - Found keywords in paragraph 4
2025-03-13 10:00:21,754 - INFO - Found keyword '*ADD P&R*' in paragraph
2025-03-13 10:00:21,770 - INFO - Found keywords in paragraph 7
2025-03-13 10:00:21,770 - INFO - Found keyword '*ADD S&D*' in paragraph
2025-03-13 10:00:21,770 - INFO - Found keywords in paragraph 9
2025-03-13 10:00:21,770 - INFO - Found keyword '*ADD C&N*' in paragraph
2025-03-13 10:00:21,770 - INFO - Found keywords in paragraph 11
2025-03-13 10:00:21,770 - INFO - Found keyword '*ADD L*' in paragraph
2025-03-13 10:00:21,770 - INFO - Found keywords in paragraph 13
2025-03-13 10:00:21,770 - INFO - Found keyword '*ADD DD*' in paragraph
2025-03-13 10:00:21,818 - INFO - Successfully saved processed document: 11. Cover Page.docx
2025-03-13 10:00:21,818 - INFO - Processing file: 1. Power Of Attorney.docx
2025-03-13 10:00:21,818 - INFO - Successfully opened document: 1. Power Of Attorney.docx
2025-03-13 10:00:21,818 - INFO - Found keywords in paragraph 5
2025-03-13 10:00:21,818 - INFO - Found keyword '*ADD P&R*' in paragraph
2025-03-13 10:00:21,818 - INFO - Found keywords in paragraph 8
2025-03-13 10:00:21,818 - INFO - Found keyword '*ADD P&R*' in paragraph
2025-03-13 10:00:21,833 - INFO - Found keywords in paragraph 9
2025-03-13 10:00:21,833 - INFO - Found keyword '*ADD C&N*' in paragraph
2025-03-13 10:00:21,833 - INFO - Found keyword '*ADD S&D*' in paragraph
2025-03-13 10:00:21,833 - INFO - Found keywords in paragraph 11
2025-03-13 10:00:21,833 - INFO - Found keyword '*ADD DD*' in paragraph
2025-03-13 10:00:21,865 - INFO - Successfully saved processed document: 1. Power Of Attorney.docx
2025-03-13 10:00:21,865 - INFO - Processing file: 2. Cover Letter.docx
2025-03-13 10:00:21,881 - INFO - Successfully opened document: 2. Cover Letter.docx
2025-03-13 10:00:21,881 - INFO - Found keywords in paragraph 1
2025-03-13 10:00:21,881 - INFO - Found keyword '*ADD DD*' in paragraph
2025-03-13 10:00:21,881 - INFO - Found keywords in paragraph 2
2025-03-13 10:00:21,881 - INFO - Found keyword '*ADD C&N*' in paragraph
2025-03-13 10:00:21,881 - INFO - Found keywords in paragraph 3
2025-03-13 10:00:21,881 - INFO - Found keyword '*ADD P&B*' in paragraph
2025-03-13 10:00:21,881 - INFO - Found keywords in paragraph 4
2025-03-13 10:00:21,881 - INFO - Found keyword '*ADD T*' in paragraph
2025-03-13 10:00:21,881 - INFO - Found keywords in paragraph 7
2025-03-13 10:00:21,881 - INFO - Found keyword '*ADD P&R*' in paragraph
2025-03-13 10:00:21,881 - INFO - Found keywords in paragraph 8
2025-03-13 10:00:21,881 - INFO - Found keyword '*ADD S&D*' in paragraph
2025-03-13 10:00:21,881 - INFO - Found keywords in paragraph 14
2025-03-13 10:00:21,881 - INFO - Found keyword '*ADD C&N*' in paragraph
2025-03-13 10:00:21,897 - INFO - Found keywords in paragraph 20
2025-03-13 10:00:21,897 - INFO - Found keyword '*ADD V&P*' in paragraph
2025-03-13 10:00:21,897 - INFO - Found keywords in paragraph 28
2025-03-13 10:00:21,897 - INFO - Found keyword '*ADD DD*' in paragraph
2025-03-13 10:00:21,945 - INFO - Successfully saved processed document: 2. Cover Letter.docx
2025-03-13 10:00:21,945 - INFO - Processing file: 3. Undertaking - Labour.docx
2025-03-13 10:00:21,945 - INFO - Successfully opened document: 3. Undertaking - Labour.docx
2025-03-13 10:00:21,945 - INFO - Found keywords in paragraph 1
2025-03-13 10:00:21,945 - INFO - Found keyword '*ADD C&N*' in paragraph
2025-03-13 10:00:21,945 - INFO - Found keywords in paragraph 4
2025-03-13 10:00:21,945 - INFO - Found keyword '*ADD P&R*' in paragraph
2025-03-13 10:00:21,961 - INFO - Found keywords in paragraph 16
2025-03-13 10:00:21,961 - INFO - Found keyword '*ADD DD*' in paragraph
2025-03-13 10:00:21,993 - INFO - Successfully saved processed document: 3. Undertaking - Labour.docx
2025-03-13 10:00:21,993 - INFO - Processing file: 4. Undertaking - Salaries.docx
2025-03-13 10:00:22,009 - INFO - Successfully opened document: 4. Undertaking - Salaries.docx
2025-03-13 10:00:22,009 - INFO - Found keywords in paragraph 1
2025-03-13 10:00:22,009 - INFO - Found keyword '*ADD C&N*' in paragraph
2025-03-13 10:00:22,009 - INFO - Found keywords in paragraph 4
2025-03-13 10:00:22,009 - INFO - Found keyword '*ADD P&R*' in paragraph
2025-03-13 10:00:22,009 - INFO - Found keywords in paragraph 16
2025-03-13 10:00:22,009 - INFO - Found keyword '*ADD DD*' in paragraph
2025-03-13 10:00:22,057 - INFO - Successfully saved processed document: 4. Undertaking - Salaries.docx
2025-03-13 10:00:22,057 - INFO - Processing file: 5. Local Content.docx
2025-03-13 10:00:22,057 - INFO - Successfully opened document: 5. Local Content.docx
2025-03-13 10:00:22,057 - INFO - Found keywords in paragraph 1
2025-03-13 10:00:22,057 - INFO - Found keyword '*ADD C&N*' in paragraph
2025-03-13 10:00:22,057 - INFO - Found keywords in paragraph 4
2025-03-13 10:00:22,057 - INFO - Found keyword '*ADD P&R*' in paragraph
2025-03-13 10:00:22,073 - INFO - Found keywords in paragraph 10
2025-03-13 10:00:22,073 - INFO - Found keyword '*ADD DD*' in paragraph
2025-03-13 10:00:22,105 - INFO - Successfully saved processed document: 5. Local Content.docx
2025-03-13 10:00:22,105 - INFO - Processing file: 6. Employment.docx
2025-03-13 10:00:22,121 - INFO - Successfully opened document: 6. Employment.docx
2025-03-13 10:00:22,121 - INFO - Found keywords in paragraph 1
2025-03-13 10:00:22,121 - INFO - Found keyword '*ADD C&N*' in paragraph
2025-03-13 10:00:22,121 - INFO - Found keywords in paragraph 4
2025-03-13 10:00:22,121 - INFO - Found keyword '*ADD P&R*' in paragraph
2025-03-13 10:00:22,121 - INFO - Found keywords in paragraph 10
2025-03-13 10:00:22,121 - INFO - Found keyword '*ADD DD*' in paragraph
2025-03-13 10:00:22,168 - INFO - Successfully saved processed document: 6. Employment.docx
2025-03-13 10:00:22,168 - INFO - Processing file: 7. Conflict Of Interest.docx
2025-03-13 10:00:22,168 - INFO - Successfully opened document: 7. Conflict Of Interest.docx
2025-03-13 10:00:22,168 - INFO - Found keywords in paragraph 1
2025-03-13 10:00:22,168 - INFO - Found keyword '*ADD C&N*' in paragraph
2025-03-13 10:00:22,168 - INFO - Found keywords in paragraph 4
2025-03-13 10:00:22,168 - INFO - Found keyword '*ADD P&R*' in paragraph
2025-03-13 10:00:22,168 - INFO - Found keywords in paragraph 10
2025-03-13 10:00:22,168 - INFO - Found keyword '*ADD DD*' in paragraph
2025-03-13 10:00:22,216 - INFO - Successfully saved processed document: 7. Conflict Of Interest.docx
2025-03-13 10:00:22,216 - INFO - Processing file: 8. Bid Requirements.docx
2025-03-13 10:00:22,232 - INFO - Successfully opened document: 8. Bid Requirements.docx
2025-03-13 10:00:22,232 - INFO - Found keywords in paragraph 1
2025-03-13 10:00:22,232 - INFO - Found keyword '*ADD C&N*' in paragraph
2025-03-13 10:00:22,232 - INFO - Found keywords in paragraph 4
2025-03-13 10:00:22,232 - INFO - Found keyword '*ADD P&R*' in paragraph
2025-03-13 10:00:22,232 - INFO - Found keywords in paragraph 10
2025-03-13 10:00:22,232 - INFO - Found keyword '*ADD DD*' in paragraph
2025-03-13 10:00:22,280 - INFO - Successfully saved processed document: 8. Bid Requirements.docx
2025-03-13 10:00:22,280 - INFO - Processing file: 9. All Declaration.docx
2025-03-13 10:00:22,280 - INFO - Successfully opened document: 9. All Declaration.docx
2025-03-13 10:00:22,280 - INFO - Found keywords in paragraph 1
2025-03-13 10:00:22,280 - INFO - Found keyword '*ADD C&N*' in paragraph
2025-03-13 10:00:22,280 - INFO - Found keywords in paragraph 4
2025-03-13 10:00:22,280 - INFO - Found keyword '*ADD P&R*' in paragraph
2025-03-13 10:00:22,296 - INFO - Found keywords in paragraph 14
2025-03-13 10:00:22,296 - INFO - Found keyword '*ADD DD*' in paragraph
2025-03-13 10:00:22,328 - INFO - Successfully saved processed document: 9. All Declaration.docx
2025-03-13 10:00:22,328 - INFO - Processing file: 1. Power Of Attorney.docx
2025-03-13 10:00:22,344 - INFO - Successfully opened document: 1. Power Of Attorney.docx
2025-03-13 10:00:22,344 - INFO - Found keywords in paragraph 3
2025-03-13 10:00:22,344 - INFO - Found keyword '*ADD P&R*' in paragraph
2025-03-13 10:00:22,344 - INFO - Found keywords in paragraph 6
2025-03-13 10:00:22,344 - INFO - Found keyword '*ADD P&R*' in paragraph
2025-03-13 10:00:22,344 - INFO - Found keywords in paragraph 7
2025-03-13 10:00:22,344 - INFO - Found keyword '*ADD C&N*' in paragraph
2025-03-13 10:00:22,344 - INFO - Found keyword '*ADD S&D*' in paragraph
2025-03-13 10:00:22,344 - INFO - Found keywords in paragraph 9
2025-03-13 10:00:22,344 - INFO - Found keyword '*ADD DD*' in paragraph
2025-03-13 10:00:22,391 - INFO - Successfully saved processed document: 1. Power Of Attorney.docx
2025-03-13 10:00:22,391 - INFO - Processing file: 2. Cover Letter.docx
2025-03-13 10:00:22,407 - INFO - Successfully opened document: 2. Cover Letter.docx
2025-03-13 10:00:22,407 - INFO - Found keywords in paragraph 1
2025-03-13 10:00:22,407 - INFO - Found keyword '*ADD DD*' in paragraph
2025-03-13 10:00:22,407 - INFO - Found keywords in paragraph 2
2025-03-13 10:00:22,407 - INFO - Found keyword '*ADD C&N*' in paragraph
2025-03-13 10:00:22,407 - INFO - Found keywords in paragraph 3
2025-03-13 10:00:22,407 - INFO - Found keyword '*ADD P&B*' in paragraph
2025-03-13 10:00:22,407 - INFO - Found keywords in paragraph 4
2025-03-13 10:00:22,407 - INFO - Found keyword '*ADD T*' in paragraph
2025-03-13 10:00:22,407 - INFO - Found keywords in paragraph 7
2025-03-13 10:00:22,407 - INFO - Found keyword '*ADD P&R*' in paragraph
2025-03-13 10:00:22,407 - INFO - Found keywords in paragraph 8
2025-03-13 10:00:22,407 - INFO - Found keyword '*ADD S&D*' in paragraph
2025-03-13 10:00:22,407 - INFO - Found keywords in paragraph 14
2025-03-13 10:00:22,407 - INFO - Found keyword '*ADD C&N*' in paragraph
2025-03-13 10:00:22,407 - INFO - Found keywords in paragraph 20
2025-03-13 10:00:22,407 - INFO - Found keyword '*ADD V&P*' in paragraph
2025-03-13 10:00:22,407 - INFO - Found keywords in paragraph 28
2025-03-13 10:00:22,407 - INFO - Found keyword '*ADD DD*' in paragraph
2025-03-13 10:00:22,455 - INFO - Successfully saved processed document: 2. Cover Letter.docx
2025-03-13 10:00:22,455 - INFO - Processing file: 3. Undertaking - Labour.docx
2025-03-13 10:00:22,477 - INFO - Successfully opened document: 3. Undertaking - Labour.docx
2025-03-13 10:00:22,479 - INFO - Found keywords in paragraph 1
2025-03-13 10:00:22,479 - INFO - Found keyword '*ADD C&N*' in paragraph
2025-03-13 10:00:22,479 - INFO - Found keywords in paragraph 4
2025-03-13 10:00:22,479 - INFO - Found keyword '*ADD P&R*' in paragraph
2025-03-13 10:00:22,481 - INFO - Found keywords in paragraph 16
2025-03-13 10:00:22,481 - INFO - Found keyword '*ADD DD*' in paragraph
2025-03-13 10:00:22,522 - INFO - Successfully saved processed document: 3. Undertaking - Labour.docx
2025-03-13 10:00:22,522 - INFO - Processing file: 4. Undertaking - Salaries.docx
2025-03-13 10:00:22,532 - INFO - Successfully opened document: 4. Undertaking - Salaries.docx
2025-03-13 10:00:22,534 - INFO - Found keywords in paragraph 1
2025-03-13 10:00:22,534 - INFO - Found keyword '*ADD C&N*' in paragraph
2025-03-13 10:00:22,536 - INFO - Found keywords in paragraph 4
2025-03-13 10:00:22,536 - INFO - Found keyword '*ADD P&R*' in paragraph
2025-03-13 10:00:22,538 - INFO - Found keywords in paragraph 16
2025-03-13 10:00:22,538 - INFO - Found keyword '*ADD DD*' in paragraph
2025-03-13 10:00:22,581 - INFO - Successfully saved processed document: 4. Undertaking - Salaries.docx
2025-03-13 10:00:22,581 - INFO - Processing file: 5. Local Content.docx
2025-03-13 10:00:22,581 - INFO - Successfully opened document: 5. Local Content.docx
2025-03-13 10:00:22,581 - INFO - Found keywords in paragraph 1
2025-03-13 10:00:22,581 - INFO - Found keyword '*ADD C&N*' in paragraph
2025-03-13 10:00:22,581 - INFO - Found keywords in paragraph 4
2025-03-13 10:00:22,581 - INFO - Found keyword '*ADD P&R*' in paragraph
2025-03-13 10:00:22,581 - INFO - Found keywords in paragraph 10
2025-03-13 10:00:22,581 - INFO - Found keyword '*ADD DD*' in paragraph
2025-03-13 10:00:22,629 - INFO - Successfully saved processed document: 5. Local Content.docx
2025-03-13 10:00:22,629 - INFO - Processing file: 6. Employment.docx
2025-03-13 10:00:22,645 - INFO - Successfully opened document: 6. Employment.docx
2025-03-13 10:00:22,645 - INFO - Found keywords in paragraph 1
2025-03-13 10:00:22,645 - INFO - Found keyword '*ADD C&N*' in paragraph
2025-03-13 10:00:22,645 - INFO - Found keywords in paragraph 4
2025-03-13 10:00:22,645 - INFO - Found keyword '*ADD P&R*' in paragraph
2025-03-13 10:00:22,645 - INFO - Found keywords in paragraph 10
2025-03-13 10:00:22,645 - INFO - Found keyword '*ADD DD*' in paragraph
2025-03-13 10:00:22,702 - INFO - Successfully saved processed document: 6. Employment.docx
2025-03-13 10:00:22,703 - INFO - Processing file: 7. Conflict Of Interest.docx
2025-03-13 10:00:22,718 - INFO - Successfully opened document: 7. Conflict Of Interest.docx
2025-03-13 10:00:22,719 - INFO - Found keywords in paragraph 1
2025-03-13 10:00:22,719 - INFO - Found keyword '*ADD C&N*' in paragraph
2025-03-13 10:00:22,721 - INFO - Found keywords in paragraph 4
2025-03-13 10:00:22,721 - INFO - Found keyword '*ADD P&R*' in paragraph
2025-03-13 10:00:22,722 - INFO - Found keywords in paragraph 10
2025-03-13 10:00:22,722 - INFO - Found keyword '*ADD DD*' in paragraph
2025-03-13 10:00:22,765 - INFO - Successfully saved processed document: 7. Conflict Of Interest.docx
2025-03-13 10:00:22,765 - INFO - Processing file: 8. Bid Requirements.docx
2025-03-13 10:00:22,776 - INFO - Successfully opened document: 8. Bid Requirements.docx
2025-03-13 10:00:22,778 - INFO - Found keywords in paragraph 1
2025-03-13 10:00:22,778 - INFO - Found keyword '*ADD C&N*' in paragraph
2025-03-13 10:00:22,779 - INFO - Found keywords in paragraph 4
2025-03-13 10:00:22,779 - INFO - Found keyword '*ADD P&R*' in paragraph
2025-03-13 10:00:22,781 - INFO - Found keywords in paragraph 10
2025-03-13 10:00:22,781 - INFO - Found keyword '*ADD DD*' in paragraph
2025-03-13 10:00:22,823 - INFO - Successfully saved processed document: 8. Bid Requirements.docx
2025-03-13 10:00:22,824 - INFO - Processing file: 9. All Declaration.docx
2025-03-13 10:00:22,830 - INFO - Successfully opened document: 9. All Declaration.docx
2025-03-13 10:00:22,830 - INFO - Found keywords in paragraph 1
2025-03-13 10:00:22,830 - INFO - Found keyword '*ADD C&N*' in paragraph
2025-03-13 10:00:22,830 - INFO - Found keywords in paragraph 4
2025-03-13 10:00:22,830 - INFO - Found keyword '*ADD P&R*' in paragraph
2025-03-13 10:00:22,830 - INFO - Found keywords in paragraph 14
2025-03-13 10:00:22,830 - INFO - Found keyword '*ADD DD*' in paragraph
2025-03-13 10:00:22,878 - INFO - Successfully saved processed document: 9. All Declaration.docx
2025-03-13 10:00:22,878 - INFO - Document processing completed successfully
2025-03-13 10:09:55,078 - INFO - Successfully opened document: 10. Twinrain Table of Contents Section Covers.docx
2025-03-13 10:09:55,078 - INFO - Found keywords in header
2025-03-13 10:09:55,078 - INFO - Found keyword '*ADD P&R*' in paragraph
2025-03-13 10:09:55,078 - INFO - Found keywords in footer
2025-03-13 10:09:55,078 - INFO - Found keyword '*ADD C&N*' in paragraph
2025-03-13 10:09:55,078 - INFO - Found keywords in paragraph 16
2025-03-13 10:09:55,078 - INFO - Found keyword '*ADD C&N*' in paragraph
2025-03-13 10:09:55,078 - INFO - Found keywords in paragraph 17
2025-03-13 10:09:55,078 - INFO - Found keyword '*ADD P&R*' in paragraph
2025-03-13 10:09:55,078 - INFO - Found keywords in paragraph 19
2025-03-13 10:09:55,078 - INFO - Found keyword '*ADD S&D*' in paragraph
2025-03-13 10:09:55,078 - INFO - Found keywords in paragraph 21
2025-03-13 10:09:55,078 - INFO - Found keyword '*ADD L*' in paragraph
2025-03-13 10:09:55,115 - INFO - Successfully saved processed document: 10. Twinrain Table of Contents Section Covers.docx
2025-03-13 10:09:55,142 - INFO - Successfully opened document: 11. Cover Page.docx
2025-03-13 10:09:55,142 - INFO - Found keywords in paragraph 4
2025-03-13 10:09:55,142 - INFO - Found keyword '*ADD P&R*' in paragraph
2025-03-13 10:09:55,142 - INFO - Found keywords in paragraph 7
2025-03-13 10:09:55,142 - INFO - Found keyword '*ADD S&D*' in paragraph
2025-03-13 10:09:55,142 - INFO - Found keywords in paragraph 9
2025-03-13 10:09:55,142 - INFO - Found keyword '*ADD C&N*' in paragraph
2025-03-13 10:09:55,142 - INFO - Found keywords in paragraph 11
2025-03-13 10:09:55,158 - INFO - Found keyword '*ADD L*' in paragraph
2025-03-13 10:09:55,158 - INFO - Found keywords in paragraph 13
2025-03-13 10:09:55,158 - INFO - Found keyword '*ADD DD*' in paragraph
2025-03-13 10:09:55,206 - INFO - Successfully saved processed document: 11. Cover Page.docx
2025-03-13 10:09:55,206 - INFO - Successfully opened document: 10. Twinrain Table of Contents Section Covers.docx
2025-03-13 10:09:55,206 - INFO - Found keywords in header
2025-03-13 10:09:55,206 - INFO - Found keyword '*ADD P&R*' in paragraph
2025-03-13 10:09:55,206 - INFO - Found keywords in footer
2025-03-13 10:09:55,206 - INFO - Found keyword '*ADD C&N*' in paragraph
2025-03-13 10:09:55,221 - INFO - Found keywords in paragraph 16
2025-03-13 10:09:55,221 - INFO - Found keyword '*ADD C&N*' in paragraph
2025-03-13 10:09:55,221 - INFO - Found keywords in paragraph 17
2025-03-13 10:09:55,221 - INFO - Found keyword '*ADD P&R*' in paragraph
2025-03-13 10:09:55,221 - INFO - Found keywords in paragraph 19
2025-03-13 10:09:55,221 - INFO - Found keyword '*ADD S&D*' in paragraph
2025-03-13 10:09:55,221 - INFO - Found keywords in paragraph 21
2025-03-13 10:09:55,221 - INFO - Found keyword '*ADD L*' in paragraph
2025-03-13 10:09:55,237 - INFO - Successfully saved processed document: 10. Twinrain Table of Contents Section Covers.docx
2025-03-13 10:09:55,253 - INFO - Successfully opened document: 11. Cover Page.docx
2025-03-13 10:09:55,253 - INFO - Found keywords in paragraph 4
2025-03-13 10:09:55,253 - INFO - Found keyword '*ADD P&R*' in paragraph
2025-03-13 10:09:55,253 - INFO - Found keywords in paragraph 7
2025-03-13 10:09:55,253 - INFO - Found keyword '*ADD S&D*' in paragraph
2025-03-13 10:09:55,269 - INFO - Found keywords in paragraph 9
2025-03-13 10:09:55,269 - INFO - Found keyword '*ADD C&N*' in paragraph
2025-03-13 10:09:55,269 - INFO - Found keywords in paragraph 11
2025-03-13 10:09:55,269 - INFO - Found keyword '*ADD L*' in paragraph
2025-03-13 10:09:55,269 - INFO - Found keywords in paragraph 13
2025-03-13 10:09:55,269 - INFO - Found keyword '*ADD DD*' in paragraph
2025-03-13 10:09:55,316 - INFO - Successfully saved processed document: 11. Cover Page.docx
2025-03-13 10:09:55,332 - INFO - Successfully opened document: 1. Power Of Attorney.docx
2025-03-13 10:09:55,332 - INFO - Found keywords in paragraph 5
2025-03-13 10:09:55,332 - INFO - Found keyword '*ADD P&R*' in paragraph
2025-03-13 10:09:55,332 - INFO - Found keywords in paragraph 8
2025-03-13 10:09:55,332 - INFO - Found keyword '*ADD P&R*' in paragraph
2025-03-13 10:09:55,332 - INFO - Found keywords in paragraph 9
2025-03-13 10:09:55,332 - INFO - Found keyword '*ADD C&N*' in paragraph
2025-03-13 10:09:55,332 - INFO - Found keyword '*ADD S&D*' in paragraph
2025-03-13 10:09:55,332 - INFO - Found keywords in paragraph 11
2025-03-13 10:09:55,332 - INFO - Found keyword '*ADD DD*' in paragraph
2025-03-13 10:09:55,380 - INFO - Successfully saved processed document: 1. Power Of Attorney.docx
2025-03-13 10:09:55,395 - INFO - Successfully opened document: 2. Cover Letter.docx
2025-03-13 10:09:55,395 - INFO - Found keywords in paragraph 1
2025-03-13 10:09:55,395 - INFO - Found keyword '*ADD DD*' in paragraph
2025-03-13 10:09:55,395 - INFO - Found keywords in paragraph 2
2025-03-13 10:09:55,395 - INFO - Found keyword '*ADD C&N*' in paragraph
2025-03-13 10:09:55,395 - INFO - Found keywords in paragraph 3
2025-03-13 10:09:55,395 - INFO - Found keyword '*ADD P&B*' in paragraph
2025-03-13 10:09:55,395 - INFO - Found keywords in paragraph 4
2025-03-13 10:09:55,395 - INFO - Found keyword '*ADD T*' in paragraph
2025-03-13 10:09:55,395 - INFO - Found keywords in paragraph 7
2025-03-13 10:09:55,395 - INFO - Found keyword '*ADD P&R*' in paragraph
2025-03-13 10:09:55,395 - INFO - Found keywords in paragraph 8
2025-03-13 10:09:55,395 - INFO - Found keyword '*ADD S&D*' in paragraph
2025-03-13 10:09:55,395 - INFO - Found keywords in paragraph 14
2025-03-13 10:09:55,395 - INFO - Found keyword '*ADD C&N*' in paragraph
2025-03-13 10:09:55,395 - INFO - Found keywords in paragraph 20
2025-03-13 10:09:55,395 - INFO - Found keyword '*ADD V&P*' in paragraph
2025-03-13 10:09:55,395 - INFO - Found keywords in paragraph 28
2025-03-13 10:09:55,395 - INFO - Found keyword '*ADD DD*' in paragraph
2025-03-13 10:09:55,443 - INFO - Successfully saved processed document: 2. Cover Letter.docx
2025-03-13 10:09:55,459 - INFO - Successfully opened document: 3. Undertaking - Labour.docx
2025-03-13 10:09:55,459 - INFO - Found keywords in paragraph 1
2025-03-13 10:09:55,459 - INFO - Found keyword '*ADD C&N*' in paragraph
2025-03-13 10:09:55,459 - INFO - Found keywords in paragraph 4
2025-03-13 10:09:55,459 - INFO - Found keyword '*ADD P&R*' in paragraph
2025-03-13 10:09:55,459 - INFO - Found keywords in paragraph 16
2025-03-13 10:09:55,459 - INFO - Found keyword '*ADD DD*' in paragraph
2025-03-13 10:09:55,507 - INFO - Successfully saved processed document: 3. Undertaking - Labour.docx
2025-03-13 10:09:55,507 - INFO - Successfully opened document: 4. Undertaking - Salaries.docx
2025-03-13 10:09:55,507 - INFO - Found keywords in paragraph 1
2025-03-13 10:09:55,507 - INFO - Found keyword '*ADD C&N*' in paragraph
2025-03-13 10:09:55,523 - INFO - Found keywords in paragraph 4
2025-03-13 10:09:55,523 - INFO - Found keyword '*ADD P&R*' in paragraph
2025-03-13 10:09:55,523 - INFO - Found keywords in paragraph 16
2025-03-13 10:09:55,523 - INFO - Found keyword '*ADD DD*' in paragraph
2025-03-13 10:09:55,555 - INFO - Successfully saved processed document: 4. Undertaking - Salaries.docx
2025-03-13 10:09:55,570 - INFO - Successfully opened document: 5. Local Content.docx
2025-03-13 10:09:55,570 - INFO - Found keywords in paragraph 1
2025-03-13 10:09:55,570 - INFO - Found keyword '*ADD C&N*' in paragraph
2025-03-13 10:09:55,570 - INFO - Found keywords in paragraph 4
2025-03-13 10:09:55,570 - INFO - Found keyword '*ADD P&R*' in paragraph
2025-03-13 10:09:55,570 - INFO - Found keywords in paragraph 10
2025-03-13 10:09:55,570 - INFO - Found keyword '*ADD DD*' in paragraph
2025-03-13 10:09:55,618 - INFO - Successfully saved processed document: 5. Local Content.docx
2025-03-13 10:09:55,634 - INFO - Successfully opened document: 6. Employment.docx
2025-03-13 10:09:55,634 - INFO - Found keywords in paragraph 1
2025-03-13 10:09:55,634 - INFO - Found keyword '*ADD C&N*' in paragraph
2025-03-13 10:09:55,634 - INFO - Found keywords in paragraph 4
2025-03-13 10:09:55,634 - INFO - Found keyword '*ADD P&R*' in paragraph
2025-03-13 10:09:55,634 - INFO - Found keywords in paragraph 10
2025-03-13 10:09:55,634 - INFO - Found keyword '*ADD DD*' in paragraph
2025-03-13 10:09:55,681 - INFO - Successfully saved processed document: 6. Employment.docx
2025-03-13 10:09:55,681 - INFO - Successfully opened document: 7. Conflict Of Interest.docx
2025-03-13 10:09:55,681 - INFO - Found keywords in paragraph 1
2025-03-13 10:09:55,681 - INFO - Found keyword '*ADD C&N*' in paragraph
2025-03-13 10:09:55,681 - INFO - Found keywords in paragraph 4
2025-03-13 10:09:55,681 - INFO - Found keyword '*ADD P&R*' in paragraph
2025-03-13 10:09:55,681 - INFO - Found keywords in paragraph 10
2025-03-13 10:09:55,681 - INFO - Found keyword '*ADD DD*' in paragraph
2025-03-13 10:09:55,729 - INFO - Successfully saved processed document: 7. Conflict Of Interest.docx
2025-03-13 10:09:55,745 - INFO - Successfully opened document: 8. Bid Requirements.docx
2025-03-13 10:09:55,745 - INFO - Found keywords in paragraph 1
2025-03-13 10:09:55,745 - INFO - Found keyword '*ADD C&N*' in paragraph
2025-03-13 10:09:55,745 - INFO - Found keywords in paragraph 4
2025-03-13 10:09:55,745 - INFO - Found keyword '*ADD P&R*' in paragraph
2025-03-13 10:09:55,745 - INFO - Found keywords in paragraph 10
2025-03-13 10:09:55,745 - INFO - Found keyword '*ADD DD*' in paragraph
2025-03-13 10:09:55,793 - INFO - Successfully saved processed document: 8. Bid Requirements.docx
2025-03-13 10:09:55,793 - INFO - Successfully opened document: 9. All Declaration.docx
2025-03-13 10:09:55,809 - INFO - Found keywords in paragraph 1
2025-03-13 10:09:55,809 - INFO - Found keyword '*ADD C&N*' in paragraph
2025-03-13 10:09:55,809 - INFO - Found keywords in paragraph 4
2025-03-13 10:09:55,809 - INFO - Found keyword '*ADD P&R*' in paragraph
2025-03-13 10:09:55,813 - INFO - Found keywords in paragraph 14
2025-03-13 10:09:55,813 - INFO - Found keyword '*ADD DD*' in paragraph
2025-03-13 10:09:55,856 - INFO - Successfully saved processed document: 9. All Declaration.docx
2025-03-13 10:09:55,872 - INFO - Successfully opened document: 1. Power Of Attorney.docx
2025-03-13 10:09:55,872 - INFO - Found keywords in paragraph 3
2025-03-13 10:09:55,872 - INFO - Found keyword '*ADD P&R*' in paragraph
2025-03-13 10:09:55,872 - INFO - Found keywords in paragraph 6
2025-03-13 10:09:55,872 - INFO - Found keyword '*ADD P&R*' in paragraph
2025-03-13 10:09:55,872 - INFO - Found keywords in paragraph 7
2025-03-13 10:09:55,872 - INFO - Found keyword '*ADD C&N*' in paragraph
2025-03-13 10:09:55,872 - INFO - Found keyword '*ADD S&D*' in paragraph
2025-03-13 10:09:55,872 - INFO - Found keywords in paragraph 9
2025-03-13 10:09:55,872 - INFO - Found keyword '*ADD DD*' in paragraph
2025-03-13 10:09:55,920 - INFO - Successfully saved processed document: 1. Power Of Attorney.docx
2025-03-13 10:09:55,936 - INFO - Successfully opened document: 2. Cover Letter.docx
2025-03-13 10:09:55,936 - INFO - Found keywords in paragraph 1
2025-03-13 10:09:55,936 - INFO - Found keyword '*ADD DD*' in paragraph
2025-03-13 10:09:55,936 - INFO - Found keywords in paragraph 2
2025-03-13 10:09:55,936 - INFO - Found keyword '*ADD C&N*' in paragraph
2025-03-13 10:09:55,936 - INFO - Found keywords in paragraph 3
2025-03-13 10:09:55,936 - INFO - Found keyword '*ADD P&B*' in paragraph
2025-03-13 10:09:55,936 - INFO - Found keywords in paragraph 4
2025-03-13 10:09:55,936 - INFO - Found keyword '*ADD T*' in paragraph
2025-03-13 10:09:55,936 - INFO - Found keywords in paragraph 7
2025-03-13 10:09:55,936 - INFO - Found keyword '*ADD P&R*' in paragraph
2025-03-13 10:09:55,936 - INFO - Found keywords in paragraph 8
2025-03-13 10:09:55,936 - INFO - Found keyword '*ADD S&D*' in paragraph
2025-03-13 10:09:55,936 - INFO - Found keywords in paragraph 14
2025-03-13 10:09:55,936 - INFO - Found keyword '*ADD C&N*' in paragraph
2025-03-13 10:09:55,936 - INFO - Found keywords in paragraph 20
2025-03-13 10:09:55,936 - INFO - Found keyword '*ADD V&P*' in paragraph
2025-03-13 10:09:55,936 - INFO - Found keywords in paragraph 28
2025-03-13 10:09:55,936 - INFO - Found keyword '*ADD DD*' in paragraph
2025-03-13 10:09:55,983 - INFO - Successfully saved processed document: 2. Cover Letter.docx
2025-03-13 10:09:55,999 - INFO - Successfully opened document: 3. Undertaking - Labour.docx
2025-03-13 10:09:55,999 - INFO - Found keywords in paragraph 1
2025-03-13 10:09:55,999 - INFO - Found keyword '*ADD C&N*' in paragraph
2025-03-13 10:09:55,999 - INFO - Found keywords in paragraph 4
2025-03-13 10:09:55,999 - INFO - Found keyword '*ADD P&R*' in paragraph
2025-03-13 10:09:55,999 - INFO - Found keywords in paragraph 16
2025-03-13 10:09:55,999 - INFO - Found keyword '*ADD DD*' in paragraph
2025-03-13 10:09:56,053 - INFO - Successfully saved processed document: 3. Undertaking - Labour.docx
2025-03-13 10:09:56,062 - INFO - Successfully opened document: 4. Undertaking - Salaries.docx
2025-03-13 10:09:56,062 - INFO - Found keywords in paragraph 1
2025-03-13 10:09:56,062 - INFO - Found keyword '*ADD C&N*' in paragraph
2025-03-13 10:09:56,062 - INFO - Found keywords in paragraph 4
2025-03-13 10:09:56,062 - INFO - Found keyword '*ADD P&R*' in paragraph
2025-03-13 10:09:56,062 - INFO - Found keywords in paragraph 16
2025-03-13 10:09:56,062 - INFO - Found keyword '*ADD DD*' in paragraph
2025-03-13 10:09:56,110 - INFO - Successfully saved processed document: 4. Undertaking - Salaries.docx
2025-03-13 10:09:56,110 - INFO - Successfully opened document: 5. Local Content.docx
2025-03-13 10:09:56,110 - INFO - Found keywords in paragraph 1
2025-03-13 10:09:56,110 - INFO - Found keyword '*ADD C&N*' in paragraph
2025-03-13 10:09:56,110 - INFO - Found keywords in paragraph 4
2025-03-13 10:09:56,110 - INFO - Found keyword '*ADD P&R*' in paragraph
2025-03-13 10:09:56,110 - INFO - Found keywords in paragraph 10
2025-03-13 10:09:56,110 - INFO - Found keyword '*ADD DD*' in paragraph
2025-03-13 10:09:56,166 - INFO - Successfully saved processed document: 5. Local Content.docx
2025-03-13 10:09:56,176 - INFO - Successfully opened document: 6. Employment.docx
2025-03-13 10:09:56,176 - INFO - Found keywords in paragraph 1
2025-03-13 10:09:56,176 - INFO - Found keyword '*ADD C&N*' in paragraph
2025-03-13 10:09:56,178 - INFO - Found keywords in paragraph 4
2025-03-13 10:09:56,178 - INFO - Found keyword '*ADD P&R*' in paragraph
2025-03-13 10:09:56,178 - INFO - Found keywords in paragraph 10
2025-03-13 10:09:56,178 - INFO - Found keyword '*ADD DD*' in paragraph
2025-03-13 10:09:56,220 - INFO - Successfully saved processed document: 6. Employment.docx
2025-03-13 10:09:56,231 - INFO - Successfully opened document: 7. Conflict Of Interest.docx
2025-03-13 10:09:56,233 - INFO - Found keywords in paragraph 1
2025-03-13 10:09:56,233 - INFO - Found keyword '*ADD C&N*' in paragraph
2025-03-13 10:09:56,233 - INFO - Found keywords in paragraph 4
2025-03-13 10:09:56,233 - INFO - Found keyword '*ADD P&R*' in paragraph
2025-03-13 10:09:56,235 - INFO - Found keywords in paragraph 10
2025-03-13 10:09:56,235 - INFO - Found keyword '*ADD DD*' in paragraph
2025-03-13 10:09:56,279 - INFO - Successfully saved processed document: 7. Conflict Of Interest.docx
2025-03-13 10:09:56,288 - INFO - Successfully opened document: 8. Bid Requirements.docx
2025-03-13 10:09:56,290 - INFO - Found keywords in paragraph 1
2025-03-13 10:09:56,290 - INFO - Found keyword '*ADD C&N*' in paragraph
2025-03-13 10:09:56,290 - INFO - Found keywords in paragraph 4
2025-03-13 10:09:56,290 - INFO - Found keyword '*ADD P&R*' in paragraph
2025-03-13 10:09:56,290 - INFO - Found keywords in paragraph 10
2025-03-13 10:09:56,292 - INFO - Found keyword '*ADD DD*' in paragraph
2025-03-13 10:09:56,332 - INFO - Successfully saved processed document: 8. Bid Requirements.docx
2025-03-13 10:09:56,343 - INFO - Successfully opened document: 9. All Declaration.docx
2025-03-13 10:09:56,343 - INFO - Found keywords in paragraph 1
2025-03-13 10:09:56,343 - INFO - Found keyword '*ADD C&N*' in paragraph
2025-03-13 10:09:56,343 - INFO - Found keywords in paragraph 4
2025-03-13 10:09:56,345 - INFO - Found keyword '*ADD P&R*' in paragraph
2025-03-13 10:09:56,345 - INFO - Found keywords in paragraph 14
2025-03-13 10:09:56,345 - INFO - Found keyword '*ADD DD*' in paragraph
2025-03-13 10:09:56,387 - INFO - Successfully saved processed document: 9. All Declaration.docx
2025-03-13 10:26:04,594 - INFO - Successfully opened document: 10. Twinrain Table of Contents Section Covers.docx
2025-03-13 10:26:04,594 - INFO - Found 1 unprotected shapes
2025-03-13 10:26:04,594 - INFO - Found keywords in header
2025-03-13 10:26:04,594 - INFO - Found keyword '*ADD P&R*' in paragraph
2025-03-13 10:26:04,594 - INFO - Found keywords in footer
2025-03-13 10:26:04,594 - INFO - Found keyword '*ADD C&N*' in paragraph
2025-03-13 10:26:04,610 - INFO - Found keywords in paragraph 16
2025-03-13 10:26:04,610 - INFO - Found keyword '*ADD C&N*' in paragraph
2025-03-13 10:26:04,610 - INFO - Found keywords in paragraph 17
2025-03-13 10:26:04,610 - INFO - Found keyword '*ADD P&R*' in paragraph
2025-03-13 10:26:04,610 - INFO - Found keywords in paragraph 19
2025-03-13 10:26:04,610 - INFO - Found keyword '*ADD S&D*' in paragraph
2025-03-13 10:26:04,610 - INFO - Found keywords in paragraph 21
2025-03-13 10:26:04,610 - INFO - Found keyword '*ADD L*' in paragraph
2025-03-13 10:26:04,642 - INFO - Successfully saved processed document: 10. Twinrain Table of Contents Section Covers.docx
2025-03-13 10:26:04,658 - INFO - Successfully opened document: 11. Cover Page.docx
2025-03-13 10:26:04,658 - INFO - Found 1 unprotected shapes
2025-03-13 10:26:04,658 - INFO - Found keywords in paragraph 4
2025-03-13 10:26:04,658 - INFO - Found keyword '*ADD P&R*' in paragraph
2025-03-13 10:26:04,658 - INFO - Found keywords in paragraph 7
2025-03-13 10:26:04,658 - INFO - Found keyword '*ADD S&D*' in paragraph
2025-03-13 10:26:04,658 - INFO - Found keywords in paragraph 9
2025-03-13 10:26:04,658 - INFO - Found keyword '*ADD C&N*' in paragraph
2025-03-13 10:26:04,658 - INFO - Found keywords in paragraph 11
2025-03-13 10:26:04,658 - INFO - Found keyword '*ADD L*' in paragraph
2025-03-13 10:26:04,658 - INFO - Found keywords in paragraph 13
2025-03-13 10:26:04,658 - INFO - Found keyword '*ADD DD*' in paragraph
2025-03-13 10:26:04,706 - INFO - Successfully saved processed document: 11. Cover Page.docx
2025-03-13 10:26:04,721 - INFO - Successfully opened document: 10. Twinrain Table of Contents Section Covers.docx
2025-03-13 10:26:04,721 - INFO - Found 2 unprotected shapes
2025-03-13 10:26:04,721 - INFO - Found keywords in header
2025-03-13 10:26:04,721 - INFO - Found keyword '*ADD P&R*' in paragraph
2025-03-13 10:26:04,721 - INFO - Found keywords in footer
2025-03-13 10:26:04,721 - INFO - Found keyword '*ADD C&N*' in paragraph
2025-03-13 10:26:04,721 - INFO - Found 1 unprotected shapes
2025-03-13 10:26:04,721 - INFO - Found 1 unprotected shapes
2025-03-13 10:26:04,721 - INFO - Found 1 unprotected shapes
2025-03-13 10:26:04,737 - INFO - Found keywords in paragraph 16
2025-03-13 10:26:04,737 - INFO - Found keyword '*ADD C&N*' in paragraph
2025-03-13 10:26:04,737 - INFO - Found keywords in paragraph 17
2025-03-13 10:26:04,737 - INFO - Found keyword '*ADD P&R*' in paragraph
2025-03-13 10:26:04,737 - INFO - Found keywords in paragraph 19
2025-03-13 10:26:04,737 - INFO - Found keyword '*ADD S&D*' in paragraph
2025-03-13 10:26:04,737 - INFO - Found keywords in paragraph 21
2025-03-13 10:26:04,737 - INFO - Found keyword '*ADD L*' in paragraph
2025-03-13 10:26:04,753 - INFO - Successfully saved processed document: 10. Twinrain Table of Contents Section Covers.docx
2025-03-13 10:26:04,769 - INFO - Successfully opened document: 11. Cover Page.docx
2025-03-13 10:26:04,769 - INFO - Found 1 unprotected shapes
2025-03-13 10:26:04,769 - INFO - Found keywords in paragraph 4
2025-03-13 10:26:04,769 - INFO - Found keyword '*ADD P&R*' in paragraph
2025-03-13 10:26:04,769 - INFO - Found keywords in paragraph 7
2025-03-13 10:26:04,769 - INFO - Found keyword '*ADD S&D*' in paragraph
2025-03-13 10:26:04,769 - INFO - Found keywords in paragraph 9
2025-03-13 10:26:04,769 - INFO - Found keyword '*ADD C&N*' in paragraph
2025-03-13 10:26:04,769 - INFO - Found keywords in paragraph 11
2025-03-13 10:26:04,769 - INFO - Found keyword '*ADD L*' in paragraph
2025-03-13 10:26:04,769 - INFO - Found keywords in paragraph 13
2025-03-13 10:26:04,769 - INFO - Found keyword '*ADD DD*' in paragraph
2025-03-13 10:26:04,817 - INFO - Successfully saved processed document: 11. Cover Page.docx
2025-03-13 10:26:04,849 - INFO - Successfully opened document: 1. Power Of Attorney.docx
2025-03-13 10:26:04,849 - INFO - Found 1 unprotected shapes
2025-03-13 10:26:04,849 - INFO - Found keywords in paragraph 5
2025-03-13 10:26:04,849 - INFO - Found keyword '*ADD P&R*' in paragraph
2025-03-13 10:26:04,849 - INFO - Found keywords in paragraph 8
2025-03-13 10:26:04,849 - INFO - Found keyword '*ADD P&R*' in paragraph
2025-03-13 10:26:04,849 - INFO - Found keywords in paragraph 9
2025-03-13 10:26:04,849 - INFO - Found keyword '*ADD C&N*' in paragraph
2025-03-13 10:26:04,849 - INFO - Found keyword '*ADD S&D*' in paragraph
2025-03-13 10:26:04,849 - INFO - Found keywords in paragraph 11
2025-03-13 10:26:04,849 - INFO - Found keyword '*ADD DD*' in paragraph
2025-03-13 10:26:04,897 - INFO - Successfully saved processed document: 1. Power Of Attorney.docx
2025-03-13 10:26:04,914 - INFO - Successfully opened document: 2. Cover Letter.docx
2025-03-13 10:26:04,914 - INFO - Found 1 unprotected shapes
2025-03-13 10:26:04,914 - INFO - Found keywords in paragraph 1
2025-03-13 10:26:04,914 - INFO - Found keyword '*ADD DD*' in paragraph
2025-03-13 10:26:04,914 - INFO - Found keywords in paragraph 2
2025-03-13 10:26:04,914 - INFO - Found keyword '*ADD C&N*' in paragraph
2025-03-13 10:26:04,914 - INFO - Found keywords in paragraph 3
2025-03-13 10:26:04,914 - INFO - Found keyword '*ADD P&B*' in paragraph
2025-03-13 10:26:04,914 - INFO - Found keywords in paragraph 4
2025-03-13 10:26:04,914 - INFO - Found keyword '*ADD T*' in paragraph
2025-03-13 10:26:04,914 - INFO - Found keywords in paragraph 7
2025-03-13 10:26:04,914 - INFO - Found keyword '*ADD P&R*' in paragraph
2025-03-13 10:26:04,914 - INFO - Found keywords in paragraph 8
2025-03-13 10:26:04,914 - INFO - Found keyword '*ADD S&D*' in paragraph
2025-03-13 10:26:04,914 - INFO - Found keywords in paragraph 14
2025-03-13 10:26:04,914 - INFO - Found keyword '*ADD C&N*' in paragraph
2025-03-13 10:26:04,914 - INFO - Found keywords in paragraph 20
2025-03-13 10:26:04,914 - INFO - Found keyword '*ADD V&P*' in paragraph
2025-03-13 10:26:04,914 - INFO - Found keywords in paragraph 28
2025-03-13 10:26:04,914 - INFO - Found keyword '*ADD DD*' in paragraph
2025-03-13 10:26:04,961 - INFO - Successfully saved processed document: 2. Cover Letter.docx
2025-03-13 10:26:04,977 - INFO - Successfully opened document: 3. Undertaking - Labour.docx
2025-03-13 10:26:04,977 - INFO - Found 1 unprotected shapes
2025-03-13 10:26:04,977 - INFO - Found keywords in paragraph 1
2025-03-13 10:26:04,977 - INFO - Found keyword '*ADD C&N*' in paragraph
2025-03-13 10:26:04,977 - INFO - Found keywords in paragraph 4
2025-03-13 10:26:04,977 - INFO - Found keyword '*ADD P&R*' in paragraph
2025-03-13 10:26:04,977 - INFO - Found keywords in paragraph 16
2025-03-13 10:26:04,977 - INFO - Found keyword '*ADD DD*' in paragraph
2025-03-13 10:26:05,025 - INFO - Successfully saved processed document: 3. Undertaking - Labour.docx
2025-03-13 10:26:05,025 - INFO - Successfully opened document: 4. Undertaking - Salaries.docx
2025-03-13 10:26:05,025 - INFO - Found 1 unprotected shapes
2025-03-13 10:26:05,025 - INFO - Found keywords in paragraph 1
2025-03-13 10:26:05,025 - INFO - Found keyword '*ADD C&N*' in paragraph
2025-03-13 10:26:05,025 - INFO - Found keywords in paragraph 4
2025-03-13 10:26:05,041 - INFO - Found keyword '*ADD P&R*' in paragraph
2025-03-13 10:26:05,041 - INFO - Found keywords in paragraph 16
2025-03-13 10:26:05,041 - INFO - Found keyword '*ADD DD*' in paragraph
2025-03-13 10:26:05,073 - INFO - Successfully saved processed document: 4. Undertaking - Salaries.docx
2025-03-13 10:26:05,089 - INFO - Successfully opened document: 5. Local Content.docx
2025-03-13 10:26:05,089 - INFO - Found 1 unprotected shapes
2025-03-13 10:26:05,089 - INFO - Found keywords in paragraph 1
2025-03-13 10:26:05,089 - INFO - Found keyword '*ADD C&N*' in paragraph
2025-03-13 10:26:05,089 - INFO - Found keywords in paragraph 4
2025-03-13 10:26:05,089 - INFO - Found keyword '*ADD P&R*' in paragraph
2025-03-13 10:26:05,089 - INFO - Found keywords in paragraph 10
2025-03-13 10:26:05,089 - INFO - Found keyword '*ADD DD*' in paragraph
2025-03-13 10:26:05,137 - INFO - Successfully saved processed document: 5. Local Content.docx
2025-03-13 10:26:05,153 - INFO - Successfully opened document: 6. Employment.docx
2025-03-13 10:26:05,153 - INFO - Found 1 unprotected shapes
2025-03-13 10:26:05,153 - INFO - Found keywords in paragraph 1
2025-03-13 10:26:05,153 - INFO - Found keyword '*ADD C&N*' in paragraph
2025-03-13 10:26:05,153 - INFO - Found keywords in paragraph 4
2025-03-13 10:26:05,153 - INFO - Found keyword '*ADD P&R*' in paragraph
2025-03-13 10:26:05,153 - INFO - Found keywords in paragraph 10
2025-03-13 10:26:05,153 - INFO - Found keyword '*ADD DD*' in paragraph
2025-03-13 10:26:05,200 - INFO - Successfully saved processed document: 6. Employment.docx
2025-03-13 10:26:05,200 - INFO - Successfully opened document: 7. Conflict Of Interest.docx
2025-03-13 10:26:05,200 - INFO - Found 1 unprotected shapes
2025-03-13 10:26:05,200 - INFO - Found keywords in paragraph 1
2025-03-13 10:26:05,200 - INFO - Found keyword '*ADD C&N*' in paragraph
2025-03-13 10:26:05,200 - INFO - Found keywords in paragraph 4
2025-03-13 10:26:05,200 - INFO - Found keyword '*ADD P&R*' in paragraph
2025-03-13 10:26:05,216 - INFO - Found keywords in paragraph 10
2025-03-13 10:26:05,216 - INFO - Found keyword '*ADD DD*' in paragraph
2025-03-13 10:26:05,248 - INFO - Successfully saved processed document: 7. Conflict Of Interest.docx
2025-03-13 10:26:05,264 - INFO - Successfully opened document: 8. Bid Requirements.docx
2025-03-13 10:26:05,264 - INFO - Found 1 unprotected shapes
2025-03-13 10:26:05,264 - INFO - Found keywords in paragraph 1
2025-03-13 10:26:05,264 - INFO - Found keyword '*ADD C&N*' in paragraph
2025-03-13 10:26:05,264 - INFO - Found keywords in paragraph 4
2025-03-13 10:26:05,264 - INFO - Found keyword '*ADD P&R*' in paragraph
2025-03-13 10:26:05,264 - INFO - Found keywords in paragraph 10
2025-03-13 10:26:05,264 - INFO - Found keyword '*ADD DD*' in paragraph
2025-03-13 10:26:05,311 - INFO - Successfully saved processed document: 8. Bid Requirements.docx
2025-03-13 10:26:05,327 - INFO - Successfully opened document: 9. All Declaration.docx
2025-03-13 10:26:05,327 - INFO - Found 1 unprotected shapes
2025-03-13 10:26:05,327 - INFO - Found keywords in paragraph 1
2025-03-13 10:26:05,327 - INFO - Found keyword '*ADD C&N*' in paragraph
2025-03-13 10:26:05,327 - INFO - Found keywords in paragraph 4
2025-03-13 10:26:05,327 - INFO - Found keyword '*ADD P&R*' in paragraph
2025-03-13 10:26:05,327 - INFO - Found keywords in paragraph 14
2025-03-13 10:26:05,327 - INFO - Found keyword '*ADD DD*' in paragraph
2025-03-13 10:26:05,375 - INFO - Successfully saved processed document: 9. All Declaration.docx
2025-03-13 10:26:05,375 - INFO - Successfully opened document: 1. Power Of Attorney.docx
2025-03-13 10:26:05,375 - INFO - Found 1 unprotected shapes
2025-03-13 10:26:05,375 - INFO - Found keywords in paragraph 3
2025-03-13 10:26:05,375 - INFO - Found keyword '*ADD P&R*' in paragraph
2025-03-13 10:26:05,375 - INFO - Found keywords in paragraph 6
2025-03-13 10:26:05,375 - INFO - Found keyword '*ADD P&R*' in paragraph
2025-03-13 10:26:05,391 - INFO - Found keywords in paragraph 7
2025-03-13 10:26:05,391 - INFO - Found keyword '*ADD C&N*' in paragraph
2025-03-13 10:26:05,391 - INFO - Found keyword '*ADD S&D*' in paragraph
2025-03-13 10:26:05,391 - INFO - Found keywords in paragraph 9
2025-03-13 10:26:05,391 - INFO - Found keyword '*ADD DD*' in paragraph
2025-03-13 10:26:05,438 - INFO - Successfully saved processed document: 1. Power Of Attorney.docx
2025-03-13 10:26:05,438 - INFO - Successfully opened document: 2. Cover Letter.docx
2025-03-13 10:26:05,438 - INFO - Found 1 unprotected shapes
2025-03-13 10:26:05,438 - INFO - Found keywords in paragraph 1
2025-03-13 10:26:05,438 - INFO - Found keyword '*ADD DD*' in paragraph
2025-03-13 10:26:05,438 - INFO - Found keywords in paragraph 2
2025-03-13 10:26:05,438 - INFO - Found keyword '*ADD C&N*' in paragraph
2025-03-13 10:26:05,438 - INFO - Found keywords in paragraph 3
2025-03-13 10:26:05,438 - INFO - Found keyword '*ADD P&B*' in paragraph
2025-03-13 10:26:05,454 - INFO - Found keywords in paragraph 4
2025-03-13 10:26:05,454 - INFO - Found keyword '*ADD T*' in paragraph
2025-03-13 10:26:05,454 - INFO - Found keywords in paragraph 7
2025-03-13 10:26:05,454 - INFO - Found keyword '*ADD P&R*' in paragraph
2025-03-13 10:26:05,454 - INFO - Found keywords in paragraph 8
2025-03-13 10:26:05,454 - INFO - Found keyword '*ADD S&D*' in paragraph
2025-03-13 10:26:05,454 - INFO - Found keywords in paragraph 14
2025-03-13 10:26:05,454 - INFO - Found keyword '*ADD C&N*' in paragraph
2025-03-13 10:26:05,454 - INFO - Found keywords in paragraph 20
2025-03-13 10:26:05,454 - INFO - Found keyword '*ADD V&P*' in paragraph
2025-03-13 10:26:05,454 - INFO - Found keywords in paragraph 28
2025-03-13 10:26:05,454 - INFO - Found keyword '*ADD DD*' in paragraph
2025-03-13 10:26:05,501 - INFO - Successfully saved processed document: 2. Cover Letter.docx
2025-03-13 10:26:05,501 - INFO - Successfully opened document: 3. Undertaking - Labour.docx
2025-03-13 10:26:05,517 - INFO - Found 1 unprotected shapes
2025-03-13 10:26:05,517 - INFO - Found keywords in paragraph 1
2025-03-13 10:26:05,517 - INFO - Found keyword '*ADD C&N*' in paragraph
2025-03-13 10:26:05,517 - INFO - Found keywords in paragraph 4
2025-03-13 10:26:05,517 - INFO - Found keyword '*ADD P&R*' in paragraph
2025-03-13 10:26:05,517 - INFO - Found keywords in paragraph 16
2025-03-13 10:26:05,517 - INFO - Found keyword '*ADD DD*' in paragraph
2025-03-13 10:26:05,565 - INFO - Successfully saved processed document: 3. Undertaking - Labour.docx
2025-03-13 10:26:05,575 - INFO - Successfully opened document: 4. Undertaking - Salaries.docx
2025-03-13 10:26:05,575 - INFO - Found 1 unprotected shapes
2025-03-13 10:26:05,575 - INFO - Found keywords in paragraph 1
2025-03-13 10:26:05,575 - INFO - Found keyword '*ADD C&N*' in paragraph
2025-03-13 10:26:05,575 - INFO - Found keywords in paragraph 4
2025-03-13 10:26:05,575 - INFO - Found keyword '*ADD P&R*' in paragraph
2025-03-13 10:26:05,581 - INFO - Found keywords in paragraph 16
2025-03-13 10:26:05,581 - INFO - Found keyword '*ADD DD*' in paragraph
2025-03-13 10:26:05,613 - INFO - Successfully saved processed document: 4. Undertaking - Salaries.docx
2025-03-13 10:26:05,629 - INFO - Successfully opened document: 5. Local Content.docx
2025-03-13 10:26:05,629 - INFO - Found 1 unprotected shapes
2025-03-13 10:26:05,629 - INFO - Found keywords in paragraph 1
2025-03-13 10:26:05,629 - INFO - Found keyword '*ADD C&N*' in paragraph
2025-03-13 10:26:05,629 - INFO - Found keywords in paragraph 4
2025-03-13 10:26:05,629 - INFO - Found keyword '*ADD P&R*' in paragraph
2025-03-13 10:26:05,629 - INFO - Found keywords in paragraph 10
2025-03-13 10:26:05,629 - INFO - Found keyword '*ADD DD*' in paragraph
2025-03-13 10:26:05,676 - INFO - Successfully saved processed document: 5. Local Content.docx
2025-03-13 10:26:05,692 - INFO - Successfully opened document: 6. Employment.docx
2025-03-13 10:26:05,692 - INFO - Found 1 unprotected shapes
2025-03-13 10:26:05,692 - INFO - Found keywords in paragraph 1
2025-03-13 10:26:05,692 - INFO - Found keyword '*ADD C&N*' in paragraph
2025-03-13 10:26:05,692 - INFO - Found keywords in paragraph 4
2025-03-13 10:26:05,692 - INFO - Found keyword '*ADD P&R*' in paragraph
2025-03-13 10:26:05,692 - INFO - Found keywords in paragraph 10
2025-03-13 10:26:05,692 - INFO - Found keyword '*ADD DD*' in paragraph
2025-03-13 10:26:05,724 - INFO - Successfully saved processed document: 6. Employment.docx
2025-03-13 10:26:05,739 - INFO - Successfully opened document: 7. Conflict Of Interest.docx
2025-03-13 10:26:05,739 - INFO - Found 1 unprotected shapes
2025-03-13 10:26:05,739 - INFO - Found keywords in paragraph 1
2025-03-13 10:26:05,739 - INFO - Found keyword '*ADD C&N*' in paragraph
2025-03-13 10:26:05,739 - INFO - Found keywords in paragraph 4
2025-03-13 10:26:05,739 - INFO - Found keyword '*ADD P&R*' in paragraph
2025-03-13 10:26:05,739 - INFO - Found keywords in paragraph 10
2025-03-13 10:26:05,739 - INFO - Found keyword '*ADD DD*' in paragraph
2025-03-13 10:26:05,787 - INFO - Successfully saved processed document: 7. Conflict Of Interest.docx
2025-03-13 10:26:05,803 - INFO - Successfully opened document: 8. Bid Requirements.docx
2025-03-13 10:26:05,803 - INFO - Found 1 unprotected shapes
2025-03-13 10:26:05,803 - INFO - Found keywords in paragraph 1
2025-03-13 10:26:05,803 - INFO - Found keyword '*ADD C&N*' in paragraph
2025-03-13 10:26:05,803 - INFO - Found keywords in paragraph 4
2025-03-13 10:26:05,803 - INFO - Found keyword '*ADD P&R*' in paragraph
2025-03-13 10:26:05,803 - INFO - Found keywords in paragraph 10
2025-03-13 10:26:05,803 - INFO - Found keyword '*ADD DD*' in paragraph
2025-03-13 10:26:05,851 - INFO - Successfully saved processed document: 8. Bid Requirements.docx
2025-03-13 10:26:05,866 - INFO - Successfully opened document: 9. All Declaration.docx
2025-03-13 10:26:05,866 - INFO - Found 1 unprotected shapes
2025-03-13 10:26:05,866 - INFO - Found keywords in paragraph 1
2025-03-13 10:26:05,866 - INFO - Found keyword '*ADD C&N*' in paragraph
2025-03-13 10:26:05,866 - INFO - Found keywords in paragraph 4
2025-03-13 10:26:05,866 - INFO - Found keyword '*ADD P&R*' in paragraph
2025-03-13 10:26:05,866 - INFO - Found keywords in paragraph 14
2025-03-13 10:26:05,866 - INFO - Found keyword '*ADD DD*' in paragraph
2025-03-13 10:26:05,898 - INFO - Successfully saved processed document: 9. All Declaration.docx
2025-03-13 10:45:27,308 - INFO - Successfully opened document: 10. Twinrain Table of Contents Section Covers.docx
2025-03-13 10:45:27,323 - INFO - Found 1 unprotected shapes
2025-03-13 10:45:27,323 - INFO - Found keywords in header
2025-03-13 10:45:27,323 - INFO - Found keyword '*ADD P&R*' in paragraph
2025-03-13 10:45:27,323 - INFO - Found keywords in footer
2025-03-13 10:45:27,323 - INFO - Found keyword '*ADD C&N*' in paragraph
2025-03-13 10:45:27,323 - INFO - Found keywords in paragraph 16
2025-03-13 10:45:27,323 - INFO - Found keyword '*ADD C&N*' in paragraph
2025-03-13 10:45:27,323 - INFO - Found keywords in paragraph 17
2025-03-13 10:45:27,323 - INFO - Found keyword '*ADD P&R*' in paragraph
2025-03-13 10:45:27,323 - INFO - Found keywords in paragraph 19
2025-03-13 10:45:27,323 - INFO - Found keyword '*ADD S&D*' in paragraph
2025-03-13 10:45:27,339 - INFO - Found keywords in paragraph 21
2025-03-13 10:45:27,339 - INFO - Found keyword '*ADD L*' in paragraph
2025-03-13 10:45:27,371 - INFO - Successfully saved processed document: 10. Twinrain Table of Contents Section Covers.docx
2025-03-13 10:45:27,386 - INFO - Successfully opened document: 11. Cover Page.docx
2025-03-13 10:45:27,386 - INFO - Found 1 unprotected shapes
2025-03-13 10:45:27,403 - INFO - Found keywords in paragraph 4
2025-03-13 10:45:27,403 - INFO - Found keyword '*ADD P&R*' in paragraph
2025-03-13 10:45:27,403 - INFO - Found keywords in paragraph 7
2025-03-13 10:45:27,403 - INFO - Found keyword '*ADD S&D*' in paragraph
2025-03-13 10:45:27,403 - INFO - Found keywords in paragraph 9
2025-03-13 10:45:27,403 - INFO - Found keyword '*ADD C&N*' in paragraph
2025-03-13 10:45:27,403 - INFO - Found keywords in paragraph 11
2025-03-13 10:45:27,403 - INFO - Found keyword '*ADD L*' in paragraph
2025-03-13 10:45:27,403 - INFO - Found keywords in paragraph 13
2025-03-13 10:45:27,403 - INFO - Found keyword '*ADD DD*' in paragraph
2025-03-13 10:45:27,450 - INFO - Successfully saved processed document: 11. Cover Page.docx
2025-03-13 10:45:27,450 - INFO - Successfully opened document: 10. Twinrain Table of Contents Section Covers.docx
2025-03-13 10:45:27,450 - INFO - Found 2 unprotected shapes
2025-03-13 10:45:27,450 - INFO - Found keywords in header
2025-03-13 10:45:27,450 - INFO - Found keyword '*ADD P&R*' in paragraph
2025-03-13 10:45:27,466 - INFO - Found keywords in footer
2025-03-13 10:45:27,466 - INFO - Found keyword '*ADD C&N*' in paragraph
2025-03-13 10:45:27,466 - INFO - Found 1 unprotected shapes
2025-03-13 10:45:27,466 - INFO - Found 1 unprotected shapes
2025-03-13 10:45:27,466 - INFO - Found 1 unprotected shapes
2025-03-13 10:45:27,466 - INFO - Found keywords in paragraph 16
2025-03-13 10:45:27,466 - INFO - Found keyword '*ADD C&N*' in paragraph
2025-03-13 10:45:27,466 - INFO - Found keywords in paragraph 17
2025-03-13 10:45:27,466 - INFO - Found keyword '*ADD P&R*' in paragraph
2025-03-13 10:45:27,466 - INFO - Found keywords in paragraph 19
2025-03-13 10:45:27,466 - INFO - Found keyword '*ADD S&D*' in paragraph
2025-03-13 10:45:27,466 - INFO - Found keywords in paragraph 21
2025-03-13 10:45:27,466 - INFO - Found keyword '*ADD L*' in paragraph
2025-03-13 10:45:27,498 - INFO - Successfully saved processed document: 10. Twinrain Table of Contents Section Covers.docx
2025-03-13 10:45:27,514 - INFO - Successfully opened document: 11. Cover Page.docx
2025-03-13 10:45:27,514 - INFO - Found 1 unprotected shapes
2025-03-13 10:45:27,514 - INFO - Found keywords in paragraph 4
2025-03-13 10:45:27,514 - INFO - Found keyword '*ADD P&R*' in paragraph
2025-03-13 10:45:27,514 - INFO - Found keywords in paragraph 7
2025-03-13 10:45:27,514 - INFO - Found keyword '*ADD S&D*' in paragraph
2025-03-13 10:45:27,514 - INFO - Found keywords in paragraph 9
2025-03-13 10:45:27,514 - INFO - Found keyword '*ADD C&N*' in paragraph
2025-03-13 10:45:27,514 - INFO - Found keywords in paragraph 11
2025-03-13 10:45:27,514 - INFO - Found keyword '*ADD L*' in paragraph
2025-03-13 10:45:27,514 - INFO - Found keywords in paragraph 13
2025-03-13 10:45:27,514 - INFO - Found keyword '*ADD DD*' in paragraph
2025-03-13 10:45:27,562 - INFO - Successfully saved processed document: 11. Cover Page.docx
2025-03-13 10:45:27,578 - INFO - Successfully opened document: 1. Power Of Attorney.docx
2025-03-13 10:45:27,578 - ERROR - Error locking VML shape: too many values to unpack (expected 2)
2025-03-13 10:45:27,578 - INFO - Found 2 unprotected shapes
2025-03-13 10:45:27,578 - INFO - Found keywords in paragraph 5
2025-03-13 10:45:27,578 - INFO - Found keyword '*ADD P&R*' in paragraph
2025-03-13 10:45:27,578 - INFO - Found keywords in paragraph 8
2025-03-13 10:45:27,578 - INFO - Found keyword '*ADD P&R*' in paragraph
2025-03-13 10:45:27,578 - INFO - Found keywords in paragraph 9
2025-03-13 10:45:27,578 - INFO - Found keyword '*ADD C&N*' in paragraph
2025-03-13 10:45:27,578 - INFO - Found keyword '*ADD S&D*' in paragraph
2025-03-13 10:45:27,578 - INFO - Found keywords in paragraph 11
2025-03-13 10:45:27,578 - INFO - Found keyword '*ADD DD*' in paragraph
2025-03-13 10:45:27,626 - INFO - Successfully saved processed document: 1. Power Of Attorney.docx
2025-03-13 10:45:27,642 - INFO - Successfully opened document: 2. Cover Letter.docx
2025-03-13 10:45:27,642 - ERROR - Error locking VML shape: too many values to unpack (expected 2)
2025-03-13 10:45:27,642 - INFO - Found 2 unprotected shapes
2025-03-13 10:45:27,642 - INFO - Found keywords in paragraph 1
2025-03-13 10:45:27,642 - INFO - Found keyword '*ADD DD*' in paragraph
2025-03-13 10:45:27,642 - INFO - Found keywords in paragraph 2
2025-03-13 10:45:27,642 - INFO - Found keyword '*ADD C&N*' in paragraph
2025-03-13 10:45:27,642 - INFO - Found keywords in paragraph 3
2025-03-13 10:45:27,642 - INFO - Found keyword '*ADD P&B*' in paragraph
2025-03-13 10:45:27,642 - INFO - Found keywords in paragraph 4
2025-03-13 10:45:27,642 - INFO - Found keyword '*ADD T*' in paragraph
2025-03-13 10:45:27,642 - INFO - Found keywords in paragraph 7
2025-03-13 10:45:27,642 - INFO - Found keyword '*ADD P&R*' in paragraph
2025-03-13 10:45:27,642 - INFO - Found keywords in paragraph 8
2025-03-13 10:45:27,642 - INFO - Found keyword '*ADD S&D*' in paragraph
2025-03-13 10:45:27,642 - INFO - Found keywords in paragraph 14
2025-03-13 10:45:27,642 - INFO - Found keyword '*ADD C&N*' in paragraph
2025-03-13 10:45:27,642 - INFO - Found keywords in paragraph 20
2025-03-13 10:45:27,642 - INFO - Found keyword '*ADD V&P*' in paragraph
2025-03-13 10:45:27,642 - INFO - Found keywords in paragraph 28
2025-03-13 10:45:27,642 - INFO - Found keyword '*ADD DD*' in paragraph
2025-03-13 10:45:27,690 - INFO - Successfully saved processed document: 2. Cover Letter.docx
2025-03-13 10:45:27,715 - INFO - Successfully opened document: 3. Undertaking - Labour.docx
2025-03-13 10:45:27,715 - ERROR - Error locking VML shape: too many values to unpack (expected 2)
2025-03-13 10:45:27,715 - INFO - Found 2 unprotected shapes
2025-03-13 10:45:27,715 - INFO - Found keywords in paragraph 1
2025-03-13 10:45:27,715 - INFO - Found keyword '*ADD C&N*' in paragraph
2025-03-13 10:45:27,715 - INFO - Found keywords in paragraph 4
2025-03-13 10:45:27,715 - INFO - Found keyword '*ADD P&R*' in paragraph
2025-03-13 10:45:27,719 - INFO - Found keywords in paragraph 16
2025-03-13 10:45:27,719 - INFO - Found keyword '*ADD DD*' in paragraph
2025-03-13 10:45:27,753 - INFO - Successfully saved processed document: 3. Undertaking - Labour.docx
2025-03-13 10:45:27,778 - INFO - Successfully opened document: 4. Undertaking - Salaries.docx
2025-03-13 10:45:27,778 - ERROR - Error locking VML shape: too many values to unpack (expected 2)
2025-03-13 10:45:27,778 - INFO - Found 2 unprotected shapes
2025-03-13 10:45:27,780 - INFO - Found keywords in paragraph 1
2025-03-13 10:45:27,780 - INFO - Found keyword '*ADD C&N*' in paragraph
2025-03-13 10:45:27,780 - INFO - Found keywords in paragraph 4
2025-03-13 10:45:27,780 - INFO - Found keyword '*ADD P&R*' in paragraph
2025-03-13 10:45:27,782 - INFO - Found keywords in paragraph 16
2025-03-13 10:45:27,782 - INFO - Found keyword '*ADD DD*' in paragraph
2025-03-13 10:45:27,826 - INFO - Successfully saved processed document: 4. Undertaking - Salaries.docx
2025-03-13 10:45:27,832 - INFO - Successfully opened document: 5. Local Content.docx
2025-03-13 10:45:27,832 - ERROR - Error locking VML shape: too many values to unpack (expected 2)
2025-03-13 10:45:27,832 - INFO - Found 2 unprotected shapes
2025-03-13 10:45:27,832 - INFO - Found keywords in paragraph 1
2025-03-13 10:45:27,832 - INFO - Found keyword '*ADD C&N*' in paragraph
2025-03-13 10:45:27,832 - INFO - Found keywords in paragraph 4
2025-03-13 10:45:27,832 - INFO - Found keyword '*ADD P&R*' in paragraph
2025-03-13 10:45:27,832 - INFO - Found keywords in paragraph 10
2025-03-13 10:45:27,832 - INFO - Found keyword '*ADD DD*' in paragraph
2025-03-13 10:45:27,880 - INFO - Successfully saved processed document: 5. Local Content.docx
2025-03-13 10:45:27,896 - INFO - Successfully opened document: 6. Employment.docx
2025-03-13 10:45:27,896 - ERROR - Error locking VML shape: too many values to unpack (expected 2)
2025-03-13 10:45:27,896 - INFO - Found 2 unprotected shapes
2025-03-13 10:45:27,896 - INFO - Found keywords in paragraph 1
2025-03-13 10:45:27,896 - INFO - Found keyword '*ADD C&N*' in paragraph
2025-03-13 10:45:27,896 - INFO - Found keywords in paragraph 4
2025-03-13 10:45:27,896 - INFO - Found keyword '*ADD P&R*' in paragraph
2025-03-13 10:45:27,896 - INFO - Found keywords in paragraph 10
2025-03-13 10:45:27,896 - INFO - Found keyword '*ADD DD*' in paragraph
2025-03-13 10:45:27,943 - INFO - Successfully saved processed document: 6. Employment.docx
2025-03-13 10:45:27,943 - INFO - Successfully opened document: 7. Conflict Of Interest.docx
2025-03-13 10:45:27,943 - ERROR - Error locking VML shape: too many values to unpack (expected 2)
2025-03-13 10:45:27,943 - INFO - Found 2 unprotected shapes
2025-03-13 10:45:27,943 - INFO - Found keywords in paragraph 1
2025-03-13 10:45:27,943 - INFO - Found keyword '*ADD C&N*' in paragraph
2025-03-13 10:45:27,943 - INFO - Found keywords in paragraph 4
2025-03-13 10:45:27,943 - INFO - Found keyword '*ADD P&R*' in paragraph
2025-03-13 10:45:27,959 - INFO - Found keywords in paragraph 10
2025-03-13 10:45:27,959 - INFO - Found keyword '*ADD DD*' in paragraph
2025-03-13 10:45:27,991 - INFO - Successfully saved processed document: 7. Conflict Of Interest.docx
2025-03-13 10:45:28,007 - INFO - Successfully opened document: 8. Bid Requirements.docx
2025-03-13 10:45:28,007 - ERROR - Error locking VML shape: too many values to unpack (expected 2)
2025-03-13 10:45:28,007 - INFO - Found 2 unprotected shapes
2025-03-13 10:45:28,007 - INFO - Found keywords in paragraph 1
2025-03-13 10:45:28,007 - INFO - Found keyword '*ADD C&N*' in paragraph
2025-03-13 10:45:28,007 - INFO - Found keywords in paragraph 4
2025-03-13 10:45:28,007 - INFO - Found keyword '*ADD P&R*' in paragraph
2025-03-13 10:45:28,007 - INFO - Found keywords in paragraph 10
2025-03-13 10:45:28,007 - INFO - Found keyword '*ADD DD*' in paragraph
2025-03-13 10:45:28,067 - INFO - Successfully saved processed document: 8. Bid Requirements.docx
2025-03-13 10:45:28,070 - INFO - Successfully opened document: 9. All Declaration.docx
2025-03-13 10:45:28,086 - ERROR - Error locking VML shape: too many values to unpack (expected 2)
2025-03-13 10:45:28,086 - INFO - Found 2 unprotected shapes
2025-03-13 10:45:28,086 - INFO - Found keywords in paragraph 1
2025-03-13 10:45:28,086 - INFO - Found keyword '*ADD C&N*' in paragraph
2025-03-13 10:45:28,086 - INFO - Found keywords in paragraph 4
2025-03-13 10:45:28,086 - INFO - Found keyword '*ADD P&R*' in paragraph
2025-03-13 10:45:28,086 - INFO - Found keywords in paragraph 14
2025-03-13 10:45:28,086 - INFO - Found keyword '*ADD DD*' in paragraph
2025-03-13 10:45:28,134 - INFO - Successfully saved processed document: 9. All Declaration.docx
2025-03-13 10:45:28,150 - INFO - Successfully opened document: 1. Power Of Attorney.docx
2025-03-13 10:45:28,150 - ERROR - Error locking VML shape: too many values to unpack (expected 2)
2025-03-13 10:45:28,150 - INFO - Found 2 unprotected shapes
2025-03-13 10:45:28,150 - INFO - Found keywords in paragraph 3
2025-03-13 10:45:28,150 - INFO - Found keyword '*ADD P&R*' in paragraph
2025-03-13 10:45:28,150 - INFO - Found keywords in paragraph 6
2025-03-13 10:45:28,150 - INFO - Found keyword '*ADD P&R*' in paragraph
2025-03-13 10:45:28,150 - INFO - Found keywords in paragraph 7
2025-03-13 10:45:28,150 - INFO - Found keyword '*ADD C&N*' in paragraph
2025-03-13 10:45:28,155 - INFO - Found keyword '*ADD S&D*' in paragraph
2025-03-13 10:45:28,157 - INFO - Found keywords in paragraph 9
2025-03-13 10:45:28,157 - INFO - Found keyword '*ADD DD*' in paragraph
2025-03-13 10:45:28,197 - INFO - Successfully saved processed document: 1. Power Of Attorney.docx
2025-03-13 10:45:28,216 - INFO - Successfully opened document: 2. Cover Letter.docx
2025-03-13 10:45:28,216 - ERROR - Error locking VML shape: too many values to unpack (expected 2)
2025-03-13 10:45:28,216 - INFO - Found 2 unprotected shapes
2025-03-13 10:45:28,218 - INFO - Found keywords in paragraph 1
2025-03-13 10:45:28,218 - INFO - Found keyword '*ADD DD*' in paragraph
2025-03-13 10:45:28,218 - INFO - Found keywords in paragraph 2
2025-03-13 10:45:28,218 - INFO - Found keyword '*ADD C&N*' in paragraph
2025-03-13 10:45:28,220 - INFO - Found keywords in paragraph 3
2025-03-13 10:45:28,220 - INFO - Found keyword '*ADD P&B*' in paragraph
2025-03-13 10:45:28,220 - INFO - Found keywords in paragraph 4
2025-03-13 10:45:28,220 - INFO - Found keyword '*ADD T*' in paragraph
2025-03-13 10:45:28,220 - INFO - Found keywords in paragraph 7
2025-03-13 10:45:28,220 - INFO - Found keyword '*ADD P&R*' in paragraph
2025-03-13 10:45:28,222 - INFO - Found keywords in paragraph 8
2025-03-13 10:45:28,222 - INFO - Found keyword '*ADD S&D*' in paragraph
2025-03-13 10:45:28,222 - INFO - Found keywords in paragraph 14
2025-03-13 10:45:28,222 - INFO - Found keyword '*ADD C&N*' in paragraph
2025-03-13 10:45:28,224 - INFO - Found keywords in paragraph 20
2025-03-13 10:45:28,224 - INFO - Found keyword '*ADD V&P*' in paragraph
2025-03-13 10:45:28,224 - INFO - Found keywords in paragraph 28
2025-03-13 10:45:28,226 - INFO - Found keyword '*ADD DD*' in paragraph
2025-03-13 10:45:28,273 - INFO - Successfully saved processed document: 2. Cover Letter.docx
2025-03-13 10:45:28,277 - INFO - Successfully opened document: 3. Undertaking - Labour.docx
2025-03-13 10:45:28,291 - ERROR - Error locking VML shape: too many values to unpack (expected 2)
2025-03-13 10:45:28,291 - INFO - Found 2 unprotected shapes
2025-03-13 10:45:28,293 - INFO - Found keywords in paragraph 1
2025-03-13 10:45:28,293 - INFO - Found keyword '*ADD C&N*' in paragraph
2025-03-13 10:45:28,295 - INFO - Found keywords in paragraph 4
2025-03-13 10:45:28,295 - INFO - Found keyword '*ADD P&R*' in paragraph
2025-03-13 10:45:28,297 - INFO - Found keywords in paragraph 16
2025-03-13 10:45:28,297 - INFO - Found keyword '*ADD DD*' in paragraph
2025-03-13 10:45:28,344 - INFO - Successfully saved processed document: 3. Undertaking - Labour.docx
2025-03-13 10:45:28,360 - INFO - Successfully opened document: 4. Undertaking - Salaries.docx
2025-03-13 10:45:28,360 - ERROR - Error locking VML shape: too many values to unpack (expected 2)
2025-03-13 10:45:28,360 - INFO - Found 2 unprotected shapes
2025-03-13 10:45:28,362 - INFO - Found keywords in paragraph 1
2025-03-13 10:45:28,362 - INFO - Found keyword '*ADD C&N*' in paragraph
2025-03-13 10:45:28,362 - INFO - Found keywords in paragraph 4
2025-03-13 10:45:28,362 - INFO - Found keyword '*ADD P&R*' in paragraph
2025-03-13 10:45:28,364 - INFO - Found keywords in paragraph 16
2025-03-13 10:45:28,364 - INFO - Found keyword '*ADD DD*' in paragraph
2025-03-13 10:45:28,408 - INFO - Successfully saved processed document: 4. Undertaking - Salaries.docx
2025-03-13 10:45:28,417 - INFO - Successfully opened document: 5. Local Content.docx
2025-03-13 10:45:28,417 - ERROR - Error locking VML shape: too many values to unpack (expected 2)
2025-03-13 10:45:28,417 - INFO - Found 2 unprotected shapes
2025-03-13 10:45:28,419 - INFO - Found keywords in paragraph 1
2025-03-13 10:45:28,419 - INFO - Found keyword '*ADD C&N*' in paragraph
2025-03-13 10:45:28,419 - INFO - Found keywords in paragraph 4
2025-03-13 10:45:28,419 - INFO - Found keyword '*ADD P&R*' in paragraph
2025-03-13 10:45:28,421 - INFO - Found keywords in paragraph 10
2025-03-13 10:45:28,421 - INFO - Found keyword '*ADD DD*' in paragraph
2025-03-13 10:45:28,467 - INFO - Successfully saved processed document: 5. Local Content.docx
2025-03-13 10:45:28,477 - INFO - Successfully opened document: 6. Employment.docx
2025-03-13 10:45:28,479 - ERROR - Error locking VML shape: too many values to unpack (expected 2)
2025-03-13 10:45:28,479 - INFO - Found 2 unprotected shapes
2025-03-13 10:45:28,479 - INFO - Found keywords in paragraph 1
2025-03-13 10:45:28,479 - INFO - Found keyword '*ADD C&N*' in paragraph
2025-03-13 10:45:28,480 - INFO - Found keywords in paragraph 4
2025-03-13 10:45:28,480 - INFO - Found keyword '*ADD P&R*' in paragraph
2025-03-13 10:45:28,480 - INFO - Found keywords in paragraph 10
2025-03-13 10:45:28,480 - INFO - Found keyword '*ADD DD*' in paragraph
2025-03-13 10:45:28,526 - INFO - Successfully saved processed document: 6. Employment.docx
2025-03-13 10:45:28,536 - INFO - Successfully opened document: 7. Conflict Of Interest.docx
2025-03-13 10:45:28,538 - ERROR - Error locking VML shape: too many values to unpack (expected 2)
2025-03-13 10:45:28,538 - INFO - Found 2 unprotected shapes
2025-03-13 10:45:28,538 - INFO - Found keywords in paragraph 1
2025-03-13 10:45:28,538 - INFO - Found keyword '*ADD C&N*' in paragraph
2025-03-13 10:45:28,540 - INFO - Found keywords in paragraph 4
2025-03-13 10:45:28,540 - INFO - Found keyword '*ADD P&R*' in paragraph
2025-03-13 10:45:28,540 - INFO - Found keywords in paragraph 10
2025-03-13 10:45:28,540 - INFO - Found keyword '*ADD DD*' in paragraph
2025-03-13 10:45:28,583 - INFO - Successfully saved processed document: 7. Conflict Of Interest.docx
2025-03-13 10:45:28,593 - INFO - Successfully opened document: 8. Bid Requirements.docx
2025-03-13 10:45:28,595 - ERROR - Error locking VML shape: too many values to unpack (expected 2)
2025-03-13 10:45:28,595 - INFO - Found 2 unprotected shapes
2025-03-13 10:45:28,595 - INFO - Found keywords in paragraph 1
2025-03-13 10:45:28,595 - INFO - Found keyword '*ADD C&N*' in paragraph
2025-03-13 10:45:28,597 - INFO - Found keywords in paragraph 4
2025-03-13 10:45:28,597 - INFO - Found keyword '*ADD P&R*' in paragraph
2025-03-13 10:45:28,597 - INFO - Found keywords in paragraph 10
2025-03-13 10:45:28,597 - INFO - Found keyword '*ADD DD*' in paragraph
2025-03-13 10:45:28,642 - INFO - Successfully saved processed document: 8. Bid Requirements.docx
2025-03-13 10:45:28,650 - INFO - Successfully opened document: 9. All Declaration.docx
2025-03-13 10:45:28,652 - ERROR - Error locking VML shape: too many values to unpack (expected 2)
2025-03-13 10:45:28,652 - INFO - Found 2 unprotected shapes
2025-03-13 10:45:28,654 - INFO - Found keywords in paragraph 1
2025-03-13 10:45:28,654 - INFO - Found keyword '*ADD C&N*' in paragraph
2025-03-13 10:45:28,654 - INFO - Found keywords in paragraph 4
2025-03-13 10:45:28,654 - INFO - Found keyword '*ADD P&R*' in paragraph
2025-03-13 10:45:28,656 - INFO - Found keywords in paragraph 14
2025-03-13 10:45:28,656 - INFO - Found keyword '*ADD DD*' in paragraph
2025-03-13 10:45:28,698 - INFO - Successfully saved processed document: 9. All Declaration.docx
2025-03-13 10:51:02,302 - INFO - Successfully opened document: 10. Twinrain Table of Contents Section Covers.docx
2025-03-13 10:51:02,304 - INFO - Found 2 unprotected shapes
2025-03-13 10:51:02,304 - INFO - Found keywords in header
2025-03-13 10:51:02,304 - INFO - Found keyword '*ADD P&R*' in paragraph
2025-03-13 10:51:02,306 - INFO - Found keywords in footer
2025-03-13 10:51:02,306 - INFO - Found keyword '*ADD C&N*' in paragraph
2025-03-13 10:51:02,316 - INFO - Found keywords in paragraph 16
2025-03-13 10:51:02,316 - INFO - Found keyword '*ADD C&N*' in paragraph
2025-03-13 10:51:02,316 - INFO - Found keywords in paragraph 17
2025-03-13 10:51:02,318 - INFO - Found keyword '*ADD P&R*' in paragraph
2025-03-13 10:51:02,318 - INFO - Found keywords in paragraph 19
2025-03-13 10:51:02,318 - INFO - Found keyword '*ADD S&D*' in paragraph
2025-03-13 10:51:02,318 - INFO - Found keywords in paragraph 21
2025-03-13 10:51:02,318 - INFO - Found keyword '*ADD L*' in paragraph
2025-03-13 10:51:02,342 - INFO - Successfully saved processed document: 10. Twinrain Table of Contents Section Covers.docx
2025-03-13 10:51:02,353 - INFO - Successfully opened document: 11. Cover Page.docx
2025-03-13 10:51:02,353 - INFO - Found 1 unprotected shapes
2025-03-13 10:51:02,353 - INFO - Found keywords in paragraph 4
2025-03-13 10:51:02,353 - INFO - Found keyword '*ADD P&R*' in paragraph
2025-03-13 10:51:02,353 - INFO - Found keywords in paragraph 7
2025-03-13 10:51:02,353 - INFO - Found keyword '*ADD S&D*' in paragraph
2025-03-13 10:51:02,369 - INFO - Found keywords in paragraph 9
2025-03-13 10:51:02,369 - INFO - Found keyword '*ADD C&N*' in paragraph
2025-03-13 10:51:02,369 - INFO - Found keywords in paragraph 11
2025-03-13 10:51:02,369 - INFO - Found keyword '*ADD L*' in paragraph
2025-03-13 10:51:02,369 - INFO - Found keywords in paragraph 13
2025-03-13 10:51:02,369 - INFO - Found keyword '*ADD DD*' in paragraph
2025-03-13 10:51:02,416 - INFO - Successfully saved processed document: 11. Cover Page.docx
2025-03-13 10:51:02,416 - ERROR - Error processing document ~$. Twinrain Table of Contents Section Covers.docx: Package not found at 'C:\Users\AbrahamCEO\Desktop\projects\new-docs-processor\Cover Letters\Extras\Shitongeni\~$. Twinrain Table of Contents Section Covers.docx'
2025-03-13 10:51:02,432 - INFO - Successfully opened document: 10. Twinrain Table of Contents Section Covers.docx
2025-03-13 10:51:02,432 - INFO - Found 2 unprotected shapes
2025-03-13 10:51:02,432 - INFO - Found keywords in header
2025-03-13 10:51:02,432 - INFO - Found keyword '*ADD P&R*' in paragraph
2025-03-13 10:51:02,432 - INFO - Found keywords in footer
2025-03-13 10:51:02,432 - INFO - Found keyword '*ADD C&N*' in paragraph
2025-03-13 10:51:02,432 - INFO - Found 1 unprotected shapes
2025-03-13 10:51:02,432 - INFO - Found 1 unprotected shapes
2025-03-13 10:51:02,432 - INFO - Found 1 unprotected shapes
2025-03-13 10:51:02,449 - INFO - Found keywords in paragraph 16
2025-03-13 10:51:02,449 - INFO - Found keyword '*ADD C&N*' in paragraph
2025-03-13 10:51:02,449 - INFO - Found keywords in paragraph 17
2025-03-13 10:51:02,449 - INFO - Found keyword '*ADD P&R*' in paragraph
2025-03-13 10:51:02,449 - INFO - Found keywords in paragraph 19
2025-03-13 10:51:02,449 - INFO - Found keyword '*ADD S&D*' in paragraph
2025-03-13 10:51:02,449 - INFO - Found keywords in paragraph 21
2025-03-13 10:51:02,449 - INFO - Found keyword '*ADD L*' in paragraph
2025-03-13 10:51:02,464 - INFO - Successfully saved processed document: 10. Twinrain Table of Contents Section Covers.docx
2025-03-13 10:51:02,480 - INFO - Successfully opened document: 11. Cover Page.docx
2025-03-13 10:51:02,480 - INFO - Found 1 unprotected shapes
2025-03-13 10:51:02,480 - INFO - Found keywords in paragraph 4
2025-03-13 10:51:02,480 - INFO - Found keyword '*ADD P&R*' in paragraph
2025-03-13 10:51:02,480 - INFO - Found keywords in paragraph 7
2025-03-13 10:51:02,480 - INFO - Found keyword '*ADD S&D*' in paragraph
2025-03-13 10:51:02,480 - INFO - Found keywords in paragraph 9
2025-03-13 10:51:02,480 - INFO - Found keyword '*ADD C&N*' in paragraph
2025-03-13 10:51:02,480 - INFO - Found keywords in paragraph 11
2025-03-13 10:51:02,480 - INFO - Found keyword '*ADD L*' in paragraph
2025-03-13 10:51:02,480 - INFO - Found keywords in paragraph 13
2025-03-13 10:51:02,496 - INFO - Found keyword '*ADD DD*' in paragraph
2025-03-13 10:51:02,528 - INFO - Successfully saved processed document: 11. Cover Page.docx
2025-03-13 10:51:02,544 - INFO - Successfully opened document: 1. Power Of Attorney.docx
2025-03-13 10:51:02,544 - ERROR - Error locking VML shape: too many values to unpack (expected 2)
2025-03-13 10:51:02,544 - INFO - Found 2 unprotected shapes
2025-03-13 10:51:02,544 - INFO - Found keywords in paragraph 5
2025-03-13 10:51:02,544 - INFO - Found keyword '*ADD P&R*' in paragraph
2025-03-13 10:51:02,544 - INFO - Found keywords in paragraph 8
2025-03-13 10:51:02,544 - INFO - Found keyword '*ADD P&R*' in paragraph
2025-03-13 10:51:02,544 - INFO - Found keywords in paragraph 9
2025-03-13 10:51:02,544 - INFO - Found keyword '*ADD C&N*' in paragraph
2025-03-13 10:51:02,544 - INFO - Found keyword '*ADD S&D*' in paragraph
2025-03-13 10:51:02,559 - INFO - Found keywords in paragraph 11
2025-03-13 10:51:02,559 - INFO - Found keyword '*ADD DD*' in paragraph
2025-03-13 10:51:02,591 - INFO - Successfully saved processed document: 1. Power Of Attorney.docx
2025-03-13 10:51:02,607 - INFO - Successfully opened document: 2. Cover Letter.docx
2025-03-13 10:51:02,607 - ERROR - Error locking VML shape: too many values to unpack (expected 2)
2025-03-13 10:51:02,607 - INFO - Found 2 unprotected shapes
2025-03-13 10:51:02,607 - INFO - Found keywords in paragraph 1
2025-03-13 10:51:02,607 - INFO - Found keyword '*ADD DD*' in paragraph
2025-03-13 10:51:02,607 - INFO - Found keywords in paragraph 2
2025-03-13 10:51:02,607 - INFO - Found keyword '*ADD C&N*' in paragraph
2025-03-13 10:51:02,607 - INFO - Found keywords in paragraph 3
2025-03-13 10:51:02,607 - INFO - Found keyword '*ADD P&B*' in paragraph
2025-03-13 10:51:02,607 - INFO - Found keywords in paragraph 4
2025-03-13 10:51:02,607 - INFO - Found keyword '*ADD T*' in paragraph
2025-03-13 10:51:02,607 - INFO - Found keywords in paragraph 7
2025-03-13 10:51:02,607 - INFO - Found keyword '*ADD P&R*' in paragraph
2025-03-13 10:51:02,607 - INFO - Found keywords in paragraph 8
2025-03-13 10:51:02,607 - INFO - Found keyword '*ADD S&D*' in paragraph
2025-03-13 10:51:02,607 - INFO - Found keywords in paragraph 14
2025-03-13 10:51:02,607 - INFO - Found keyword '*ADD C&N*' in paragraph
2025-03-13 10:51:02,607 - INFO - Found keywords in paragraph 20
2025-03-13 10:51:02,607 - INFO - Found keyword '*ADD V&P*' in paragraph
2025-03-13 10:51:02,623 - INFO - Found keywords in paragraph 28
2025-03-13 10:51:02,623 - INFO - Found keyword '*ADD DD*' in paragraph
2025-03-13 10:51:02,654 - INFO - Successfully saved processed document: 2. Cover Letter.docx
2025-03-13 10:51:02,670 - INFO - Successfully opened document: 3. Undertaking - Labour.docx
2025-03-13 10:51:02,670 - ERROR - Error locking VML shape: too many values to unpack (expected 2)
2025-03-13 10:51:02,670 - INFO - Found 2 unprotected shapes
2025-03-13 10:51:02,670 - INFO - Found keywords in paragraph 1
2025-03-13 10:51:02,670 - INFO - Found keyword '*ADD C&N*' in paragraph
2025-03-13 10:51:02,670 - INFO - Found keywords in paragraph 4
2025-03-13 10:51:02,670 - INFO - Found keyword '*ADD P&R*' in paragraph
2025-03-13 10:51:02,670 - INFO - Found keywords in paragraph 16
2025-03-13 10:51:02,670 - INFO - Found keyword '*ADD DD*' in paragraph
2025-03-13 10:51:02,718 - INFO - Successfully saved processed document: 3. Undertaking - Labour.docx
2025-03-13 10:51:02,734 - INFO - Successfully opened document: 4. Undertaking - Salaries.docx
2025-03-13 10:51:02,734 - ERROR - Error locking VML shape: too many values to unpack (expected 2)
2025-03-13 10:51:02,734 - INFO - Found 2 unprotected shapes
2025-03-13 10:51:02,734 - INFO - Found keywords in paragraph 1
2025-03-13 10:51:02,734 - INFO - Found keyword '*ADD C&N*' in paragraph
2025-03-13 10:51:02,734 - INFO - Found keywords in paragraph 4
2025-03-13 10:51:02,734 - INFO - Found keyword '*ADD P&R*' in paragraph
2025-03-13 10:51:02,734 - INFO - Found keywords in paragraph 16
2025-03-13 10:51:02,734 - INFO - Found keyword '*ADD DD*' in paragraph
2025-03-13 10:51:02,782 - INFO - Successfully saved processed document: 4. Undertaking - Salaries.docx
2025-03-13 10:51:02,798 - INFO - Successfully opened document: 5. Local Content.docx
2025-03-13 10:51:02,798 - ERROR - Error locking VML shape: too many values to unpack (expected 2)
2025-03-13 10:51:02,798 - INFO - Found 2 unprotected shapes
2025-03-13 10:51:02,798 - INFO - Found keywords in paragraph 1
2025-03-13 10:51:02,798 - INFO - Found keyword '*ADD C&N*' in paragraph
2025-03-13 10:51:02,798 - INFO - Found keywords in paragraph 4
2025-03-13 10:51:02,798 - INFO - Found keyword '*ADD P&R*' in paragraph
2025-03-13 10:51:02,798 - INFO - Found keywords in paragraph 10
2025-03-13 10:51:02,798 - INFO - Found keyword '*ADD DD*' in paragraph
2025-03-13 10:51:02,846 - INFO - Successfully saved processed document: 5. Local Content.docx
2025-03-13 10:51:02,846 - INFO - Successfully opened document: 6. Employment.docx
2025-03-13 10:51:02,846 - ERROR - Error locking VML shape: too many values to unpack (expected 2)
2025-03-13 10:51:02,846 - INFO - Found 2 unprotected shapes
2025-03-13 10:51:02,846 - INFO - Found keywords in paragraph 1
2025-03-13 10:51:02,846 - INFO - Found keyword '*ADD C&N*' in paragraph
2025-03-13 10:51:02,846 - INFO - Found keywords in paragraph 4
2025-03-13 10:51:02,846 - INFO - Found keyword '*ADD P&R*' in paragraph
2025-03-13 10:51:02,846 - INFO - Found keywords in paragraph 10
2025-03-13 10:51:02,846 - INFO - Found keyword '*ADD DD*' in paragraph
2025-03-13 10:51:02,894 - INFO - Successfully saved processed document: 6. Employment.docx
2025-03-13 10:51:02,909 - INFO - Successfully opened document: 7. Conflict Of Interest.docx
2025-03-13 10:51:02,909 - ERROR - Error locking VML shape: too many values to unpack (expected 2)
2025-03-13 10:51:02,909 - INFO - Found 2 unprotected shapes
2025-03-13 10:51:02,909 - INFO - Found keywords in paragraph 1
2025-03-13 10:51:02,909 - INFO - Found keyword '*ADD C&N*' in paragraph
2025-03-13 10:51:02,909 - INFO - Found keywords in paragraph 4
2025-03-13 10:51:02,909 - INFO - Found keyword '*ADD P&R*' in paragraph
2025-03-13 10:51:02,909 - INFO - Found keywords in paragraph 10
2025-03-13 10:51:02,909 - INFO - Found keyword '*ADD DD*' in paragraph
2025-03-13 10:51:02,957 - INFO - Successfully saved processed document: 7. Conflict Of Interest.docx
2025-03-13 10:51:02,957 - INFO - Successfully opened document: 8. Bid Requirements.docx
2025-03-13 10:51:02,957 - ERROR - Error locking VML shape: too many values to unpack (expected 2)
2025-03-13 10:51:02,957 - INFO - Found 2 unprotected shapes
2025-03-13 10:51:02,957 - INFO - Found keywords in paragraph 1
2025-03-13 10:51:02,957 - INFO - Found keyword '*ADD C&N*' in paragraph
2025-03-13 10:51:02,957 - INFO - Found keywords in paragraph 4
2025-03-13 10:51:02,957 - INFO - Found keyword '*ADD P&R*' in paragraph
2025-03-13 10:51:02,973 - INFO - Found keywords in paragraph 10
2025-03-13 10:51:02,973 - INFO - Found keyword '*ADD DD*' in paragraph
2025-03-13 10:51:03,005 - INFO - Successfully saved processed document: 8. Bid Requirements.docx
2025-03-13 10:51:03,021 - INFO - Successfully opened document: 9. All Declaration.docx
2025-03-13 10:51:03,021 - ERROR - Error locking VML shape: too many values to unpack (expected 2)
2025-03-13 10:51:03,021 - INFO - Found 2 unprotected shapes
2025-03-13 10:51:03,021 - INFO - Found keywords in paragraph 1
2025-03-13 10:51:03,021 - INFO - Found keyword '*ADD C&N*' in paragraph
2025-03-13 10:51:03,021 - INFO - Found keywords in paragraph 4
2025-03-13 10:51:03,021 - INFO - Found keyword '*ADD P&R*' in paragraph
2025-03-13 10:51:03,021 - INFO - Found keywords in paragraph 14
2025-03-13 10:51:03,021 - INFO - Found keyword '*ADD DD*' in paragraph
2025-03-13 10:51:03,069 - INFO - Successfully saved processed document: 9. All Declaration.docx
2025-03-13 10:51:03,084 - INFO - Successfully opened document: 1. Power Of Attorney.docx
2025-03-13 10:51:03,084 - ERROR - Error locking VML shape: too many values to unpack (expected 2)
2025-03-13 10:51:03,084 - INFO - Found 2 unprotected shapes
2025-03-13 10:51:03,084 - INFO - Found keywords in paragraph 3
2025-03-13 10:51:03,084 - INFO - Found keyword '*ADD P&R*' in paragraph
2025-03-13 10:51:03,084 - INFO - Found keywords in paragraph 6
2025-03-13 10:51:03,084 - INFO - Found keyword '*ADD P&R*' in paragraph
2025-03-13 10:51:03,084 - INFO - Found keywords in paragraph 7
2025-03-13 10:51:03,084 - INFO - Found keyword '*ADD C&N*' in paragraph
2025-03-13 10:51:03,100 - INFO - Found keyword '*ADD S&D*' in paragraph
2025-03-13 10:51:03,100 - INFO - Found keywords in paragraph 9
2025-03-13 10:51:03,100 - INFO - Found keyword '*ADD DD*' in paragraph
2025-03-13 10:51:03,132 - INFO - Successfully saved processed document: 1. Power Of Attorney.docx
2025-03-13 10:51:03,164 - INFO - Successfully opened document: 2. Cover Letter.docx
2025-03-13 10:51:03,164 - ERROR - Error locking VML shape: too many values to unpack (expected 2)
2025-03-13 10:51:03,164 - INFO - Found 2 unprotected shapes
2025-03-13 10:51:03,164 - INFO - Found keywords in paragraph 1
2025-03-13 10:51:03,164 - INFO - Found keyword '*ADD DD*' in paragraph
2025-03-13 10:51:03,164 - INFO - Found keywords in paragraph 2
2025-03-13 10:51:03,164 - INFO - Found keyword '*ADD C&N*' in paragraph
2025-03-13 10:51:03,164 - INFO - Found keywords in paragraph 3
2025-03-13 10:51:03,164 - INFO - Found keyword '*ADD P&B*' in paragraph
2025-03-13 10:51:03,164 - INFO - Found keywords in paragraph 4
2025-03-13 10:51:03,164 - INFO - Found keyword '*ADD T*' in paragraph
2025-03-13 10:51:03,164 - INFO - Found keywords in paragraph 7
2025-03-13 10:51:03,164 - INFO - Found keyword '*ADD P&R*' in paragraph
2025-03-13 10:51:03,164 - INFO - Found keywords in paragraph 8
2025-03-13 10:51:03,164 - INFO - Found keyword '*ADD S&D*' in paragraph
2025-03-13 10:51:03,164 - INFO - Found keywords in paragraph 14
2025-03-13 10:51:03,164 - INFO - Found keyword '*ADD C&N*' in paragraph
2025-03-13 10:51:03,164 - INFO - Found keywords in paragraph 20
2025-03-13 10:51:03,164 - INFO - Found keyword '*ADD V&P*' in paragraph
2025-03-13 10:51:03,164 - INFO - Found keywords in paragraph 28
2025-03-13 10:51:03,164 - INFO - Found keyword '*ADD DD*' in paragraph
2025-03-13 10:51:03,222 - INFO - Successfully saved processed document: 2. Cover Letter.docx
2025-03-13 10:51:03,234 - INFO - Successfully opened document: 3. Undertaking - Labour.docx
2025-03-13 10:51:03,234 - ERROR - Error locking VML shape: too many values to unpack (expected 2)
2025-03-13 10:51:03,236 - INFO - Found 2 unprotected shapes
2025-03-13 10:51:03,236 - INFO - Found keywords in paragraph 1
2025-03-13 10:51:03,236 - INFO - Found keyword '*ADD C&N*' in paragraph
2025-03-13 10:51:03,236 - INFO - Found keywords in paragraph 4
2025-03-13 10:51:03,236 - INFO - Found keyword '*ADD P&R*' in paragraph
2025-03-13 10:51:03,239 - INFO - Found keywords in paragraph 16
2025-03-13 10:51:03,239 - INFO - Found keyword '*ADD DD*' in paragraph
2025-03-13 10:51:03,286 - INFO - Successfully saved processed document: 3. Undertaking - Labour.docx
2025-03-13 10:51:03,305 - INFO - Successfully opened document: 4. Undertaking - Salaries.docx
2025-03-13 10:51:03,307 - ERROR - Error locking VML shape: too many values to unpack (expected 2)
2025-03-13 10:51:03,307 - INFO - Found 2 unprotected shapes
2025-03-13 10:51:03,309 - INFO - Found keywords in paragraph 1
2025-03-13 10:51:03,309 - INFO - Found keyword '*ADD C&N*' in paragraph
2025-03-13 10:51:03,311 - INFO - Found keywords in paragraph 4
2025-03-13 10:51:03,311 - INFO - Found keyword '*ADD P&R*' in paragraph
2025-03-13 10:51:03,315 - INFO - Found keywords in paragraph 16
2025-03-13 10:51:03,315 - INFO - Found keyword '*ADD DD*' in paragraph
2025-03-13 10:51:03,370 - INFO - Successfully saved processed document: 4. Undertaking - Salaries.docx
2025-03-13 10:51:03,370 - INFO - Successfully opened document: 5. Local Content.docx
2025-03-13 10:51:03,370 - ERROR - Error locking VML shape: too many values to unpack (expected 2)
2025-03-13 10:51:03,370 - INFO - Found 2 unprotected shapes
2025-03-13 10:51:03,370 - INFO - Found keywords in paragraph 1
2025-03-13 10:51:03,370 - INFO - Found keyword '*ADD C&N*' in paragraph
2025-03-13 10:51:03,386 - INFO - Found keywords in paragraph 4
2025-03-13 10:51:03,386 - INFO - Found keyword '*ADD P&R*' in paragraph
2025-03-13 10:51:03,388 - INFO - Found keywords in paragraph 10
2025-03-13 10:51:03,388 - INFO - Found keyword '*ADD DD*' in paragraph
2025-03-13 10:51:03,433 - INFO - Successfully saved processed document: 5. Local Content.docx
2025-03-13 10:51:03,449 - INFO - Successfully opened document: 6. Employment.docx
2025-03-13 10:51:03,449 - ERROR - Error locking VML shape: too many values to unpack (expected 2)
2025-03-13 10:51:03,449 - INFO - Found 2 unprotected shapes
2025-03-13 10:51:03,449 - INFO - Found keywords in paragraph 1
2025-03-13 10:51:03,449 - INFO - Found keyword '*ADD C&N*' in paragraph
2025-03-13 10:51:03,449 - INFO - Found keywords in paragraph 4
2025-03-13 10:51:03,449 - INFO - Found keyword '*ADD P&R*' in paragraph
2025-03-13 10:51:03,465 - INFO - Found keywords in paragraph 10
2025-03-13 10:51:03,465 - INFO - Found keyword '*ADD DD*' in paragraph
2025-03-13 10:51:03,512 - INFO - Successfully saved processed document: 6. Employment.docx
2025-03-13 10:51:03,528 - INFO - Successfully opened document: 7. Conflict Of Interest.docx
2025-03-13 10:51:03,528 - ERROR - Error locking VML shape: too many values to unpack (expected 2)
2025-03-13 10:51:03,528 - INFO - Found 2 unprotected shapes
2025-03-13 10:51:03,528 - INFO - Found keywords in paragraph 1
2025-03-13 10:51:03,528 - INFO - Found keyword '*ADD C&N*' in paragraph
2025-03-13 10:51:03,528 - INFO - Found keywords in paragraph 4
2025-03-13 10:51:03,528 - INFO - Found keyword '*ADD P&R*' in paragraph
2025-03-13 10:51:03,528 - INFO - Found keywords in paragraph 10
2025-03-13 10:51:03,528 - INFO - Found keyword '*ADD DD*' in paragraph
2025-03-13 10:51:03,575 - INFO - Successfully saved processed document: 7. Conflict Of Interest.docx
2025-03-13 10:51:03,593 - INFO - Successfully opened document: 8. Bid Requirements.docx
2025-03-13 10:51:03,593 - ERROR - Error locking VML shape: too many values to unpack (expected 2)
2025-03-13 10:51:03,593 - INFO - Found 2 unprotected shapes
2025-03-13 10:51:03,593 - INFO - Found keywords in paragraph 1
2025-03-13 10:51:03,593 - INFO - Found keyword '*ADD C&N*' in paragraph
2025-03-13 10:51:03,593 - INFO - Found keywords in paragraph 4
2025-03-13 10:51:03,593 - INFO - Found keyword '*ADD P&R*' in paragraph
2025-03-13 10:51:03,593 - INFO - Found keywords in paragraph 10
2025-03-13 10:51:03,593 - INFO - Found keyword '*ADD DD*' in paragraph
2025-03-13 10:51:03,639 - INFO - Successfully saved processed document: 8. Bid Requirements.docx
2025-03-13 10:51:03,639 - INFO - Successfully opened document: 9. All Declaration.docx
2025-03-13 10:51:03,639 - ERROR - Error locking VML shape: too many values to unpack (expected 2)
2025-03-13 10:51:03,639 - INFO - Found 2 unprotected shapes
2025-03-13 10:51:03,639 - INFO - Found keywords in paragraph 1
2025-03-13 10:51:03,639 - INFO - Found keyword '*ADD C&N*' in paragraph
2025-03-13 10:51:03,654 - INFO - Found keywords in paragraph 4
2025-03-13 10:51:03,654 - INFO - Found keyword '*ADD P&R*' in paragraph
2025-03-13 10:51:03,654 - INFO - Found keywords in paragraph 14
2025-03-13 10:51:03,654 - INFO - Found keyword '*ADD DD*' in paragraph
2025-03-13 10:51:03,686 - INFO - Successfully saved processed document: 9. All Declaration.docx
2025-03-13 10:52:40,911 - INFO - Successfully opened document: 10. Twinrain Table of Contents Section Covers.docx
2025-03-13 10:52:40,926 - INFO - Found 2 unprotected shapes
2025-03-13 10:52:40,926 - INFO - Found keywords in header
2025-03-13 10:52:40,926 - INFO - Found keyword '*ADD P&R*' in paragraph
2025-03-13 10:52:40,926 - INFO - Found keywords in footer
2025-03-13 10:52:40,926 - INFO - Found keyword '*ADD C&N*' in paragraph
2025-03-13 10:52:40,926 - INFO - Found keywords in paragraph 16
2025-03-13 10:52:40,926 - INFO - Found keyword '*ADD C&N*' in paragraph
2025-03-13 10:52:40,926 - INFO - Found keywords in paragraph 17
2025-03-13 10:52:40,943 - INFO - Found keyword '*ADD P&R*' in paragraph
2025-03-13 10:52:40,943 - INFO - Found keywords in paragraph 19
2025-03-13 10:52:40,943 - INFO - Found keyword '*ADD S&D*' in paragraph
2025-03-13 10:52:40,943 - INFO - Found keywords in paragraph 21
2025-03-13 10:52:40,943 - INFO - Found keyword '*ADD L*' in paragraph
2025-03-13 10:52:40,965 - INFO - Successfully saved processed document: 10. Twinrain Table of Contents Section Covers.docx
2025-03-13 10:52:40,990 - INFO - Successfully opened document: 11. Cover Page.docx
2025-03-13 10:52:40,990 - INFO - Found 1 unprotected shapes
2025-03-13 10:52:40,990 - INFO - Found keywords in paragraph 4
2025-03-13 10:52:40,990 - INFO - Found keyword '*ADD P&R*' in paragraph
2025-03-13 10:52:40,990 - INFO - Found keywords in paragraph 7
2025-03-13 10:52:40,990 - INFO - Found keyword '*ADD S&D*' in paragraph
2025-03-13 10:52:40,990 - INFO - Found keywords in paragraph 9
2025-03-13 10:52:40,990 - INFO - Found keyword '*ADD C&N*' in paragraph
2025-03-13 10:52:40,990 - INFO - Found keywords in paragraph 11
2025-03-13 10:52:40,990 - INFO - Found keyword '*ADD L*' in paragraph
2025-03-13 10:52:40,990 - INFO - Found keywords in paragraph 13
2025-03-13 10:52:40,990 - INFO - Found keyword '*ADD DD*' in paragraph
2025-03-13 10:52:41,038 - INFO - Successfully saved processed document: 11. Cover Page.docx
2025-03-13 10:52:41,054 - INFO - Successfully opened document: 10. Twinrain Table of Contents Section Covers.docx
2025-03-13 10:52:41,054 - INFO - Found 2 unprotected shapes
2025-03-13 10:52:41,054 - INFO - Found keywords in header
2025-03-13 10:52:41,054 - INFO - Found keyword '*ADD P&R*' in paragraph
2025-03-13 10:52:41,054 - INFO - Found keywords in footer
2025-03-13 10:52:41,054 - INFO - Found keyword '*ADD C&N*' in paragraph
2025-03-13 10:52:41,054 - INFO - Found 1 unprotected shapes
2025-03-13 10:52:41,054 - INFO - Found 1 unprotected shapes
2025-03-13 10:52:41,054 - INFO - Found 1 unprotected shapes
2025-03-13 10:52:41,070 - INFO - Found keywords in paragraph 16
2025-03-13 10:52:41,070 - INFO - Found keyword '*ADD C&N*' in paragraph
2025-03-13 10:52:41,070 - INFO - Found keywords in paragraph 17
2025-03-13 10:52:41,070 - INFO - Found keyword '*ADD P&R*' in paragraph
2025-03-13 10:52:41,070 - INFO - Found keywords in paragraph 19
2025-03-13 10:52:41,070 - INFO - Found keyword '*ADD S&D*' in paragraph
2025-03-13 10:52:41,070 - INFO - Found keywords in paragraph 21
2025-03-13 10:52:41,070 - INFO - Found keyword '*ADD L*' in paragraph
2025-03-13 10:52:41,086 - INFO - Successfully saved processed document: 10. Twinrain Table of Contents Section Covers.docx
2025-03-13 10:52:41,119 - INFO - Successfully opened document: 11. Cover Page.docx
2025-03-13 10:52:41,119 - INFO - Found 1 unprotected shapes
2025-03-13 10:52:41,121 - INFO - Found keywords in paragraph 4
2025-03-13 10:52:41,121 - INFO - Found keyword '*ADD P&R*' in paragraph
2025-03-13 10:52:41,121 - INFO - Found keywords in paragraph 7
2025-03-13 10:52:41,121 - INFO - Found keyword '*ADD S&D*' in paragraph
2025-03-13 10:52:41,123 - INFO - Found keywords in paragraph 9
2025-03-13 10:52:41,123 - INFO - Found keyword '*ADD C&N*' in paragraph
2025-03-13 10:52:41,123 - INFO - Found keywords in paragraph 11
2025-03-13 10:52:41,123 - INFO - Found keyword '*ADD L*' in paragraph
2025-03-13 10:52:41,125 - INFO - Found keywords in paragraph 13
2025-03-13 10:52:41,125 - INFO - Found keyword '*ADD DD*' in paragraph
2025-03-13 10:52:41,173 - INFO - Successfully saved processed document: 11. Cover Page.docx
2025-03-13 10:52:41,182 - INFO - Successfully opened document: 1. Power Of Attorney.docx
2025-03-13 10:52:41,182 - ERROR - Error locking VML shape: too many values to unpack (expected 2)
2025-03-13 10:52:41,182 - INFO - Found 2 unprotected shapes
2025-03-13 10:52:41,184 - INFO - Found keywords in paragraph 5
2025-03-13 10:52:41,184 - INFO - Found keyword '*ADD P&R*' in paragraph
2025-03-13 10:52:41,184 - INFO - Found keywords in paragraph 8
2025-03-13 10:52:41,184 - INFO - Found keyword '*ADD P&R*' in paragraph
2025-03-13 10:52:41,186 - INFO - Found keywords in paragraph 9
2025-03-13 10:52:41,186 - INFO - Found keyword '*ADD C&N*' in paragraph
2025-03-13 10:52:41,188 - INFO - Found keyword '*ADD S&D*' in paragraph
2025-03-13 10:52:41,190 - INFO - Found keywords in paragraph 11
2025-03-13 10:52:41,190 - INFO - Found keyword '*ADD DD*' in paragraph
2025-03-13 10:52:41,228 - INFO - Successfully saved processed document: 1. Power Of Attorney.docx
2025-03-13 10:52:41,244 - INFO - Successfully opened document: 2. Cover Letter.docx
2025-03-13 10:52:41,244 - ERROR - Error locking VML shape: too many values to unpack (expected 2)
2025-03-13 10:52:41,244 - INFO - Found 2 unprotected shapes
2025-03-13 10:52:41,244 - INFO - Found keywords in paragraph 1
2025-03-13 10:52:41,244 - INFO - Found keyword '*ADD DD*' in paragraph
2025-03-13 10:52:41,244 - INFO - Found keywords in paragraph 2
2025-03-13 10:52:41,244 - INFO - Found keyword '*ADD C&N*' in paragraph
2025-03-13 10:52:41,244 - INFO - Found keywords in paragraph 3
2025-03-13 10:52:41,244 - INFO - Found keyword '*ADD P&B*' in paragraph
2025-03-13 10:52:41,244 - INFO - Found keywords in paragraph 4
2025-03-13 10:52:41,244 - INFO - Found keyword '*ADD T*' in paragraph
2025-03-13 10:52:41,244 - INFO - Found keywords in paragraph 7
2025-03-13 10:52:41,244 - INFO - Found keyword '*ADD P&R*' in paragraph
2025-03-13 10:52:41,244 - INFO - Found keywords in paragraph 8
2025-03-13 10:52:41,244 - INFO - Found keyword '*ADD S&D*' in paragraph
2025-03-13 10:52:41,244 - INFO - Found keywords in paragraph 14
2025-03-13 10:52:41,244 - INFO - Found keyword '*ADD C&N*' in paragraph
2025-03-13 10:52:41,244 - INFO - Found keywords in paragraph 20
2025-03-13 10:52:41,244 - INFO - Found keyword '*ADD V&P*' in paragraph
2025-03-13 10:52:41,244 - INFO - Found keywords in paragraph 28
2025-03-13 10:52:41,244 - INFO - Found keyword '*ADD DD*' in paragraph
2025-03-13 10:52:41,292 - INFO - Successfully saved processed document: 2. Cover Letter.docx
2025-03-13 10:52:41,308 - INFO - Successfully opened document: 3. Undertaking - Labour.docx
2025-03-13 10:52:41,308 - ERROR - Error locking VML shape: too many values to unpack (expected 2)
2025-03-13 10:52:41,308 - INFO - Found 2 unprotected shapes
2025-03-13 10:52:41,308 - INFO - Found keywords in paragraph 1
2025-03-13 10:52:41,308 - INFO - Found keyword '*ADD C&N*' in paragraph
2025-03-13 10:52:41,308 - INFO - Found keywords in paragraph 4
2025-03-13 10:52:41,308 - INFO - Found keyword '*ADD P&R*' in paragraph
2025-03-13 10:52:41,308 - INFO - Found keywords in paragraph 16
2025-03-13 10:52:41,308 - INFO - Found keyword '*ADD DD*' in paragraph
2025-03-13 10:52:41,356 - INFO - Successfully saved processed document: 3. Undertaking - Labour.docx
2025-03-13 10:52:41,372 - INFO - Successfully opened document: 4. Undertaking - Salaries.docx
2025-03-13 10:52:41,372 - ERROR - Error locking VML shape: too many values to unpack (expected 2)
2025-03-13 10:52:41,372 - INFO - Found 2 unprotected shapes
2025-03-13 10:52:41,372 - INFO - Found keywords in paragraph 1
2025-03-13 10:52:41,372 - INFO - Found keyword '*ADD C&N*' in paragraph
2025-03-13 10:52:41,372 - INFO - Found keywords in paragraph 4
2025-03-13 10:52:41,372 - INFO - Found keyword '*ADD P&R*' in paragraph
2025-03-13 10:52:41,372 - INFO - Found keywords in paragraph 16
2025-03-13 10:52:41,372 - INFO - Found keyword '*ADD DD*' in paragraph
2025-03-13 10:52:41,403 - INFO - Successfully saved processed document: 4. Undertaking - Salaries.docx
2025-03-13 10:52:41,419 - INFO - Successfully opened document: 5. Local Content.docx
2025-03-13 10:52:41,419 - ERROR - Error locking VML shape: too many values to unpack (expected 2)
2025-03-13 10:52:41,419 - INFO - Found 2 unprotected shapes
2025-03-13 10:52:41,419 - INFO - Found keywords in paragraph 1
2025-03-13 10:52:41,419 - INFO - Found keyword '*ADD C&N*' in paragraph
2025-03-13 10:52:41,419 - INFO - Found keywords in paragraph 4
2025-03-13 10:52:41,419 - INFO - Found keyword '*ADD P&R*' in paragraph
2025-03-13 10:52:41,435 - INFO - Found keywords in paragraph 10
2025-03-13 10:52:41,435 - INFO - Found keyword '*ADD DD*' in paragraph
2025-03-13 10:52:41,467 - INFO - Successfully saved processed document: 5. Local Content.docx
2025-03-13 10:52:41,483 - INFO - Successfully opened document: 6. Employment.docx
2025-03-13 10:52:41,483 - ERROR - Error locking VML shape: too many values to unpack (expected 2)
2025-03-13 10:52:41,483 - INFO - Found 2 unprotected shapes
2025-03-13 10:52:41,483 - INFO - Found keywords in paragraph 1
2025-03-13 10:52:41,483 - INFO - Found keyword '*ADD C&N*' in paragraph
2025-03-13 10:52:41,483 - INFO - Found keywords in paragraph 4
2025-03-13 10:52:41,483 - INFO - Found keyword '*ADD P&R*' in paragraph
2025-03-13 10:52:41,483 - INFO - Found keywords in paragraph 10
2025-03-13 10:52:41,483 - INFO - Found keyword '*ADD DD*' in paragraph
2025-03-13 10:52:41,531 - INFO - Successfully saved processed document: 6. Employment.docx
2025-03-13 10:52:41,531 - INFO - Successfully opened document: 7. Conflict Of Interest.docx
2025-03-13 10:52:41,531 - ERROR - Error locking VML shape: too many values to unpack (expected 2)
2025-03-13 10:52:41,531 - INFO - Found 2 unprotected shapes
2025-03-13 10:52:41,531 - INFO - Found keywords in paragraph 1
2025-03-13 10:52:41,531 - INFO - Found keyword '*ADD C&N*' in paragraph
2025-03-13 10:52:41,547 - INFO - Found keywords in paragraph 4
2025-03-13 10:52:41,547 - INFO - Found keyword '*ADD P&R*' in paragraph
2025-03-13 10:52:41,547 - INFO - Found keywords in paragraph 10
2025-03-13 10:52:41,547 - INFO - Found keyword '*ADD DD*' in paragraph
2025-03-13 10:52:41,579 - INFO - Successfully saved processed document: 7. Conflict Of Interest.docx
2025-03-13 10:52:41,595 - INFO - Successfully opened document: 8. Bid Requirements.docx
2025-03-13 10:52:41,595 - ERROR - Error locking VML shape: too many values to unpack (expected 2)
2025-03-13 10:52:41,595 - INFO - Found 2 unprotected shapes
2025-03-13 10:52:41,595 - INFO - Found keywords in paragraph 1
2025-03-13 10:52:41,595 - INFO - Found keyword '*ADD C&N*' in paragraph
2025-03-13 10:52:41,595 - INFO - Found keywords in paragraph 4
2025-03-13 10:52:41,595 - INFO - Found keyword '*ADD P&R*' in paragraph
2025-03-13 10:52:41,595 - INFO - Found keywords in paragraph 10
2025-03-13 10:52:41,595 - INFO - Found keyword '*ADD DD*' in paragraph
2025-03-13 10:52:41,643 - INFO - Successfully saved processed document: 8. Bid Requirements.docx
2025-03-13 10:52:41,659 - INFO - Successfully opened document: 9. All Declaration.docx
2025-03-13 10:52:41,659 - ERROR - Error locking VML shape: too many values to unpack (expected 2)
2025-03-13 10:52:41,659 - INFO - Found 2 unprotected shapes
2025-03-13 10:52:41,659 - INFO - Found keywords in paragraph 1
2025-03-13 10:52:41,659 - INFO - Found keyword '*ADD C&N*' in paragraph
2025-03-13 10:52:41,659 - INFO - Found keywords in paragraph 4
2025-03-13 10:52:41,659 - INFO - Found keyword '*ADD P&R*' in paragraph
2025-03-13 10:52:41,674 - INFO - Found keywords in paragraph 14
2025-03-13 10:52:41,674 - INFO - Found keyword '*ADD DD*' in paragraph
2025-03-13 10:52:41,706 - INFO - Successfully saved processed document: 9. All Declaration.docx
2025-03-13 10:52:41,722 - INFO - Successfully opened document: 1. Power Of Attorney.docx
2025-03-13 10:52:41,722 - ERROR - Error locking VML shape: too many values to unpack (expected 2)
2025-03-13 10:52:41,722 - INFO - Found 2 unprotected shapes
2025-03-13 10:52:41,722 - INFO - Found keywords in paragraph 3
2025-03-13 10:52:41,722 - INFO - Found keyword '*ADD P&R*' in paragraph
2025-03-13 10:52:41,722 - INFO - Found keywords in paragraph 6
2025-03-13 10:52:41,722 - INFO - Found keyword '*ADD P&R*' in paragraph
2025-03-13 10:52:41,722 - INFO - Found keywords in paragraph 7
2025-03-13 10:52:41,722 - INFO - Found keyword '*ADD C&N*' in paragraph
2025-03-13 10:52:41,722 - INFO - Found keyword '*ADD S&D*' in paragraph
2025-03-13 10:52:41,722 - INFO - Found keywords in paragraph 9
2025-03-13 10:52:41,722 - INFO - Found keyword '*ADD DD*' in paragraph
2025-03-13 10:52:41,779 - INFO - Successfully saved processed document: 1. Power Of Attorney.docx
2025-03-13 10:52:41,793 - INFO - Successfully opened document: 2. Cover Letter.docx
2025-03-13 10:52:41,793 - ERROR - Error locking VML shape: too many values to unpack (expected 2)
2025-03-13 10:52:41,794 - INFO - Found 2 unprotected shapes
2025-03-13 10:52:41,795 - INFO - Found keywords in paragraph 1
2025-03-13 10:52:41,795 - INFO - Found keyword '*ADD DD*' in paragraph
2025-03-13 10:52:41,795 - INFO - Found keywords in paragraph 2
2025-03-13 10:52:41,795 - INFO - Found keyword '*ADD C&N*' in paragraph
2025-03-13 10:52:41,796 - INFO - Found keywords in paragraph 3
2025-03-13 10:52:41,796 - INFO - Found keyword '*ADD P&B*' in paragraph
2025-03-13 10:52:41,797 - INFO - Found keywords in paragraph 4
2025-03-13 10:52:41,797 - INFO - Found keyword '*ADD T*' in paragraph
2025-03-13 10:52:41,797 - INFO - Found keywords in paragraph 7
2025-03-13 10:52:41,797 - INFO - Found keyword '*ADD P&R*' in paragraph
2025-03-13 10:52:41,798 - INFO - Found keywords in paragraph 8
2025-03-13 10:52:41,798 - INFO - Found keyword '*ADD S&D*' in paragraph
2025-03-13 10:52:41,799 - INFO - Found keywords in paragraph 14
2025-03-13 10:52:41,799 - INFO - Found keyword '*ADD C&N*' in paragraph
2025-03-13 10:52:41,800 - INFO - Found keywords in paragraph 20
2025-03-13 10:52:41,801 - INFO - Found keyword '*ADD V&P*' in paragraph
2025-03-13 10:52:41,802 - INFO - Found keywords in paragraph 28
2025-03-13 10:52:41,802 - INFO - Found keyword '*ADD DD*' in paragraph
2025-03-13 10:52:41,849 - INFO - Successfully saved processed document: 2. Cover Letter.docx
2025-03-13 10:52:41,866 - INFO - Successfully opened document: 3. Undertaking - Labour.docx
2025-03-13 10:52:41,866 - ERROR - Error locking VML shape: too many values to unpack (expected 2)
2025-03-13 10:52:41,866 - INFO - Found 2 unprotected shapes
2025-03-13 10:52:41,866 - INFO - Found keywords in paragraph 1
2025-03-13 10:52:41,866 - INFO - Found keyword '*ADD C&N*' in paragraph
2025-03-13 10:52:41,866 - INFO - Found keywords in paragraph 4
2025-03-13 10:52:41,866 - INFO - Found keyword '*ADD P&R*' in paragraph
2025-03-13 10:52:41,872 - INFO - Found keywords in paragraph 16
2025-03-13 10:52:41,872 - INFO - Found keyword '*ADD DD*' in paragraph
2025-03-13 10:52:41,913 - INFO - Successfully saved processed document: 3. Undertaking - Labour.docx
2025-03-13 10:52:41,933 - INFO - Successfully opened document: 4. Undertaking - Salaries.docx
2025-03-13 10:52:41,934 - ERROR - Error locking VML shape: too many values to unpack (expected 2)
2025-03-13 10:52:41,934 - INFO - Found 2 unprotected shapes
2025-03-13 10:52:41,935 - INFO - Found keywords in paragraph 1
2025-03-13 10:52:41,935 - INFO - Found keyword '*ADD C&N*' in paragraph
2025-03-13 10:52:41,936 - INFO - Found keywords in paragraph 4
2025-03-13 10:52:41,936 - INFO - Found keyword '*ADD P&R*' in paragraph
2025-03-13 10:52:41,938 - INFO - Found keywords in paragraph 16
2025-03-13 10:52:41,938 - INFO - Found keyword '*ADD DD*' in paragraph
2025-03-13 10:52:41,983 - INFO - Successfully saved processed document: 4. Undertaking - Salaries.docx
2025-03-13 10:52:41,997 - INFO - Successfully opened document: 5. Local Content.docx
2025-03-13 10:52:41,998 - ERROR - Error locking VML shape: too many values to unpack (expected 2)
2025-03-13 10:52:41,998 - INFO - Found 2 unprotected shapes
2025-03-13 10:52:41,999 - INFO - Found keywords in paragraph 1
2025-03-13 10:52:41,999 - INFO - Found keyword '*ADD C&N*' in paragraph
2025-03-13 10:52:42,000 - INFO - Found keywords in paragraph 4
2025-03-13 10:52:42,000 - INFO - Found keyword '*ADD P&R*' in paragraph
2025-03-13 10:52:42,001 - INFO - Found keywords in paragraph 10
2025-03-13 10:52:42,001 - INFO - Found keyword '*ADD DD*' in paragraph
2025-03-13 10:52:42,044 - INFO - Successfully saved processed document: 5. Local Content.docx
2025-03-13 10:52:42,056 - INFO - Successfully opened document: 6. Employment.docx
2025-03-13 10:52:42,057 - ERROR - Error locking VML shape: too many values to unpack (expected 2)
2025-03-13 10:52:42,057 - INFO - Found 2 unprotected shapes
2025-03-13 10:52:42,058 - INFO - Found keywords in paragraph 1
2025-03-13 10:52:42,058 - INFO - Found keyword '*ADD C&N*' in paragraph
2025-03-13 10:52:42,059 - INFO - Found keywords in paragraph 4
2025-03-13 10:52:42,059 - INFO - Found keyword '*ADD P&R*' in paragraph
2025-03-13 10:52:42,060 - INFO - Found keywords in paragraph 10
2025-03-13 10:52:42,060 - INFO - Found keyword '*ADD DD*' in paragraph
2025-03-13 10:52:42,099 - INFO - Successfully saved processed document: 6. Employment.docx
2025-03-13 10:52:42,115 - INFO - Successfully opened document: 7. Conflict Of Interest.docx
2025-03-13 10:52:42,115 - ERROR - Error locking VML shape: too many values to unpack (expected 2)
2025-03-13 10:52:42,115 - INFO - Found 2 unprotected shapes
2025-03-13 10:52:42,115 - INFO - Found keywords in paragraph 1
2025-03-13 10:52:42,115 - INFO - Found keyword '*ADD C&N*' in paragraph
2025-03-13 10:52:42,115 - INFO - Found keywords in paragraph 4
2025-03-13 10:52:42,115 - INFO - Found keyword '*ADD P&R*' in paragraph
2025-03-13 10:52:42,115 - INFO - Found keywords in paragraph 10
2025-03-13 10:52:42,115 - INFO - Found keyword '*ADD DD*' in paragraph
2025-03-13 10:52:42,164 - INFO - Successfully saved processed document: 7. Conflict Of Interest.docx
2025-03-13 10:52:42,178 - INFO - Successfully opened document: 8. Bid Requirements.docx
2025-03-13 10:52:42,179 - ERROR - Error locking VML shape: too many values to unpack (expected 2)
2025-03-13 10:52:42,179 - INFO - Found 2 unprotected shapes
2025-03-13 10:52:42,180 - INFO - Found keywords in paragraph 1
2025-03-13 10:52:42,180 - INFO - Found keyword '*ADD C&N*' in paragraph
2025-03-13 10:52:42,181 - INFO - Found keywords in paragraph 4
2025-03-13 10:52:42,181 - INFO - Found keyword '*ADD P&R*' in paragraph
2025-03-13 10:52:42,182 - INFO - Found keywords in paragraph 10
2025-03-13 10:52:42,182 - INFO - Found keyword '*ADD DD*' in paragraph
2025-03-13 10:52:42,225 - INFO - Successfully saved processed document: 8. Bid Requirements.docx
2025-03-13 10:52:42,236 - INFO - Successfully opened document: 9. All Declaration.docx
2025-03-13 10:52:42,237 - ERROR - Error locking VML shape: too many values to unpack (expected 2)
2025-03-13 10:52:42,237 - INFO - Found 2 unprotected shapes
2025-03-13 10:52:42,238 - INFO - Found keywords in paragraph 1
2025-03-13 10:52:42,238 - INFO - Found keyword '*ADD C&N*' in paragraph
2025-03-13 10:52:42,239 - INFO - Found keywords in paragraph 4
2025-03-13 10:52:42,239 - INFO - Found keyword '*ADD P&R*' in paragraph
2025-03-13 10:52:42,241 - INFO - Found keywords in paragraph 14
2025-03-13 10:52:42,241 - INFO - Found keyword '*ADD DD*' in paragraph
2025-03-13 10:52:42,282 - INFO - Successfully saved processed document: 9. All Declaration.docx
2025-03-13 10:59:53,961 - ERROR - An error occurred: DocumentProcessor.process_all_documents() takes 3 positional arguments but 4 were given
2025-03-13 11:00:26,758 - ERROR - An error occurred: DocumentProcessor.process_all_documents() takes 3 positional arguments but 4 were given
2025-03-13 11:03:20,414 - INFO - Successfully opened document: 10. Twinrain Table of Contents Section Covers.docx
2025-03-13 11:03:20,414 - INFO - Found 2 unprotected shapes
2025-03-13 11:03:20,414 - INFO - Found keywords in header
2025-03-13 11:03:20,414 - INFO - Found keyword '*ADD P&R*' in paragraph
2025-03-13 11:03:20,414 - INFO - Found keywords in footer
2025-03-13 11:03:20,414 - INFO - Found keyword '*ADD C&N*' in paragraph
2025-03-13 11:03:20,430 - INFO - Found keywords in paragraph 16
2025-03-13 11:03:20,430 - INFO - Found keyword '*ADD C&N*' in paragraph
2025-03-13 11:03:20,430 - INFO - Found keywords in paragraph 17
2025-03-13 11:03:20,430 - INFO - Found keyword '*ADD P&R*' in paragraph
2025-03-13 11:03:20,430 - INFO - Found keywords in paragraph 19
2025-03-13 11:03:20,430 - INFO - Found keyword '*ADD S&D*' in paragraph
2025-03-13 11:03:20,430 - INFO - Found keywords in paragraph 21
2025-03-13 11:03:20,430 - INFO - Found keyword '*ADD L*' in paragraph
2025-03-13 11:03:20,462 - INFO - Successfully saved processed document: 10. Twinrain Table of Contents Section Covers.docx
2025-03-13 11:03:20,478 - INFO - Successfully opened document: 11. Cover Page.docx
2025-03-13 11:03:20,478 - INFO - Found 1 unprotected shapes
2025-03-13 11:03:20,478 - INFO - Found keywords in paragraph 4
2025-03-13 11:03:20,478 - INFO - Found keyword '*ADD P&R*' in paragraph
2025-03-13 11:03:20,478 - INFO - Found keywords in paragraph 7
2025-03-13 11:03:20,478 - INFO - Found keyword '*ADD S&D*' in paragraph
2025-03-13 11:03:20,478 - INFO - Found keywords in paragraph 9
2025-03-13 11:03:20,478 - INFO - Found keyword '*ADD C&N*' in paragraph
2025-03-13 11:03:20,478 - INFO - Found keywords in paragraph 11
2025-03-13 11:03:20,478 - INFO - Found keyword '*ADD L*' in paragraph
2025-03-13 11:03:20,478 - INFO - Found keywords in paragraph 13
2025-03-13 11:03:20,478 - INFO - Found keyword '*ADD DD*' in paragraph
2025-03-13 11:03:20,525 - INFO - Successfully saved processed document: 11. Cover Page.docx
2025-03-13 11:03:20,557 - INFO - Successfully opened document: 10. Twinrain Table of Contents Section Covers.docx
2025-03-13 11:03:20,557 - INFO - Found 2 unprotected shapes
2025-03-13 11:03:20,557 - INFO - Found keywords in header
2025-03-13 11:03:20,557 - INFO - Found keyword '*ADD P&R*' in paragraph
2025-03-13 11:03:20,557 - INFO - Found keywords in footer
2025-03-13 11:03:20,557 - INFO - Found keyword '*ADD C&N*' in paragraph
2025-03-13 11:03:20,557 - INFO - Found 1 unprotected shapes
2025-03-13 11:03:20,557 - INFO - Found 1 unprotected shapes
2025-03-13 11:03:20,557 - INFO - Found 1 unprotected shapes
2025-03-13 11:03:20,573 - INFO - Found keywords in paragraph 16
2025-03-13 11:03:20,573 - INFO - Found keyword '*ADD C&N*' in paragraph
2025-03-13 11:03:20,573 - INFO - Found keywords in paragraph 17
2025-03-13 11:03:20,573 - INFO - Found keyword '*ADD P&R*' in paragraph
2025-03-13 11:03:20,573 - INFO - Found keywords in paragraph 19
2025-03-13 11:03:20,573 - INFO - Found keyword '*ADD S&D*' in paragraph
2025-03-13 11:03:20,573 - INFO - Found keywords in paragraph 21
2025-03-13 11:03:20,573 - INFO - Found keyword '*ADD L*' in paragraph
2025-03-13 11:03:20,589 - INFO - Successfully saved processed document: 10. Twinrain Table of Contents Section Covers.docx
2025-03-13 11:03:20,605 - INFO - Successfully opened document: 11. Cover Page.docx
2025-03-13 11:03:20,605 - INFO - Found 1 unprotected shapes
2025-03-13 11:03:20,605 - INFO - Found keywords in paragraph 4
2025-03-13 11:03:20,605 - INFO - Found keyword '*ADD P&R*' in paragraph
2025-03-13 11:03:20,605 - INFO - Found keywords in paragraph 7
2025-03-13 11:03:20,605 - INFO - Found keyword '*ADD S&D*' in paragraph
2025-03-13 11:03:20,605 - INFO - Found keywords in paragraph 9
2025-03-13 11:03:20,605 - INFO - Found keyword '*ADD C&N*' in paragraph
2025-03-13 11:03:20,605 - INFO - Found keywords in paragraph 11
2025-03-13 11:03:20,605 - INFO - Found keyword '*ADD L*' in paragraph
2025-03-13 11:03:20,605 - INFO - Found keywords in paragraph 13
2025-03-13 11:03:20,605 - INFO - Found keyword '*ADD DD*' in paragraph
2025-03-13 11:03:20,652 - INFO - Successfully saved processed document: 11. Cover Page.docx
2025-03-13 11:03:20,668 - INFO - Successfully opened document: 1. Power Of Attorney.docx
2025-03-13 11:03:20,668 - ERROR - Error locking VML shape: too many values to unpack (expected 2)
2025-03-13 11:03:20,668 - INFO - Found 2 unprotected shapes
2025-03-13 11:03:20,668 - INFO - Found keywords in paragraph 5
2025-03-13 11:03:20,668 - INFO - Found keyword '*ADD P&R*' in paragraph
2025-03-13 11:03:20,668 - INFO - Found keywords in paragraph 8
2025-03-13 11:03:20,668 - INFO - Found keyword '*ADD P&R*' in paragraph
2025-03-13 11:03:20,668 - INFO - Found keywords in paragraph 9
2025-03-13 11:03:20,668 - INFO - Found keyword '*ADD C&N*' in paragraph
2025-03-13 11:03:20,668 - INFO - Found keyword '*ADD S&D*' in paragraph
2025-03-13 11:03:20,684 - INFO - Found keywords in paragraph 11
2025-03-13 11:03:20,684 - INFO - Found keyword '*ADD DD*' in paragraph
2025-03-13 11:03:20,716 - INFO - Successfully saved processed document: 1. Power Of Attorney.docx
2025-03-13 11:03:20,731 - INFO - Successfully opened document: 2. Cover Letter.docx
2025-03-13 11:03:20,731 - ERROR - Error locking VML shape: too many values to unpack (expected 2)
2025-03-13 11:03:20,731 - INFO - Found 2 unprotected shapes
2025-03-13 11:03:20,731 - INFO - Found keywords in paragraph 1
2025-03-13 11:03:20,731 - INFO - Found keyword '*ADD DD*' in paragraph
2025-03-13 11:03:20,731 - INFO - Found keywords in paragraph 2
2025-03-13 11:03:20,731 - INFO - Found keyword '*ADD C&N*' in paragraph
2025-03-13 11:03:20,731 - INFO - Found keywords in paragraph 3
2025-03-13 11:03:20,731 - INFO - Found keyword '*ADD P&B*' in paragraph
2025-03-13 11:03:20,731 - INFO - Found keywords in paragraph 4
2025-03-13 11:03:20,731 - INFO - Found keyword '*ADD T*' in paragraph
2025-03-13 11:03:20,731 - INFO - Found keywords in paragraph 7
2025-03-13 11:03:20,731 - INFO - Found keyword '*ADD P&R*' in paragraph
2025-03-13 11:03:20,731 - INFO - Found keywords in paragraph 8
2025-03-13 11:03:20,731 - INFO - Found keyword '*ADD S&D*' in paragraph
2025-03-13 11:03:20,731 - INFO - Found keywords in paragraph 14
2025-03-13 11:03:20,731 - INFO - Found keyword '*ADD C&N*' in paragraph
2025-03-13 11:03:20,731 - INFO - Found keywords in paragraph 20
2025-03-13 11:03:20,731 - INFO - Found keyword '*ADD V&P*' in paragraph
2025-03-13 11:03:20,747 - INFO - Found keywords in paragraph 28
2025-03-13 11:03:20,747 - INFO - Found keyword '*ADD DD*' in paragraph
2025-03-13 11:03:20,779 - INFO - Successfully saved processed document: 2. Cover Letter.docx
2025-03-13 11:03:20,795 - INFO - Successfully opened document: 3. Undertaking - Labour.docx
2025-03-13 11:03:20,795 - ERROR - Error locking VML shape: too many values to unpack (expected 2)
2025-03-13 11:03:20,795 - INFO - Found 2 unprotected shapes
2025-03-13 11:03:20,795 - INFO - Found keywords in paragraph 1
2025-03-13 11:03:20,795 - INFO - Found keyword '*ADD C&N*' in paragraph
2025-03-13 11:03:20,795 - INFO - Found keywords in paragraph 4
2025-03-13 11:03:20,795 - INFO - Found keyword '*ADD P&R*' in paragraph
2025-03-13 11:03:20,795 - INFO - Found keywords in paragraph 16
2025-03-13 11:03:20,795 - INFO - Found keyword '*ADD DD*' in paragraph
2025-03-13 11:03:20,843 - INFO - Successfully saved processed document: 3. Undertaking - Labour.docx
2025-03-13 11:03:20,858 - INFO - Successfully opened document: 4. Undertaking - Salaries.docx
2025-03-13 11:03:20,858 - ERROR - Error locking VML shape: too many values to unpack (expected 2)
2025-03-13 11:03:20,858 - INFO - Found 2 unprotected shapes
2025-03-13 11:03:20,858 - INFO - Found keywords in paragraph 1
2025-03-13 11:03:20,858 - INFO - Found keyword '*ADD C&N*' in paragraph
2025-03-13 11:03:20,858 - INFO - Found keywords in paragraph 4
2025-03-13 11:03:20,858 - INFO - Found keyword '*ADD P&R*' in paragraph
2025-03-13 11:03:20,858 - INFO - Found keywords in paragraph 16
2025-03-13 11:03:20,858 - INFO - Found keyword '*ADD DD*' in paragraph
2025-03-13 11:03:20,890 - INFO - Successfully saved processed document: 4. Undertaking - Salaries.docx
2025-03-13 11:03:20,906 - INFO - Successfully opened document: 5. Local Content.docx
2025-03-13 11:03:20,906 - ERROR - Error locking VML shape: too many values to unpack (expected 2)
2025-03-13 11:03:20,906 - INFO - Found 2 unprotected shapes
2025-03-13 11:03:20,906 - INFO - Found keywords in paragraph 1
2025-03-13 11:03:20,906 - INFO - Found keyword '*ADD C&N*' in paragraph
2025-03-13 11:03:20,906 - INFO - Found keywords in paragraph 4
2025-03-13 11:03:20,906 - INFO - Found keyword '*ADD P&R*' in paragraph
2025-03-13 11:03:20,906 - INFO - Found keywords in paragraph 10
2025-03-13 11:03:20,906 - INFO - Found keyword '*ADD DD*' in paragraph
2025-03-13 11:03:20,954 - INFO - Successfully saved processed document: 5. Local Content.docx
2025-03-13 11:03:20,970 - INFO - Successfully opened document: 6. Employment.docx
2025-03-13 11:03:20,970 - ERROR - Error locking VML shape: too many values to unpack (expected 2)
2025-03-13 11:03:20,970 - INFO - Found 2 unprotected shapes
2025-03-13 11:03:20,970 - INFO - Found keywords in paragraph 1
2025-03-13 11:03:20,970 - INFO - Found keyword '*ADD C&N*' in paragraph
2025-03-13 11:03:20,977 - INFO - Found keywords in paragraph 4
2025-03-13 11:03:20,977 - INFO - Found keyword '*ADD P&R*' in paragraph
2025-03-13 11:03:20,977 - INFO - Found keywords in paragraph 10
2025-03-13 11:03:20,977 - INFO - Found keyword '*ADD DD*' in paragraph
2025-03-13 11:03:21,017 - INFO - Successfully saved processed document: 6. Employment.docx
2025-03-13 11:03:21,017 - INFO - Successfully opened document: 7. Conflict Of Interest.docx
2025-03-13 11:03:21,017 - ERROR - Error locking VML shape: too many values to unpack (expected 2)
2025-03-13 11:03:21,017 - INFO - Found 2 unprotected shapes
2025-03-13 11:03:21,017 - INFO - Found keywords in paragraph 1
2025-03-13 11:03:21,017 - INFO - Found keyword '*ADD C&N*' in paragraph
2025-03-13 11:03:21,017 - INFO - Found keywords in paragraph 4
2025-03-13 11:03:21,017 - INFO - Found keyword '*ADD P&R*' in paragraph
2025-03-13 11:03:21,033 - INFO - Found keywords in paragraph 10
2025-03-13 11:03:21,033 - INFO - Found keyword '*ADD DD*' in paragraph
2025-03-13 11:03:21,065 - INFO - Successfully saved processed document: 7. Conflict Of Interest.docx
2025-03-13 11:03:21,082 - INFO - Successfully opened document: 8. Bid Requirements.docx
2025-03-13 11:03:21,082 - ERROR - Error locking VML shape: too many values to unpack (expected 2)
2025-03-13 11:03:21,082 - INFO - Found 2 unprotected shapes
2025-03-13 11:03:21,082 - INFO - Found keywords in paragraph 1
2025-03-13 11:03:21,082 - INFO - Found keyword '*ADD C&N*' in paragraph
2025-03-13 11:03:21,082 - INFO - Found keywords in paragraph 4
2025-03-13 11:03:21,082 - INFO - Found keyword '*ADD P&R*' in paragraph
2025-03-13 11:03:21,082 - INFO - Found keywords in paragraph 10
2025-03-13 11:03:21,082 - INFO - Found keyword '*ADD DD*' in paragraph
2025-03-13 11:03:21,129 - INFO - Successfully saved processed document: 8. Bid Requirements.docx
2025-03-13 11:03:21,144 - INFO - Successfully opened document: 9. All Declaration.docx
2025-03-13 11:03:21,144 - ERROR - Error locking VML shape: too many values to unpack (expected 2)
2025-03-13 11:03:21,144 - INFO - Found 2 unprotected shapes
2025-03-13 11:03:21,144 - INFO - Found keywords in paragraph 1
2025-03-13 11:03:21,144 - INFO - Found keyword '*ADD C&N*' in paragraph
2025-03-13 11:03:21,144 - INFO - Found keywords in paragraph 4
2025-03-13 11:03:21,144 - INFO - Found keyword '*ADD P&R*' in paragraph
2025-03-13 11:03:21,144 - INFO - Found keywords in paragraph 14
2025-03-13 11:03:21,144 - INFO - Found keyword '*ADD DD*' in paragraph
2025-03-13 11:03:21,192 - INFO - Successfully saved processed document: 9. All Declaration.docx
2025-03-13 11:03:21,192 - INFO - Successfully opened document: 1. Power Of Attorney.docx
2025-03-13 11:03:21,192 - ERROR - Error locking VML shape: too many values to unpack (expected 2)
2025-03-13 11:03:21,192 - INFO - Found 2 unprotected shapes
2025-03-13 11:03:21,208 - INFO - Found keywords in paragraph 3
2025-03-13 11:03:21,208 - INFO - Found keyword '*ADD P&R*' in paragraph
2025-03-13 11:03:21,208 - INFO - Found keywords in paragraph 6
2025-03-13 11:03:21,208 - INFO - Found keyword '*ADD P&R*' in paragraph
2025-03-13 11:03:21,208 - INFO - Found keywords in paragraph 7
2025-03-13 11:03:21,208 - INFO - Found keyword '*ADD C&N*' in paragraph
2025-03-13 11:03:21,208 - INFO - Found keyword '*ADD S&D*' in paragraph
2025-03-13 11:03:21,208 - INFO - Found keywords in paragraph 9
2025-03-13 11:03:21,208 - INFO - Found keyword '*ADD DD*' in paragraph
2025-03-13 11:03:21,256 - INFO - Successfully saved processed document: 1. Power Of Attorney.docx
2025-03-13 11:03:21,256 - INFO - Successfully opened document: 2. Cover Letter.docx
2025-03-13 11:03:21,256 - ERROR - Error locking VML shape: too many values to unpack (expected 2)
2025-03-13 11:03:21,256 - INFO - Found 2 unprotected shapes
2025-03-13 11:03:21,256 - INFO - Found keywords in paragraph 1
2025-03-13 11:03:21,256 - INFO - Found keyword '*ADD DD*' in paragraph
2025-03-13 11:03:21,271 - INFO - Found keywords in paragraph 2
2025-03-13 11:03:21,271 - INFO - Found keyword '*ADD C&N*' in paragraph
2025-03-13 11:03:21,271 - INFO - Found keywords in paragraph 3
2025-03-13 11:03:21,271 - INFO - Found keyword '*ADD P&B*' in paragraph
2025-03-13 11:03:21,271 - INFO - Found keywords in paragraph 4
2025-03-13 11:03:21,271 - INFO - Found keyword '*ADD T*' in paragraph
2025-03-13 11:03:21,271 - INFO - Found keywords in paragraph 7
2025-03-13 11:03:21,271 - INFO - Found keyword '*ADD P&R*' in paragraph
2025-03-13 11:03:21,271 - INFO - Found keywords in paragraph 8
2025-03-13 11:03:21,271 - INFO - Found keyword '*ADD S&D*' in paragraph
2025-03-13 11:03:21,271 - INFO - Found keywords in paragraph 14
2025-03-13 11:03:21,271 - INFO - Found keyword '*ADD C&N*' in paragraph
2025-03-13 11:03:21,271 - INFO - Found keywords in paragraph 20
2025-03-13 11:03:21,271 - INFO - Found keyword '*ADD V&P*' in paragraph
2025-03-13 11:03:21,271 - INFO - Found keywords in paragraph 28
2025-03-13 11:03:21,271 - INFO - Found keyword '*ADD DD*' in paragraph
2025-03-13 11:03:21,320 - INFO - Successfully saved processed document: 2. Cover Letter.docx
2025-03-13 11:03:21,336 - INFO - Successfully opened document: 3. Undertaking - Labour.docx
2025-03-13 11:03:21,336 - ERROR - Error locking VML shape: too many values to unpack (expected 2)
2025-03-13 11:03:21,336 - INFO - Found 2 unprotected shapes
2025-03-13 11:03:21,336 - INFO - Found keywords in paragraph 1
2025-03-13 11:03:21,336 - INFO - Found keyword '*ADD C&N*' in paragraph
2025-03-13 11:03:21,336 - INFO - Found keywords in paragraph 4
2025-03-13 11:03:21,336 - INFO - Found keyword '*ADD P&R*' in paragraph
2025-03-13 11:03:21,336 - INFO - Found keywords in paragraph 16
2025-03-13 11:03:21,336 - INFO - Found keyword '*ADD DD*' in paragraph
2025-03-13 11:03:21,383 - INFO - Successfully saved processed document: 3. Undertaking - Labour.docx
2025-03-13 11:03:21,398 - INFO - Successfully opened document: 4. Undertaking - Salaries.docx
2025-03-13 11:03:21,398 - ERROR - Error locking VML shape: too many values to unpack (expected 2)
2025-03-13 11:03:21,398 - INFO - Found 2 unprotected shapes
2025-03-13 11:03:21,398 - INFO - Found keywords in paragraph 1
2025-03-13 11:03:21,398 - INFO - Found keyword '*ADD C&N*' in paragraph
2025-03-13 11:03:21,398 - INFO - Found keywords in paragraph 4
2025-03-13 11:03:21,398 - INFO - Found keyword '*ADD P&R*' in paragraph
2025-03-13 11:03:21,398 - INFO - Found keywords in paragraph 16
2025-03-13 11:03:21,398 - INFO - Found keyword '*ADD DD*' in paragraph
2025-03-13 11:03:21,452 - INFO - Successfully saved processed document: 4. Undertaking - Salaries.docx
2025-03-13 11:03:21,477 - INFO - Successfully opened document: 5. Local Content.docx
2025-03-13 11:03:21,479 - ERROR - Error locking VML shape: too many values to unpack (expected 2)
2025-03-13 11:03:21,479 - INFO - Found 2 unprotected shapes
2025-03-13 11:03:21,481 - INFO - Found keywords in paragraph 1
2025-03-13 11:03:21,481 - INFO - Found keyword '*ADD C&N*' in paragraph
2025-03-13 11:03:21,481 - INFO - Found keywords in paragraph 4
2025-03-13 11:03:21,481 - INFO - Found keyword '*ADD P&R*' in paragraph
2025-03-13 11:03:21,485 - INFO - Found keywords in paragraph 10
2025-03-13 11:03:21,485 - INFO - Found keyword '*ADD DD*' in paragraph
2025-03-13 11:03:21,529 - INFO - Successfully saved processed document: 5. Local Content.docx
2025-03-13 11:03:21,541 - INFO - Successfully opened document: 6. Employment.docx
2025-03-13 11:03:21,541 - ERROR - Error locking VML shape: too many values to unpack (expected 2)
2025-03-13 11:03:21,541 - INFO - Found 2 unprotected shapes
2025-03-13 11:03:21,543 - INFO - Found keywords in paragraph 1
2025-03-13 11:03:21,543 - INFO - Found keyword '*ADD C&N*' in paragraph
2025-03-13 11:03:21,545 - INFO - Found keywords in paragraph 4
2025-03-13 11:03:21,545 - INFO - Found keyword '*ADD P&R*' in paragraph
2025-03-13 11:03:21,545 - INFO - Found keywords in paragraph 10
2025-03-13 11:03:21,545 - INFO - Found keyword '*ADD DD*' in paragraph
2025-03-13 11:03:21,588 - INFO - Successfully saved processed document: 6. Employment.docx
2025-03-13 11:03:21,598 - INFO - Successfully opened document: 7. Conflict Of Interest.docx
2025-03-13 11:03:21,598 - ERROR - Error locking VML shape: too many values to unpack (expected 2)
2025-03-13 11:03:21,598 - INFO - Found 2 unprotected shapes
2025-03-13 11:03:21,600 - INFO - Found keywords in paragraph 1
2025-03-13 11:03:21,600 - INFO - Found keyword '*ADD C&N*' in paragraph
2025-03-13 11:03:21,600 - INFO - Found keywords in paragraph 4
2025-03-13 11:03:21,600 - INFO - Found keyword '*ADD P&R*' in paragraph
2025-03-13 11:03:21,602 - INFO - Found keywords in paragraph 10
2025-03-13 11:03:21,602 - INFO - Found keyword '*ADD DD*' in paragraph
2025-03-13 11:03:21,643 - INFO - Successfully saved processed document: 7. Conflict Of Interest.docx
2025-03-13 11:03:21,653 - INFO - Successfully opened document: 8. Bid Requirements.docx
2025-03-13 11:03:21,653 - ERROR - Error locking VML shape: too many values to unpack (expected 2)
2025-03-13 11:03:21,655 - INFO - Found 2 unprotected shapes
2025-03-13 11:03:21,655 - INFO - Found keywords in paragraph 1
2025-03-13 11:03:21,655 - INFO - Found keyword '*ADD C&N*' in paragraph
2025-03-13 11:03:21,657 - INFO - Found keywords in paragraph 4
2025-03-13 11:03:21,657 - INFO - Found keyword '*ADD P&R*' in paragraph
2025-03-13 11:03:21,657 - INFO - Found keywords in paragraph 10
2025-03-13 11:03:21,657 - INFO - Found keyword '*ADD DD*' in paragraph
2025-03-13 11:03:21,700 - INFO - Successfully saved processed document: 8. Bid Requirements.docx
2025-03-13 11:03:21,708 - INFO - Successfully opened document: 9. All Declaration.docx
2025-03-13 11:03:21,710 - ERROR - Error locking VML shape: too many values to unpack (expected 2)
2025-03-13 11:03:21,710 - INFO - Found 2 unprotected shapes
2025-03-13 11:03:21,710 - INFO - Found keywords in paragraph 1
2025-03-13 11:03:21,710 - INFO - Found keyword '*ADD C&N*' in paragraph
2025-03-13 11:03:21,713 - INFO - Found keywords in paragraph 4
2025-03-13 11:03:21,713 - INFO - Found keyword '*ADD P&R*' in paragraph
2025-03-13 11:03:21,714 - INFO - Found keywords in paragraph 14
2025-03-13 11:03:21,714 - INFO - Found keyword '*ADD DD*' in paragraph
2025-03-13 11:03:21,758 - INFO - Successfully saved processed document: 9. All Declaration.docx
2025-03-13 11:12:45,223 - INFO - Successfully opened document: 10. Twinrain Table of Contents Section Covers.docx
2025-03-13 11:12:45,223 - INFO - Found keywords in header
2025-03-13 11:12:45,223 - INFO - Replacing '*ADD P&R*' with 'sdsds'
2025-03-13 11:12:45,223 - INFO - Found keywords in footer
2025-03-13 11:12:45,223 - INFO - Replacing '*ADD C&N*' with 'sdsd'
2025-03-13 11:12:45,223 - INFO - Replacing '*ADD C&N*' with 'sdsd'
2025-03-13 11:12:45,223 - INFO - Replacing '*ADD P&R*' with 'sdsds'
2025-03-13 11:12:45,223 - INFO - Replacing '*ADD S&D*' with 'ddsdsdsd'
2025-03-13 11:12:45,223 - INFO - Replacing '*ADD L*' with 'sdsd'
2025-03-13 11:12:45,258 - INFO - Successfully saved processed document: 10. Twinrain Table of Contents Section Covers.docx
2025-03-13 11:12:45,286 - INFO - Successfully opened document: 11. Cover Page.docx
2025-03-13 11:12:45,286 - INFO - Replacing '*ADD P&R*' with 'sdsds'
2025-03-13 11:12:45,286 - INFO - Replacing '*ADD S&D*' with 'ddsdsdsd'
2025-03-13 11:12:45,286 - INFO - Replacing '*ADD C&N*' with 'sdsd'
2025-03-13 11:12:45,286 - INFO - Replacing '*ADD L*' with 'sdsd'
2025-03-13 11:12:45,286 - INFO - Replacing '*ADD DD*' with 'dsd'
2025-03-13 11:12:45,335 - INFO - Successfully saved processed document: 11. Cover Page.docx
2025-03-13 11:12:45,349 - INFO - Successfully opened document: 10. Twinrain Table of Contents Section Covers.docx
2025-03-13 11:12:45,349 - INFO - Found keywords in header
2025-03-13 11:12:45,349 - INFO - Replacing '*ADD P&R*' with 'sdsds'
2025-03-13 11:12:45,349 - INFO - Found keywords in footer
2025-03-13 11:12:45,349 - INFO - Replacing '*ADD C&N*' with 'sdsd'
2025-03-13 11:12:45,349 - INFO - Replacing '*ADD C&N*' with 'sdsd'
2025-03-13 11:12:45,349 - INFO - Replacing '*ADD P&R*' with 'sdsds'
2025-03-13 11:12:45,349 - INFO - Replacing '*ADD S&D*' with 'ddsdsdsd'
2025-03-13 11:12:45,349 - INFO - Replacing '*ADD L*' with 'sdsd'
2025-03-13 11:12:45,380 - INFO - Successfully saved processed document: 10. Twinrain Table of Contents Section Covers.docx
2025-03-13 11:12:45,396 - INFO - Successfully opened document: 11. Cover Page.docx
2025-03-13 11:12:45,396 - INFO - Replacing '*ADD P&R*' with 'sdsds'
2025-03-13 11:12:45,396 - INFO - Replacing '*ADD S&D*' with 'ddsdsdsd'
2025-03-13 11:12:45,396 - INFO - Replacing '*ADD C&N*' with 'sdsd'
2025-03-13 11:12:45,396 - INFO - Replacing '*ADD L*' with 'sdsd'
2025-03-13 11:12:45,396 - INFO - Replacing '*ADD DD*' with 'dsd'
2025-03-13 11:12:45,444 - INFO - Successfully saved processed document: 11. Cover Page.docx
2025-03-13 11:12:45,444 - INFO - Successfully opened document: 1. Power Of Attorney.docx
2025-03-13 11:12:45,444 - INFO - Replacing '*ADD P&R*' with 'sdsds'
2025-03-13 11:12:45,444 - INFO - Replacing '*ADD P&R*' with 'sdsds'
2025-03-13 11:12:45,460 - INFO - Replacing '*ADD C&N*' with 'sdsd'
2025-03-13 11:12:45,460 - INFO - Replacing '*ADD S&D*' with 'ddsdsdsd'
2025-03-13 11:12:45,460 - INFO - Replacing '*ADD DD*' with 'dsd'
2025-03-13 11:12:45,501 - INFO - Successfully saved processed document: 1. Power Of Attorney.docx
2025-03-13 11:12:45,507 - INFO - Successfully opened document: 2. Cover Letter.docx
2025-03-13 11:12:45,507 - INFO - Replacing '*ADD DD*' with 'dsd'
2025-03-13 11:12:45,507 - INFO - Replacing '*ADD C&N*' with 'sdsd'
2025-03-13 11:12:45,507 - INFO - Replacing '*ADD P&B*' with 'sdsd'
2025-03-13 11:12:45,507 - INFO - Replacing '*ADD T*' with 'dsd'
2025-03-13 11:12:45,507 - INFO - Replacing '*ADD P&R*' with 'sdsds'
2025-03-13 11:12:45,507 - INFO - Replacing '*ADD S&D*' with 'ddsdsdsd'
2025-03-13 11:12:45,507 - INFO - Replacing '*ADD C&N*' with 'sdsd'
2025-03-13 11:12:45,507 - INFO - Replacing '*ADD V&P*' with 'sdsd'
2025-03-13 11:12:45,507 - INFO - Replacing '*ADD DD*' with 'dsd'
2025-03-13 11:12:45,564 - INFO - Successfully saved processed document: 2. Cover Letter.docx
2025-03-13 11:12:45,570 - INFO - Successfully opened document: 3. Undertaking - Labour.docx
2025-03-13 11:12:45,570 - INFO - Replacing '*ADD C&N*' with 'sdsd'
2025-03-13 11:12:45,570 - INFO - Replacing '*ADD P&R*' with 'sdsds'
2025-03-13 11:12:45,570 - INFO - Replacing '*ADD DD*' with 'dsd'
2025-03-13 11:12:45,618 - INFO - Successfully saved processed document: 3. Undertaking - Labour.docx
2025-03-13 11:12:45,618 - INFO - Successfully opened document: 4. Undertaking - Salaries.docx
2025-03-13 11:12:45,618 - INFO - Replacing '*ADD C&N*' with 'sdsd'
2025-03-13 11:12:45,618 - INFO - Replacing '*ADD P&R*' with 'sdsds'
2025-03-13 11:12:45,634 - INFO - Replacing '*ADD DD*' with 'dsd'
2025-03-13 11:12:45,666 - INFO - Successfully saved processed document: 4. Undertaking - Salaries.docx
2025-03-13 11:12:45,682 - INFO - Successfully opened document: 5. Local Content.docx
2025-03-13 11:12:45,682 - INFO - Replacing '*ADD C&N*' with 'sdsd'
2025-03-13 11:12:45,682 - INFO - Replacing '*ADD P&R*' with 'sdsds'
2025-03-13 11:12:45,682 - INFO - Replacing '*ADD DD*' with 'dsd'
2025-03-13 11:12:45,730 - INFO - Successfully saved processed document: 5. Local Content.docx
2025-03-13 11:12:45,730 - INFO - Successfully opened document: 6. Employment.docx
2025-03-13 11:12:45,730 - INFO - Replacing '*ADD C&N*' with 'sdsd'
2025-03-13 11:12:45,730 - INFO - Replacing '*ADD P&R*' with 'sdsds'
2025-03-13 11:12:45,730 - INFO - Replacing '*ADD DD*' with 'dsd'
2025-03-13 11:12:45,777 - INFO - Successfully saved processed document: 6. Employment.docx
2025-03-13 11:12:45,793 - INFO - Successfully opened document: 7. Conflict Of Interest.docx
2025-03-13 11:12:45,793 - INFO - Replacing '*ADD C&N*' with 'sdsd'
2025-03-13 11:12:45,793 - INFO - Replacing '*ADD P&R*' with 'sdsds'
2025-03-13 11:12:45,793 - INFO - Replacing '*ADD DD*' with 'dsd'
2025-03-13 11:12:45,841 - INFO - Successfully saved processed document: 7. Conflict Of Interest.docx
2025-03-13 11:12:45,841 - INFO - Successfully opened document: 8. Bid Requirements.docx
2025-03-13 11:12:45,856 - INFO - Replacing '*ADD C&N*' with 'sdsd'
2025-03-13 11:12:45,856 - INFO - Replacing '*ADD P&R*' with 'sdsds'
2025-03-13 11:12:45,856 - INFO - Replacing '*ADD DD*' with 'dsd'
2025-03-13 11:12:45,888 - INFO - Successfully saved processed document: 8. Bid Requirements.docx
2025-03-13 11:12:45,904 - INFO - Successfully opened document: 9. All Declaration.docx
2025-03-13 11:12:45,904 - INFO - Replacing '*ADD C&N*' with 'sdsd'
2025-03-13 11:12:45,904 - INFO - Replacing '*ADD P&R*' with 'sdsds'
2025-03-13 11:12:45,904 - INFO - Replacing '*ADD DD*' with 'dsd'
2025-03-13 11:12:45,952 - INFO - Successfully saved processed document: 9. All Declaration.docx
2025-03-13 11:12:45,952 - INFO - Successfully opened document: 1. Power Of Attorney.docx
2025-03-13 11:12:45,952 - INFO - Replacing '*ADD P&R*' with 'sdsds'
2025-03-13 11:12:45,952 - INFO - Replacing '*ADD P&R*' with 'sdsds'
2025-03-13 11:12:45,952 - INFO - Replacing '*ADD C&N*' with 'sdsd'
2025-03-13 11:12:45,952 - INFO - Replacing '*ADD S&D*' with 'ddsdsdsd'
2025-03-13 11:12:45,952 - INFO - Replacing '*ADD DD*' with 'dsd'
2025-03-13 11:12:46,005 - INFO - Successfully saved processed document: 1. Power Of Attorney.docx
2025-03-13 11:12:46,016 - INFO - Successfully opened document: 2. Cover Letter.docx
2025-03-13 11:12:46,016 - INFO - Replacing '*ADD DD*' with 'dsd'
2025-03-13 11:12:46,016 - INFO - Replacing '*ADD C&N*' with 'sdsd'
2025-03-13 11:12:46,016 - INFO - Replacing '*ADD P&B*' with 'sdsd'
2025-03-13 11:12:46,016 - INFO - Replacing '*ADD T*' with 'dsd'
2025-03-13 11:12:46,016 - INFO - Replacing '*ADD P&R*' with 'sdsds'
2025-03-13 11:12:46,016 - INFO - Replacing '*ADD S&D*' with 'ddsdsdsd'
2025-03-13 11:12:46,016 - INFO - Replacing '*ADD C&N*' with 'sdsd'
2025-03-13 11:12:46,016 - INFO - Replacing '*ADD V&P*' with 'sdsd'
2025-03-13 11:12:46,016 - INFO - Replacing '*ADD DD*' with 'dsd'
2025-03-13 11:12:46,068 - INFO - Successfully saved processed document: 2. Cover Letter.docx
2025-03-13 11:12:46,068 - INFO - Successfully opened document: 3. Undertaking - Labour.docx
2025-03-13 11:12:46,068 - INFO - Replacing '*ADD C&N*' with 'sdsd'
2025-03-13 11:12:46,068 - INFO - Replacing '*ADD P&R*' with 'sdsds'
2025-03-13 11:12:46,080 - INFO - Replacing '*ADD DD*' with 'dsd'
2025-03-13 11:12:46,111 - INFO - Successfully saved processed document: 3. Undertaking - Labour.docx
2025-03-13 11:12:46,127 - INFO - Successfully opened document: 4. Undertaking - Salaries.docx
2025-03-13 11:12:46,127 - INFO - Replacing '*ADD C&N*' with 'sdsd'
2025-03-13 11:12:46,127 - INFO - Replacing '*ADD P&R*' with 'sdsds'
2025-03-13 11:12:46,127 - INFO - Replacing '*ADD DD*' with 'dsd'
2025-03-13 11:12:46,175 - INFO - Successfully saved processed document: 4. Undertaking - Salaries.docx
2025-03-13 11:12:46,190 - INFO - Successfully opened document: 5. Local Content.docx
2025-03-13 11:12:46,190 - INFO - Replacing '*ADD C&N*' with 'sdsd'
2025-03-13 11:12:46,190 - INFO - Replacing '*ADD P&R*' with 'sdsds'
2025-03-13 11:12:46,190 - INFO - Replacing '*ADD DD*' with 'dsd'
2025-03-13 11:12:46,221 - INFO - Successfully saved processed document: 5. Local Content.docx
2025-03-13 11:12:46,237 - INFO - Successfully opened document: 6. Employment.docx
2025-03-13 11:12:46,237 - INFO - Replacing '*ADD C&N*' with 'sdsd'
2025-03-13 11:12:46,237 - INFO - Replacing '*ADD P&R*' with 'sdsds'
2025-03-13 11:12:46,237 - INFO - Replacing '*ADD DD*' with 'dsd'
2025-03-13 11:12:46,285 - INFO - Successfully saved processed document: 6. Employment.docx
2025-03-13 11:12:46,301 - INFO - Successfully opened document: 7. Conflict Of Interest.docx
2025-03-13 11:12:46,301 - INFO - Replacing '*ADD C&N*' with 'sdsd'
2025-03-13 11:12:46,301 - INFO - Replacing '*ADD P&R*' with 'sdsds'
2025-03-13 11:12:46,301 - INFO - Replacing '*ADD DD*' with 'dsd'
2025-03-13 11:12:46,333 - INFO - Successfully saved processed document: 7. Conflict Of Interest.docx
2025-03-13 11:12:46,349 - INFO - Successfully opened document: 8. Bid Requirements.docx
2025-03-13 11:12:46,349 - INFO - Replacing '*ADD C&N*' with 'sdsd'
2025-03-13 11:12:46,349 - INFO - Replacing '*ADD P&R*' with 'sdsds'
2025-03-13 11:12:46,349 - INFO - Replacing '*ADD DD*' with 'dsd'
2025-03-13 11:12:46,381 - INFO - Successfully saved processed document: 8. Bid Requirements.docx
2025-03-13 11:12:46,397 - INFO - Successfully opened document: 9. All Declaration.docx
2025-03-13 11:12:46,406 - INFO - Replacing '*ADD C&N*' with 'sdsd'
2025-03-13 11:12:46,406 - INFO - Replacing '*ADD P&R*' with 'sdsds'
2025-03-13 11:12:46,406 - INFO - Replacing '*ADD DD*' with 'dsd'
2025-03-13 11:12:46,444 - INFO - Successfully saved processed document: 9. All Declaration.docx
2025-03-13 11:14:57,587 - INFO - Successfully opened document: 10. Twinrain Table of Contents Section Covers.docx
2025-03-13 11:14:57,587 - INFO - Found keywords in header
2025-03-13 11:14:57,587 - INFO - Replacing '*ADD P&R*' with 'ewewew'
2025-03-13 11:14:57,589 - INFO - Found keywords in footer
2025-03-13 11:14:57,589 - INFO - Replacing '*ADD C&N*' with 'weew'
2025-03-13 11:14:57,595 - INFO - Replacing '*ADD C&N*' with 'weew'
2025-03-13 11:14:57,595 - INFO - Replacing '*ADD P&R*' with 'ewewew'
2025-03-13 11:14:57,595 - INFO - Replacing '*ADD S&D*' with 'wew'
2025-03-13 11:14:57,595 - INFO - Replacing '*ADD L*' with 'wewe'
2025-03-13 11:14:57,617 - INFO - Successfully saved processed document: 10. Twinrain Table of Contents Section Covers.docx
2025-03-13 11:14:57,629 - INFO - Successfully opened document: 11. Cover Page.docx
2025-03-13 11:14:57,629 - INFO - Replacing '*ADD P&R*' with 'ewewew'
2025-03-13 11:14:57,629 - INFO - Replacing '*ADD S&D*' with 'wew'
2025-03-13 11:14:57,629 - INFO - Replacing '*ADD C&N*' with 'weew'
2025-03-13 11:14:57,629 - INFO - Replacing '*ADD L*' with 'wewe'
2025-03-13 11:14:57,629 - INFO - Replacing '*ADD DD*' with 'ewewe'
2025-03-13 11:14:57,676 - INFO - Successfully saved processed document: 11. Cover Page.docx
2025-03-13 11:14:57,701 - INFO - Successfully opened document: 10. Twinrain Table of Contents Section Covers.docx
2025-03-13 11:14:57,701 - INFO - Found keywords in header
2025-03-13 11:14:57,701 - INFO - Replacing '*ADD P&R*' with 'ewewew'
2025-03-13 11:14:57,701 - INFO - Found keywords in footer
2025-03-13 11:14:57,701 - INFO - Replacing '*ADD C&N*' with 'weew'
2025-03-13 11:14:57,708 - INFO - Replacing '*ADD C&N*' with 'weew'
2025-03-13 11:14:57,708 - INFO - Replacing '*ADD P&R*' with 'ewewew'
2025-03-13 11:14:57,708 - INFO - Replacing '*ADD S&D*' with 'wew'
2025-03-13 11:14:57,708 - INFO - Replacing '*ADD L*' with 'wewe'
2025-03-13 11:14:57,730 - INFO - Successfully saved processed document: 10. Twinrain Table of Contents Section Covers.docx
2025-03-13 11:14:57,750 - INFO - Successfully opened document: 11. Cover Page.docx
2025-03-13 11:14:57,750 - INFO - Replacing '*ADD P&R*' with 'ewewew'
2025-03-13 11:14:57,750 - INFO - Replacing '*ADD S&D*' with 'wew'
2025-03-13 11:14:57,750 - INFO - Replacing '*ADD C&N*' with 'weew'
2025-03-13 11:14:57,752 - INFO - Replacing '*ADD L*' with 'wewe'
2025-03-13 11:14:57,752 - INFO - Replacing '*ADD DD*' with 'ewewe'
2025-03-13 11:14:57,797 - INFO - Successfully saved processed document: 11. Cover Page.docx
2025-03-13 11:14:57,809 - INFO - Successfully opened document: 1. Power Of Attorney.docx
2025-03-13 11:14:57,819 - INFO - Replacing '*ADD P&R*' with 'ewewew'
2025-03-13 11:14:57,819 - INFO - Replacing '*ADD P&R*' with 'ewewew'
2025-03-13 11:14:57,819 - INFO - Replacing '*ADD C&N*' with 'weew'
2025-03-13 11:14:57,819 - INFO - Replacing '*ADD S&D*' with 'wew'
2025-03-13 11:14:57,819 - INFO - Replacing '*ADD DD*' with 'ewewe'
2025-03-13 11:14:57,851 - INFO - Successfully saved processed document: 1. Power Of Attorney.docx
2025-03-13 11:14:57,876 - INFO - Successfully opened document: 2. Cover Letter.docx
2025-03-13 11:14:57,878 - INFO - Replacing '*ADD DD*' with 'ewewe'
2025-03-13 11:14:57,878 - INFO - Replacing '*ADD C&N*' with 'weew'
2025-03-13 11:14:57,878 - INFO - Replacing '*ADD P&B*' with 'wewe'
2025-03-13 11:14:57,878 - INFO - Replacing '*ADD T*' with 'ewew'
2025-03-13 11:14:57,878 - INFO - Replacing '*ADD P&R*' with 'ewewew'
2025-03-13 11:14:57,878 - INFO - Replacing '*ADD S&D*' with 'wew'
2025-03-13 11:14:57,880 - INFO - Replacing '*ADD C&N*' with 'weew'
2025-03-13 11:14:57,880 - INFO - Replacing '*ADD V&P*' with 'wew'
2025-03-13 11:14:57,880 - INFO - Replacing '*ADD DD*' with 'ewewe'
2025-03-13 11:14:57,928 - INFO - Successfully saved processed document: 2. Cover Letter.docx
2025-03-13 11:14:57,940 - INFO - Successfully opened document: 3. Undertaking - Labour.docx
2025-03-13 11:14:57,942 - INFO - Replacing '*ADD C&N*' with 'weew'
2025-03-13 11:14:57,942 - INFO - Replacing '*ADD P&R*' with 'ewewew'
2025-03-13 11:14:57,942 - INFO - Replacing '*ADD DD*' with 'ewewe'
2025-03-13 11:14:57,987 - INFO - Successfully saved processed document: 3. Undertaking - Labour.docx
2025-03-13 11:14:57,997 - INFO - Successfully opened document: 4. Undertaking - Salaries.docx
2025-03-13 11:14:57,999 - INFO - Replacing '*ADD C&N*' with 'weew'
2025-03-13 11:14:57,999 - INFO - Replacing '*ADD P&R*' with 'ewewew'
2025-03-13 11:14:58,001 - INFO - Replacing '*ADD DD*' with 'ewewe'
2025-03-13 11:14:58,045 - INFO - Successfully saved processed document: 4. Undertaking - Salaries.docx
2025-03-13 11:14:58,055 - INFO - Successfully opened document: 5. Local Content.docx
2025-03-13 11:14:58,057 - INFO - Replacing '*ADD C&N*' with 'weew'
2025-03-13 11:14:58,057 - INFO - Replacing '*ADD P&R*' with 'ewewew'
2025-03-13 11:14:58,059 - INFO - Replacing '*ADD DD*' with 'ewewe'
2025-03-13 11:14:58,101 - INFO - Successfully saved processed document: 5. Local Content.docx
2025-03-13 11:14:58,110 - INFO - Successfully opened document: 6. Employment.docx
2025-03-13 11:14:58,112 - INFO - Replacing '*ADD C&N*' with 'weew'
2025-03-13 11:14:58,112 - INFO - Replacing '*ADD P&R*' with 'ewewew'
2025-03-13 11:14:58,112 - INFO - Replacing '*ADD DD*' with 'ewewe'
2025-03-13 11:14:58,154 - INFO - Successfully saved processed document: 6. Employment.docx
2025-03-13 11:14:58,163 - INFO - Successfully opened document: 7. Conflict Of Interest.docx
2025-03-13 11:14:58,163 - INFO - Replacing '*ADD C&N*' with 'weew'
2025-03-13 11:14:58,165 - INFO - Replacing '*ADD P&R*' with 'ewewew'
2025-03-13 11:14:58,165 - INFO - Replacing '*ADD DD*' with 'ewewe'
2025-03-13 11:14:58,207 - INFO - Successfully saved processed document: 7. Conflict Of Interest.docx
2025-03-13 11:14:58,216 - INFO - Successfully opened document: 8. Bid Requirements.docx
2025-03-13 11:14:58,218 - INFO - Replacing '*ADD C&N*' with 'weew'
2025-03-13 11:14:58,218 - INFO - Replacing '*ADD P&R*' with 'ewewew'
2025-03-13 11:14:58,218 - INFO - Replacing '*ADD DD*' with 'ewewe'
2025-03-13 11:14:58,260 - INFO - Successfully saved processed document: 8. Bid Requirements.docx
2025-03-13 11:14:58,272 - INFO - Successfully opened document: 9. All Declaration.docx
2025-03-13 11:14:58,272 - INFO - Replacing '*ADD C&N*' with 'weew'
2025-03-13 11:14:58,272 - INFO - Replacing '*ADD P&R*' with 'ewewew'
2025-03-13 11:14:58,274 - INFO - Replacing '*ADD DD*' with 'ewewe'
2025-03-13 11:14:58,315 - INFO - Successfully saved processed document: 9. All Declaration.docx
2025-03-13 11:14:58,329 - INFO - Successfully opened document: 1. Power Of Attorney.docx
2025-03-13 11:14:58,331 - INFO - Replacing '*ADD P&R*' with 'ewewew'
2025-03-13 11:14:58,331 - INFO - Replacing '*ADD P&R*' with 'ewewew'
2025-03-13 11:14:58,331 - INFO - Replacing '*ADD C&N*' with 'weew'
2025-03-13 11:14:58,331 - INFO - Replacing '*ADD S&D*' with 'wew'
2025-03-13 11:14:58,331 - INFO - Replacing '*ADD DD*' with 'ewewe'
2025-03-13 11:14:58,372 - INFO - Successfully saved processed document: 1. Power Of Attorney.docx
2025-03-13 11:14:58,384 - INFO - Successfully opened document: 2. Cover Letter.docx
2025-03-13 11:14:58,384 - INFO - Replacing '*ADD DD*' with 'ewewe'
2025-03-13 11:14:58,384 - INFO - Replacing '*ADD C&N*' with 'weew'
2025-03-13 11:14:58,384 - INFO - Replacing '*ADD P&B*' with 'wewe'
2025-03-13 11:14:58,384 - INFO - Replacing '*ADD T*' with 'ewew'
2025-03-13 11:14:58,384 - INFO - Replacing '*ADD P&R*' with 'ewewew'
2025-03-13 11:14:58,386 - INFO - Replacing '*ADD S&D*' with 'wew'
2025-03-13 11:14:58,386 - INFO - Replacing '*ADD C&N*' with 'weew'
2025-03-13 11:14:58,386 - INFO - Replacing '*ADD V&P*' with 'wew'
2025-03-13 11:14:58,388 - INFO - Replacing '*ADD DD*' with 'ewewe'
2025-03-13 11:14:58,433 - INFO - Successfully saved processed document: 2. Cover Letter.docx
2025-03-13 11:14:58,447 - INFO - Successfully opened document: 3. Undertaking - Labour.docx
2025-03-13 11:14:58,449 - INFO - Replacing '*ADD C&N*' with 'weew'
2025-03-13 11:14:58,449 - INFO - Replacing '*ADD P&R*' with 'ewewew'
2025-03-13 11:14:58,451 - INFO - Replacing '*ADD DD*' with 'ewewe'
2025-03-13 11:14:58,492 - INFO - Successfully saved processed document: 3. Undertaking - Labour.docx
2025-03-13 11:14:58,502 - INFO - Successfully opened document: 4. Undertaking - Salaries.docx
2025-03-13 11:14:58,502 - INFO - Replacing '*ADD C&N*' with 'weew'
2025-03-13 11:14:58,504 - INFO - Replacing '*ADD P&R*' with 'ewewew'
2025-03-13 11:14:58,504 - INFO - Replacing '*ADD DD*' with 'ewewe'
2025-03-13 11:14:58,545 - INFO - Successfully saved processed document: 4. Undertaking - Salaries.docx
2025-03-13 11:14:58,547 - INFO - Successfully opened document: 5. Local Content.docx
2025-03-13 11:14:58,547 - INFO - Replacing '*ADD C&N*' with 'weew'
2025-03-13 11:14:58,547 - INFO - Replacing '*ADD P&R*' with 'ewewew'
2025-03-13 11:14:58,547 - INFO - Replacing '*ADD DD*' with 'ewewe'
2025-03-13 11:14:58,593 - INFO - Successfully saved processed document: 5. Local Content.docx
2025-03-13 11:14:58,609 - INFO - Successfully opened document: 6. Employment.docx
2025-03-13 11:14:58,611 - INFO - Replacing '*ADD C&N*' with 'weew'
2025-03-13 11:14:58,611 - INFO - Replacing '*ADD P&R*' with 'ewewew'
2025-03-13 11:14:58,611 - INFO - Replacing '*ADD DD*' with 'ewewe'
2025-03-13 11:14:58,652 - INFO - Successfully saved processed document: 6. Employment.docx
2025-03-13 11:14:58,667 - INFO - Successfully opened document: 7. Conflict Of Interest.docx
2025-03-13 11:14:58,669 - INFO - Replacing '*ADD C&N*' with 'weew'
2025-03-13 11:14:58,669 - INFO - Replacing '*ADD P&R*' with 'ewewew'
2025-03-13 11:14:58,669 - INFO - Replacing '*ADD DD*' with 'ewewe'
2025-03-13 11:14:58,708 - INFO - Successfully saved processed document: 7. Conflict Of Interest.docx
2025-03-13 11:14:58,724 - INFO - Successfully opened document: 8. Bid Requirements.docx
2025-03-13 11:14:58,724 - INFO - Replacing '*ADD C&N*' with 'weew'
2025-03-13 11:14:58,724 - INFO - Replacing '*ADD P&R*' with 'ewewew'
2025-03-13 11:14:58,724 - INFO - Replacing '*ADD DD*' with 'ewewe'
2025-03-13 11:14:58,774 - INFO - Successfully saved processed document: 8. Bid Requirements.docx
2025-03-13 11:14:58,790 - INFO - Successfully opened document: 9. All Declaration.docx
2025-03-13 11:14:58,792 - INFO - Replacing '*ADD C&N*' with 'weew'
2025-03-13 11:14:58,792 - INFO - Replacing '*ADD P&R*' with 'ewewew'
2025-03-13 11:14:58,793 - INFO - Replacing '*ADD DD*' with 'ewewe'
2025-03-13 11:14:58,841 - INFO - Successfully saved processed document: 9. All Declaration.docx
2025-03-13 11:30:50,006 - INFO - Successfully opened document: 1. Power Of Attorney.docx
2025-03-13 11:30:50,007 - INFO - Replacing '*ADD P&R*' with 'rgrg'
2025-03-13 11:30:50,007 - INFO - Replacing '*ADD P&R*' with 'rgrg'
2025-03-13 11:30:50,007 - INFO - Replacing '*ADD C&N*' with 'rgrg'
2025-03-13 11:30:50,007 - INFO - Replacing '*ADD S&D*' with 'rgrgrg'
2025-03-13 11:30:50,007 - INFO - Replacing '*ADD DD*' with 'rgrg'
2025-03-13 11:30:50,057 - INFO - Successfully saved processed document: 1. Power Of Attorney.docx
2025-03-13 11:30:50,572 - INFO - Could not import comtypes.gen._00020905_0000_0000_C000_000000000046_0_8_7: No module named 'comtypes.gen._00020905_0000_0000_C000_000000000046_0_8_7'
2025-03-13 11:30:50,573 - INFO - # Generating comtypes.gen._00020905_0000_0000_C000_000000000046_0_8_7
2025-03-13 11:31:12,973 - INFO - Could not import comtypes.gen._2DF8D04C_5BFA_101B_BDE5_00AA0044DE52_0_2_8: No module named 'comtypes.gen._2DF8D04C_5BFA_101B_BDE5_00AA0044DE52_0_2_8'
2025-03-13 11:31:12,973 - INFO - # Generating comtypes.gen._2DF8D04C_5BFA_101B_BDE5_00AA0044DE52_0_2_8
2025-03-13 11:31:25,673 - INFO - Could not import comtypes.gen._00020430_0000_0000_C000_000000000046_0_2_0: No module named 'comtypes.gen._00020430_0000_0000_C000_000000000046_0_2_0'
2025-03-13 11:31:25,673 - INFO - # Generating comtypes.gen._00020430_0000_0000_C000_000000000046_0_2_0
2025-03-13 11:31:25,990 - INFO - Could not import comtypes.gen.stdole: No module named 'comtypes.gen.stdole'
2025-03-13 11:31:25,990 - INFO - # Generating comtypes.gen.stdole
2025-03-13 11:31:26,273 - INFO - Could not import comtypes.gen.Office: No module named 'comtypes.gen.Office'
2025-03-13 11:31:26,273 - INFO - # Generating comtypes.gen.Office
2025-03-13 11:31:26,289 - INFO - Could not import comtypes.gen._0002E157_0000_0000_C000_000000000046_0_5_3: No module named 'comtypes.gen._0002E157_0000_0000_C000_000000000046_0_5_3'
2025-03-13 11:31:26,289 - INFO - # Generating comtypes.gen._0002E157_0000_0000_C000_000000000046_0_5_3
2025-03-13 11:31:27,306 - INFO - Could not import comtypes.gen.VBIDE: No module named 'comtypes.gen.VBIDE'
2025-03-13 11:31:27,306 - INFO - # Generating comtypes.gen.VBIDE
2025-03-13 11:31:27,857 - INFO - Could not import comtypes.gen.Word: No module named 'comtypes.gen.Word'
2025-03-13 11:31:27,857 - INFO - # Generating comtypes.gen.Word
2025-03-13 11:31:28,974 - INFO - Converted 1. Power Of Attorney.docx to PDF
2025-03-13 11:31:29,721 - INFO - Successfully opened document: 2. Cover Letter.docx
2025-03-13 11:31:29,725 - INFO - Replacing '*ADD DD*' with 'rgrg'
2025-03-13 11:31:29,726 - INFO - Replacing '*ADD C&N*' with 'rgrg'
2025-03-13 11:31:29,727 - INFO - Replacing '*ADD P&B*' with 'grgrgrgr'
2025-03-13 11:31:29,727 - INFO - Replacing '*ADD T*' with 'rgrgr'
2025-03-13 11:31:29,728 - INFO - Replacing '*ADD P&R*' with 'rgrg'
2025-03-13 11:31:29,728 - INFO - Replacing '*ADD S&D*' with 'rgrgrg'
2025-03-13 11:31:29,730 - INFO - Replacing '*ADD C&N*' with 'rgrg'
2025-03-13 11:31:29,732 - INFO - Replacing '*ADD V&P*' with 'grgrg'
2025-03-13 11:31:29,733 - INFO - Replacing '*ADD DD*' with 'rgrg'
2025-03-13 11:31:29,819 - INFO - Successfully saved processed document: 2. Cover Letter.docx
2025-03-13 11:31:31,222 - INFO - Converted 2. Cover Letter.docx to PDF
2025-03-13 11:31:32,575 - INFO - Successfully opened document: 3. Undertaking - Labour.docx
2025-03-13 11:31:32,575 - INFO - Replacing '*ADD C&N*' with 'rgrg'
2025-03-13 11:31:32,575 - INFO - Replacing '*ADD P&R*' with 'rgrg'
2025-03-13 11:31:32,575 - INFO - Replacing '*ADD DD*' with 'rgrg'
2025-03-13 11:31:32,707 - INFO - Successfully saved processed document: 3. Undertaking - Labour.docx
2025-03-13 11:31:33,960 - INFO - Converted 3. Undertaking - Labour.docx to PDF
2025-03-13 11:31:35,156 - INFO - Successfully opened document: 4. Undertaking - Salaries.docx
2025-03-13 11:31:35,156 - INFO - Replacing '*ADD C&N*' with 'rgrg'
2025-03-13 11:31:35,156 - INFO - Replacing '*ADD P&R*' with 'rgrg'
2025-03-13 11:31:35,156 - INFO - Replacing '*ADD DD*' with 'rgrg'
2025-03-13 11:31:35,206 - INFO - Successfully saved processed document: 4. Undertaking - Salaries.docx
2025-03-13 11:31:36,408 - INFO - Converted 4. Undertaking - Salaries.docx to PDF
2025-03-13 11:31:37,632 - INFO - Successfully opened document: 5. Local Content.docx
2025-03-13 11:31:37,633 - INFO - Replacing '*ADD C&N*' with 'rgrg'
2025-03-13 11:31:37,633 - INFO - Replacing '*ADD P&R*' with 'rgrg'
2025-03-13 11:31:37,634 - INFO - Replacing '*ADD DD*' with 'rgrg'
2025-03-13 11:31:37,686 - INFO - Successfully saved processed document: 5. Local Content.docx
2025-03-13 11:31:38,828 - INFO - Converted 5. Local Content.docx to PDF
2025-03-13 11:31:41,040 - INFO - Successfully opened document: 6. Employment.docx
2025-03-13 11:31:41,040 - INFO - Replacing '*ADD C&N*' with 'rgrg'
2025-03-13 11:31:41,040 - INFO - Replacing '*ADD P&R*' with 'rgrg'
2025-03-13 11:31:41,040 - INFO - Replacing '*ADD DD*' with 'rgrg'
2025-03-13 11:31:41,088 - INFO - Successfully saved processed document: 6. Employment.docx
2025-03-13 11:31:43,623 - INFO - Converted 6. Employment.docx to PDF
2025-03-13 11:31:45,241 - INFO - Successfully opened document: 7. Conflict Of Interest.docx
2025-03-13 11:31:45,242 - INFO - Replacing '*ADD C&N*' with 'rgrg'
2025-03-13 11:31:45,242 - INFO - Replacing '*ADD P&R*' with 'rgrg'
2025-03-13 11:31:45,243 - INFO - Replacing '*ADD DD*' with 'rgrg'
2025-03-13 11:31:45,287 - INFO - Successfully saved processed document: 7. Conflict Of Interest.docx
2025-03-13 11:31:46,446 - INFO - Converted 7. Conflict Of Interest.docx to PDF
2025-03-13 11:31:47,723 - INFO - Successfully opened document: 8. Bid Requirements.docx
2025-03-13 11:31:47,723 - INFO - Replacing '*ADD C&N*' with 'rgrg'
2025-03-13 11:31:47,723 - INFO - Replacing '*ADD P&R*' with 'rgrg'
2025-03-13 11:31:47,723 - INFO - Replacing '*ADD DD*' with 'rgrg'
2025-03-13 11:31:47,771 - INFO - Successfully saved processed document: 8. Bid Requirements.docx
2025-03-13 11:31:48,922 - INFO - Converted 8. Bid Requirements.docx to PDF
2025-03-13 11:31:50,223 - INFO - Successfully opened document: 9. All Declaration.docx
2025-03-13 11:31:50,224 - INFO - Replacing '*ADD C&N*' with 'rgrg'
2025-03-13 11:31:50,224 - INFO - Replacing '*ADD P&R*' with 'rgrg'
2025-03-13 11:31:50,226 - INFO - Replacing '*ADD DD*' with 'rgrg'
2025-03-13 11:31:50,255 - INFO - Successfully saved processed document: 9. All Declaration.docx
2025-03-13 11:31:51,390 - INFO - Converted 9. All Declaration.docx to PDF
2025-03-13 11:31:52,675 - INFO - Successfully opened document: 10. Twinrain Table of Contents Section Covers.docx
2025-03-13 11:31:52,676 - INFO - Found keywords in header
2025-03-13 11:31:52,676 - INFO - Replacing '*ADD P&R*' with 'rgrg'
2025-03-13 11:31:52,677 - INFO - Found keywords in footer
2025-03-13 11:31:52,677 - INFO - Replacing '*ADD C&N*' with 'rgrg'
2025-03-13 11:31:52,677 - INFO - Replacing '*ADD C&N*' with 'rgrg'
2025-03-13 11:31:52,677 - INFO - Replacing '*ADD P&R*' with 'rgrg'
2025-03-13 11:31:52,677 - INFO - Replacing '*ADD S&D*' with 'rgrgrg'
2025-03-13 11:31:52,677 - INFO - Replacing '*ADD L*' with 'rgrg'
2025-03-13 11:31:52,706 - INFO - Successfully saved processed document: 10. Twinrain Table of Contents Section Covers.docx
2025-03-13 11:31:52,722 - INFO - Successfully opened document: 11. Cover Page.docx
2025-03-13 11:31:52,722 - INFO - Replacing '*ADD P&R*' with 'rgrg'
2025-03-13 11:31:52,722 - INFO - Replacing '*ADD S&D*' with 'rgrgrg'
2025-03-13 11:31:52,722 - INFO - Replacing '*ADD C&N*' with 'rgrg'
2025-03-13 11:31:52,722 - INFO - Replacing '*ADD L*' with 'rgrg'
2025-03-13 11:31:52,722 - INFO - Replacing '*ADD DD*' with 'rgrg'
2025-03-13 11:31:52,772 - INFO - Successfully saved processed document: 11. Cover Page.docx
2025-03-13 11:31:53,422 - INFO - Merged 9 PDFs into C:\Users\AbrahamCEO\Downloads\Processed_Documents\processed_20250313_113049\pdf\Shitongeni_merged.pdf
2025-03-13 11:31:53,728 - ERROR - Error compressing PDF: Pdf.save() got an unexpected keyword argument 'optimize'
2025-03-13 11:37:01,268 - INFO - Processing 9 main documents...
2025-03-13 11:37:01,349 - INFO - Successfully opened document: 1. Power Of Attorney.docx
2025-03-13 11:37:01,349 - INFO - Replacing '*ADD P&R*' with 'ddd'
2025-03-13 11:37:01,349 - INFO - Replacing '*ADD P&R*' with 'ddd'
2025-03-13 11:37:01,349 - INFO - Replacing '*ADD C&N*' with 'ergf'
2025-03-13 11:37:01,349 - INFO - Replacing '*ADD S&D*' with 'dfbgdf'
2025-03-13 11:37:01,349 - INFO - Replacing '*ADD DD*' with 'fdfd'
2025-03-13 11:37:01,397 - INFO - Successfully saved processed document: 1. Power Of Attorney.docx
2025-03-13 11:37:03,316 - INFO - Converted 1. Power Of Attorney.docx to PDF
2025-03-13 11:37:04,781 - INFO - Created PDF: C:\Users\AbrahamCEO\Downloads\Processed_Documents\processed_20250313_113701\1. Power Of Attorney.pdf
2025-03-13 11:37:04,799 - INFO - Successfully opened document: 2. Cover Letter.docx
2025-03-13 11:37:04,799 - INFO - Replacing '*ADD DD*' with 'fdfd'
2025-03-13 11:37:04,799 - INFO - Replacing '*ADD C&N*' with 'ergf'
2025-03-13 11:37:04,799 - INFO - Replacing '*ADD P&B*' with 'fdfdfdd'
2025-03-13 11:37:04,799 - INFO - Replacing '*ADD T*' with 'fdfd'
2025-03-13 11:37:04,799 - INFO - Replacing '*ADD P&R*' with 'ddd'
2025-03-13 11:37:04,799 - INFO - Replacing '*ADD S&D*' with 'dfbgdf'
2025-03-13 11:37:04,799 - INFO - Replacing '*ADD C&N*' with 'ergf'
2025-03-13 11:37:04,799 - INFO - Replacing '*ADD V&P*' with 'fdfdfd'
2025-03-13 11:37:04,799 - INFO - Replacing '*ADD DD*' with 'fdfd'
2025-03-13 11:37:04,849 - INFO - Successfully saved processed document: 2. Cover Letter.docx
2025-03-13 11:37:06,117 - INFO - Converted 2. Cover Letter.docx to PDF
2025-03-13 11:37:07,382 - INFO - Created PDF: C:\Users\AbrahamCEO\Downloads\Processed_Documents\processed_20250313_113701\2. Cover Letter.pdf
2025-03-13 11:37:07,417 - INFO - Successfully opened document: 3. Undertaking - Labour.docx
2025-03-13 11:37:07,417 - INFO - Replacing '*ADD C&N*' with 'ergf'
2025-03-13 11:37:07,417 - INFO - Replacing '*ADD P&R*' with 'ddd'
2025-03-13 11:37:07,417 - INFO - Replacing '*ADD DD*' with 'fdfd'
2025-03-13 11:37:07,449 - INFO - Successfully saved processed document: 3. Undertaking - Labour.docx
2025-03-13 11:37:08,700 - INFO - Converted 3. Undertaking - Labour.docx to PDF
2025-03-13 11:37:09,948 - INFO - Created PDF: C:\Users\AbrahamCEO\Downloads\Processed_Documents\processed_20250313_113701\3. Undertaking - Labour.pdf
2025-03-13 11:37:09,966 - INFO - Successfully opened document: 4. Undertaking - Salaries.docx
2025-03-13 11:37:09,966 - INFO - Replacing '*ADD C&N*' with 'ergf'
2025-03-13 11:37:09,966 - INFO - Replacing '*ADD P&R*' with 'ddd'
2025-03-13 11:37:09,966 - INFO - Replacing '*ADD DD*' with 'fdfd'
2025-03-13 11:37:10,015 - INFO - Successfully saved processed document: 4. Undertaking - Salaries.docx
2025-03-13 11:37:11,187 - INFO - Converted 4. Undertaking - Salaries.docx to PDF
2025-03-13 11:37:12,464 - INFO - Created PDF: C:\Users\AbrahamCEO\Downloads\Processed_Documents\processed_20250313_113701\4. Undertaking - Salaries.pdf
2025-03-13 11:37:12,483 - INFO - Successfully opened document: 5. Local Content.docx
2025-03-13 11:37:12,483 - INFO - Replacing '*ADD C&N*' with 'ergf'
2025-03-13 11:37:12,483 - INFO - Replacing '*ADD P&R*' with 'ddd'
2025-03-13 11:37:12,483 - INFO - Replacing '*ADD DD*' with 'fdfd'
2025-03-13 11:37:12,532 - INFO - Successfully saved processed document: 5. Local Content.docx
2025-03-13 11:37:13,733 - INFO - Converted 5. Local Content.docx to PDF
2025-03-13 11:37:14,954 - INFO - Created PDF: C:\Users\AbrahamCEO\Downloads\Processed_Documents\processed_20250313_113701\5. Local Content.pdf
2025-03-13 11:37:15,016 - INFO - Successfully opened document: 6. Employment.docx
2025-03-13 11:37:15,016 - INFO - Replacing '*ADD C&N*' with 'ergf'
2025-03-13 11:37:15,016 - INFO - Replacing '*ADD P&R*' with 'ddd'
2025-03-13 11:37:15,016 - INFO - Replacing '*ADD DD*' with 'fdfd'
2025-03-13 11:37:15,049 - INFO - Successfully saved processed document: 6. Employment.docx
2025-03-13 11:37:16,149 - INFO - Converted 6. Employment.docx to PDF
2025-03-13 11:37:17,121 - INFO - Created PDF: C:\Users\AbrahamCEO\Downloads\Processed_Documents\processed_20250313_113701\6. Employment.pdf
2025-03-13 11:37:17,161 - INFO - Successfully opened document: 7. Conflict Of Interest.docx
2025-03-13 11:37:17,163 - INFO - Replacing '*ADD C&N*' with 'ergf'
2025-03-13 11:37:17,164 - INFO - Replacing '*ADD P&R*' with 'ddd'
2025-03-13 11:37:17,165 - INFO - Replacing '*ADD DD*' with 'fdfd'
2025-03-13 11:37:17,199 - INFO - Successfully saved processed document: 7. Conflict Of Interest.docx
2025-03-13 11:37:18,398 - INFO - Converted 7. Conflict Of Interest.docx to PDF
2025-03-13 11:37:19,250 - INFO - Created PDF: C:\Users\AbrahamCEO\Downloads\Processed_Documents\processed_20250313_113701\7. Conflict Of Interest.pdf
2025-03-13 11:37:19,266 - INFO - Successfully opened document: 8. Bid Requirements.docx
2025-03-13 11:37:19,266 - INFO - Replacing '*ADD C&N*' with 'ergf'
2025-03-13 11:37:19,266 - INFO - Replacing '*ADD P&R*' with 'ddd'
2025-03-13 11:37:19,266 - INFO - Replacing '*ADD DD*' with 'fdfd'
2025-03-13 11:37:19,315 - INFO - Successfully saved processed document: 8. Bid Requirements.docx
2025-03-13 11:37:20,433 - INFO - Converted 8. Bid Requirements.docx to PDF
2025-03-13 11:37:21,233 - INFO - Created PDF: C:\Users\AbrahamCEO\Downloads\Processed_Documents\processed_20250313_113701\8. Bid Requirements.pdf
2025-03-13 11:37:21,266 - INFO - Successfully opened document: 9. All Declaration.docx
2025-03-13 11:37:21,266 - INFO - Replacing '*ADD C&N*' with 'ergf'
2025-03-13 11:37:21,266 - INFO - Replacing '*ADD P&R*' with 'ddd'
2025-03-13 11:37:21,266 - INFO - Replacing '*ADD DD*' with 'fdfd'
2025-03-13 11:37:21,315 - INFO - Successfully saved processed document: 9. All Declaration.docx
2025-03-13 11:37:22,516 - INFO - Converted 9. All Declaration.docx to PDF
2025-03-13 11:37:23,482 - INFO - Created PDF: C:\Users\AbrahamCEO\Downloads\Processed_Documents\processed_20250313_113701\9. All Declaration.pdf
2025-03-13 11:37:23,482 - INFO - Processing 2 extras documents...
2025-03-13 11:37:23,506 - INFO - Successfully opened document: 10. Twinrain Table of Contents Section Covers.docx
2025-03-13 11:37:23,508 - INFO - Found keywords in header
2025-03-13 11:37:23,508 - INFO - Replacing '*ADD P&R*' with 'ddd'
2025-03-13 11:37:23,508 - INFO - Found keywords in footer
2025-03-13 11:37:23,508 - INFO - Replacing '*ADD C&N*' with 'ergf'
2025-03-13 11:37:23,516 - INFO - Replacing '*ADD C&N*' with 'ergf'
2025-03-13 11:37:23,516 - INFO - Replacing '*ADD P&R*' with 'ddd'
2025-03-13 11:37:23,516 - INFO - Replacing '*ADD S&D*' with 'dfbgdf'
2025-03-13 11:37:23,516 - INFO - Replacing '*ADD L*' with 'dddddddddddd'
2025-03-13 11:37:23,532 - INFO - Successfully saved processed document: 10. Twinrain Table of Contents Section Covers.docx
2025-03-13 11:37:23,549 - INFO - Successfully opened document: 11. Cover Page.docx
2025-03-13 11:37:23,549 - INFO - Replacing '*ADD P&R*' with 'ddd'
2025-03-13 11:37:23,549 - INFO - Replacing '*ADD S&D*' with 'dfbgdf'
2025-03-13 11:37:23,549 - INFO - Replacing '*ADD C&N*' with 'ergf'
2025-03-13 11:37:23,549 - INFO - Replacing '*ADD L*' with 'dddddddddddd'
2025-03-13 11:37:23,549 - INFO - Replacing '*ADD DD*' with 'fdfd'
2025-03-13 11:37:23,602 - INFO - Successfully saved processed document: 11. Cover Page.docx
2025-03-13 11:37:23,602 - INFO - Merging 9 PDFs...
2025-03-13 11:37:24,182 - INFO - Merged 9 PDFs into C:\Users\AbrahamCEO\Downloads\Processed_Documents\processed_20250313_113701\Shitongeni_merged.pdf
2025-03-13 11:37:24,449 - ERROR - Error compressing PDF: Pdf.save() got an unexpected keyword argument 'optimize'
2025-03-13 11:45:25,161 - INFO - Processing 9 main documents...
2025-03-13 11:45:25,249 - INFO - Successfully opened document: 1. Power Of Attorney.docx
2025-03-13 11:45:25,251 - INFO - Replacing '*ADD P&R*' with 'rgrgrgrg'
2025-03-13 11:45:25,252 - INFO - Replacing '*ADD P&R*' with 'rgrgrgrg'
2025-03-13 11:45:25,253 - INFO - Replacing '*ADD C&N*' with 'rgrgrg'
2025-03-13 11:45:25,253 - INFO - Replacing '*ADD S&D*' with 'rgr'
2025-03-13 11:45:25,253 - INFO - Replacing '*ADD DD*' with 'rgrgrg'
2025-03-13 11:45:25,305 - INFO - Successfully saved processed document: 1. Power Of Attorney.docx
2025-03-13 11:45:28,788 - INFO - Converted 1. Power Of Attorney.docx to PDF
2025-03-13 11:45:31,286 - INFO - Created PDF: C:\Users\AbrahamCEO\Downloads\Processed_Documents\processed_20250313_114525\temp\1. Power Of Attorney.pdf
2025-03-13 11:45:31,306 - INFO - Successfully opened document: 2. Cover Letter.docx
2025-03-13 11:45:31,306 - INFO - Replacing '*ADD DD*' with 'rgrgrg'
2025-03-13 11:45:31,306 - INFO - Replacing '*ADD C&N*' with 'rgrgrg'
2025-03-13 11:45:31,306 - INFO - Replacing '*ADD P&B*' with 'rgrgrgr'
2025-03-13 11:45:31,306 - INFO - Replacing '*ADD T*' with 'grgrg'
2025-03-13 11:45:31,306 - INFO - Replacing '*ADD P&R*' with 'rgrgrgrg'
2025-03-13 11:45:31,306 - INFO - Replacing '*ADD S&D*' with 'rgr'
2025-03-13 11:45:31,306 - INFO - Replacing '*ADD C&N*' with 'rgrgrg'
2025-03-13 11:45:31,306 - INFO - Replacing '*ADD V&P*' with 'rgrg'
2025-03-13 11:45:31,306 - INFO - Replacing '*ADD DD*' with 'rgrgrg'
2025-03-13 11:45:31,364 - INFO - Successfully saved processed document: 2. Cover Letter.docx
2025-03-13 11:45:32,723 - INFO - Converted 2. Cover Letter.docx to PDF
2025-03-13 11:45:35,189 - INFO - Created PDF: C:\Users\AbrahamCEO\Downloads\Processed_Documents\processed_20250313_114525\temp\2. Cover Letter.pdf
2025-03-13 11:45:35,223 - INFO - Successfully opened document: 3. Undertaking - Labour.docx
2025-03-13 11:45:35,223 - INFO - Replacing '*ADD C&N*' with 'rgrgrg'
2025-03-13 11:45:35,223 - INFO - Replacing '*ADD P&R*' with 'rgrgrgrg'
2025-03-13 11:45:35,223 - INFO - Replacing '*ADD DD*' with 'rgrgrg'
2025-03-13 11:45:35,272 - INFO - Successfully saved processed document: 3. Undertaking - Labour.docx
2025-03-13 11:45:36,490 - INFO - Converted 3. Undertaking - Labour.docx to PDF
2025-03-13 11:45:36,556 - INFO - Created PDF: C:\Users\AbrahamCEO\Downloads\Processed_Documents\processed_20250313_114525\temp\3. Undertaking - Labour.pdf
2025-03-13 11:45:36,579 - INFO - Successfully opened document: 4. Undertaking - Salaries.docx
2025-03-13 11:45:36,579 - INFO - Replacing '*ADD C&N*' with 'rgrgrg'
2025-03-13 11:45:36,579 - INFO - Replacing '*ADD P&R*' with 'rgrgrgrg'
2025-03-13 11:45:36,579 - INFO - Replacing '*ADD DD*' with 'rgrgrg'
2025-03-13 11:45:36,623 - INFO - Successfully saved processed document: 4. Undertaking - Salaries.docx
2025-03-13 11:45:37,754 - INFO - Converted 4. Undertaking - Salaries.docx to PDF
2025-03-13 11:45:40,153 - INFO - Created PDF: C:\Users\AbrahamCEO\Downloads\Processed_Documents\processed_20250313_114525\temp\4. Undertaking - Salaries.pdf
2025-03-13 11:45:40,173 - INFO - Successfully opened document: 5. Local Content.docx
2025-03-13 11:45:40,173 - INFO - Replacing '*ADD C&N*' with 'rgrgrg'
2025-03-13 11:45:40,173 - INFO - Replacing '*ADD P&R*' with 'rgrgrgrg'
2025-03-13 11:45:40,173 - INFO - Replacing '*ADD DD*' with 'rgrgrg'
2025-03-13 11:45:40,223 - INFO - Successfully saved processed document: 5. Local Content.docx
2025-03-13 11:45:41,453 - INFO - Converted 5. Local Content.docx to PDF
2025-03-13 11:45:43,788 - INFO - Created PDF: C:\Users\AbrahamCEO\Downloads\Processed_Documents\processed_20250313_114525\temp\5. Local Content.pdf
2025-03-13 11:45:43,806 - INFO - Successfully opened document: 6. Employment.docx
2025-03-13 11:45:43,806 - INFO - Replacing '*ADD C&N*' with 'rgrgrg'
2025-03-13 11:45:43,806 - INFO - Replacing '*ADD P&R*' with 'rgrgrgrg'
2025-03-13 11:45:43,806 - INFO - Replacing '*ADD DD*' with 'rgrgrg'
2025-03-13 11:45:43,855 - INFO - Successfully saved processed document: 6. Employment.docx
2025-03-13 11:45:45,039 - INFO - Converted 6. Employment.docx to PDF
2025-03-13 11:45:47,471 - INFO - Created PDF: C:\Users\AbrahamCEO\Downloads\Processed_Documents\processed_20250313_114525\temp\6. Employment.pdf
2025-03-13 11:45:47,489 - INFO - Successfully opened document: 7. Conflict Of Interest.docx
2025-03-13 11:45:47,489 - INFO - Replacing '*ADD C&N*' with 'rgrgrg'
2025-03-13 11:45:47,489 - INFO - Replacing '*ADD P&R*' with 'rgrgrgrg'
2025-03-13 11:45:47,489 - INFO - Replacing '*ADD DD*' with 'rgrgrg'
2025-03-13 11:45:47,539 - INFO - Successfully saved processed document: 7. Conflict Of Interest.docx
2025-03-13 11:45:48,703 - INFO - Converted 7. Conflict Of Interest.docx to PDF
2025-03-13 11:45:51,121 - INFO - Created PDF: C:\Users\AbrahamCEO\Downloads\Processed_Documents\processed_20250313_114525\temp\7. Conflict Of Interest.pdf
2025-03-13 11:45:51,139 - INFO - Successfully opened document: 8. Bid Requirements.docx
2025-03-13 11:45:51,139 - INFO - Replacing '*ADD C&N*' with 'rgrgrg'
2025-03-13 11:45:51,139 - INFO - Replacing '*ADD P&R*' with 'rgrgrgrg'
2025-03-13 11:45:51,139 - INFO - Replacing '*ADD DD*' with 'rgrgrg'
2025-03-13 11:45:51,188 - INFO - Successfully saved processed document: 8. Bid Requirements.docx
2025-03-13 11:45:52,405 - INFO - Converted 8. Bid Requirements.docx to PDF
2025-03-13 11:45:54,837 - INFO - Created PDF: C:\Users\AbrahamCEO\Downloads\Processed_Documents\processed_20250313_114525\temp\8. Bid Requirements.pdf
2025-03-13 11:45:54,856 - INFO - Successfully opened document: 9. All Declaration.docx
2025-03-13 11:45:54,856 - INFO - Replacing '*ADD C&N*' with 'rgrgrg'
2025-03-13 11:45:54,856 - INFO - Replacing '*ADD P&R*' with 'rgrgrgrg'
2025-03-13 11:45:54,856 - INFO - Replacing '*ADD DD*' with 'rgrgrg'
2025-03-13 11:45:54,906 - INFO - Successfully saved processed document: 9. All Declaration.docx
2025-03-13 11:45:56,205 - INFO - Converted 9. All Declaration.docx to PDF
2025-03-13 11:45:58,529 - INFO - Created PDF: C:\Users\AbrahamCEO\Downloads\Processed_Documents\processed_20250313_114525\temp\9. All Declaration.pdf
2025-03-13 11:45:58,529 - INFO - Processing 2 extras documents...
2025-03-13 11:45:58,555 - INFO - Successfully opened document: 10. Twinrain Table of Contents Section Covers.docx
2025-03-13 11:45:58,555 - INFO - Found keywords in header
2025-03-13 11:45:58,555 - INFO - Replacing '*ADD P&R*' with 'rgrgrgrg'
2025-03-13 11:45:58,555 - INFO - Found keywords in footer
2025-03-13 11:45:58,555 - INFO - Replacing '*ADD C&N*' with 'rgrgrg'
2025-03-13 11:45:58,555 - INFO - Replacing '*ADD C&N*' with 'rgrgrg'
2025-03-13 11:45:58,555 - INFO - Replacing '*ADD P&R*' with 'rgrgrgrg'
2025-03-13 11:45:58,555 - INFO - Replacing '*ADD S&D*' with 'rgr'
2025-03-13 11:45:58,555 - INFO - Replacing '*ADD L*' with 'rgr'
2025-03-13 11:45:58,588 - INFO - Successfully saved processed document: 10. Twinrain Table of Contents Section Covers.docx
2025-03-13 11:45:58,605 - INFO - Successfully opened document: 11. Cover Page.docx
2025-03-13 11:45:58,605 - INFO - Replacing '*ADD P&R*' with 'rgrgrgrg'
2025-03-13 11:45:58,605 - INFO - Replacing '*ADD S&D*' with 'rgr'
2025-03-13 11:45:58,605 - INFO - Replacing '*ADD C&N*' with 'rgrgrg'
2025-03-13 11:45:58,605 - INFO - Replacing '*ADD L*' with 'rgr'
2025-03-13 11:45:58,605 - INFO - Replacing '*ADD DD*' with 'rgrgrg'
2025-03-13 11:45:58,655 - INFO - Successfully saved processed document: 11. Cover Page.docx
2025-03-13 11:45:58,655 - INFO - Merging 9 PDFs...
2025-03-13 11:45:59,305 - INFO - Merged 9 PDFs into C:\Users\AbrahamCEO\Downloads\Processed_Documents\processed_20250313_114525\temp\Wilson_merged.pdf
2025-03-13 11:45:59,586 - ERROR - Error compressing PDF: Pdf.save() got an unexpected keyword argument 'optimize'
2025-03-13 11:53:04,550 - INFO - Processing 9 main documents...
2025-03-13 11:53:04,631 - INFO - Successfully opened document: 1. Power Of Attorney.docx
2025-03-13 11:53:04,633 - INFO - Replacing '*ADD P&R*' with 'hghgh'
2025-03-13 11:53:04,634 - INFO - Replacing '*ADD P&R*' with 'hghgh'
2025-03-13 11:53:04,634 - INFO - Replacing '*ADD C&N*' with 'hggh'
2025-03-13 11:53:04,634 - INFO - Replacing '*ADD S&D*' with 'ghg'
2025-03-13 11:53:04,635 - INFO - Replacing '*ADD DD*' with 'hgh'
2025-03-13 11:53:04,663 - INFO - Successfully saved processed document: 1. Power Of Attorney.docx
2025-03-13 11:53:06,546 - INFO - Converted 1. Power Of Attorney.docx to PDF
2025-03-13 11:53:08,444 - INFO - Created PDF: C:\Users\AbrahamCEO\Downloads\Processed_Documents\processed_20250313_115304\temp\1. Power Of Attorney.pdf
2025-03-13 11:53:08,463 - INFO - Successfully opened document: 2. Cover Letter.docx
2025-03-13 11:53:08,463 - INFO - Replacing '*ADD DD*' with 'hgh'
2025-03-13 11:53:08,463 - INFO - Replacing '*ADD C&N*' with 'hggh'
2025-03-13 11:53:08,463 - INFO - Replacing '*ADD P&B*' with 'hghhgh'
2025-03-13 11:53:08,463 - INFO - Replacing '*ADD T*' with 'hj'
2025-03-13 11:53:08,463 - INFO - Replacing '*ADD P&R*' with 'hghgh'
2025-03-13 11:53:08,463 - INFO - Replacing '*ADD S&D*' with 'ghg'
2025-03-13 11:53:08,463 - INFO - Replacing '*ADD C&N*' with 'hggh'
2025-03-13 11:53:08,463 - INFO - Replacing '*ADD V&P*' with 'h5'
2025-03-13 11:53:08,463 - INFO - Replacing '*ADD DD*' with 'hgh'
2025-03-13 11:53:08,529 - INFO - Successfully saved processed document: 2. Cover Letter.docx
2025-03-13 11:53:10,089 - INFO - Converted 2. Cover Letter.docx to PDF
2025-03-13 11:53:11,328 - INFO - Created PDF: C:\Users\AbrahamCEO\Downloads\Processed_Documents\processed_20250313_115304\temp\2. Cover Letter.pdf
2025-03-13 11:53:11,364 - INFO - Successfully opened document: 3. Undertaking - Labour.docx
2025-03-13 11:53:11,364 - INFO - Replacing '*ADD C&N*' with 'hggh'
2025-03-13 11:53:11,364 - INFO - Replacing '*ADD P&R*' with 'hghgh'
2025-03-13 11:53:11,364 - INFO - Replacing '*ADD DD*' with 'hgh'
2025-03-13 11:53:11,413 - INFO - Successfully saved processed document: 3. Undertaking - Labour.docx
2025-03-13 11:53:12,647 - INFO - Converted 3. Undertaking - Labour.docx to PDF
2025-03-13 11:53:13,824 - INFO - Created PDF: C:\Users\AbrahamCEO\Downloads\Processed_Documents\processed_20250313_115304\temp\3. Undertaking - Labour.pdf
2025-03-13 11:53:13,846 - INFO - Successfully opened document: 4. Undertaking - Salaries.docx
2025-03-13 11:53:13,846 - INFO - Replacing '*ADD C&N*' with 'hggh'
2025-03-13 11:53:13,846 - INFO - Replacing '*ADD P&R*' with 'hghgh'
2025-03-13 11:53:13,846 - INFO - Replacing '*ADD DD*' with 'hgh'
2025-03-13 11:53:13,887 - INFO - Successfully saved processed document: 4. Undertaking - Salaries.docx
2025-03-13 11:53:15,175 - INFO - Converted 4. Undertaking - Salaries.docx to PDF
2025-03-13 11:53:16,388 - INFO - Created PDF: C:\Users\AbrahamCEO\Downloads\Processed_Documents\processed_20250313_115304\temp\4. Undertaking - Salaries.pdf
2025-03-13 11:53:16,415 - INFO - Successfully opened document: 5. Local Content.docx
2025-03-13 11:53:16,416 - INFO - Replacing '*ADD C&N*' with 'hggh'
2025-03-13 11:53:16,417 - INFO - Replacing '*ADD P&R*' with 'hghgh'
2025-03-13 11:53:16,418 - INFO - Replacing '*ADD DD*' with 'hgh'
2025-03-13 11:53:16,460 - INFO - Successfully saved processed document: 5. Local Content.docx
2025-03-13 11:53:17,663 - INFO - Converted 5. Local Content.docx to PDF
2025-03-13 11:53:18,721 - INFO - Created PDF: C:\Users\AbrahamCEO\Downloads\Processed_Documents\processed_20250313_115304\temp\5. Local Content.pdf
2025-03-13 11:53:18,737 - INFO - Successfully opened document: 6. Employment.docx
2025-03-13 11:53:18,753 - INFO - Replacing '*ADD C&N*' with 'hggh'
2025-03-13 11:53:18,753 - INFO - Replacing '*ADD P&R*' with 'hghgh'
2025-03-13 11:53:18,755 - INFO - Replacing '*ADD DD*' with 'hgh'
2025-03-13 11:53:18,817 - INFO - Successfully saved processed document: 6. Employment.docx
2025-03-13 11:53:20,025 - INFO - Converted 6. Employment.docx to PDF
2025-03-13 11:53:21,261 - INFO - Created PDF: C:\Users\AbrahamCEO\Downloads\Processed_Documents\processed_20250313_115304\temp\6. Employment.pdf
2025-03-13 11:53:21,340 - INFO - Successfully opened document: 7. Conflict Of Interest.docx
2025-03-13 11:53:21,340 - INFO - Replacing '*ADD C&N*' with 'hggh'
2025-03-13 11:53:21,340 - INFO - Replacing '*ADD P&R*' with 'hghgh'
2025-03-13 11:53:21,340 - INFO - Replacing '*ADD DD*' with 'hgh'
2025-03-13 11:53:21,372 - INFO - Successfully saved processed document: 7. Conflict Of Interest.docx
2025-03-13 11:53:22,562 - INFO - Converted 7. Conflict Of Interest.docx to PDF
2025-03-13 11:53:23,685 - INFO - Created PDF: C:\Users\AbrahamCEO\Downloads\Processed_Documents\processed_20250313_115304\temp\7. Conflict Of Interest.pdf
2025-03-13 11:53:23,711 - INFO - Successfully opened document: 8. Bid Requirements.docx
2025-03-13 11:53:23,711 - INFO - Replacing '*ADD C&N*' with 'hggh'
2025-03-13 11:53:23,711 - INFO - Replacing '*ADD P&R*' with 'hghgh'
2025-03-13 11:53:23,711 - INFO - Replacing '*ADD DD*' with 'hgh'
2025-03-13 11:53:23,759 - INFO - Successfully saved processed document: 8. Bid Requirements.docx
2025-03-13 11:53:24,977 - INFO - Converted 8. Bid Requirements.docx to PDF
2025-03-13 11:53:26,187 - INFO - Created PDF: C:\Users\AbrahamCEO\Downloads\Processed_Documents\processed_20250313_115304\temp\8. Bid Requirements.pdf
2025-03-13 11:53:26,203 - INFO - Successfully opened document: 9. All Declaration.docx
2025-03-13 11:53:26,203 - INFO - Replacing '*ADD C&N*' with 'hggh'
2025-03-13 11:53:26,203 - INFO - Replacing '*ADD P&R*' with 'hghgh'
2025-03-13 11:53:26,203 - INFO - Replacing '*ADD DD*' with 'hgh'
2025-03-13 11:53:26,251 - INFO - Successfully saved processed document: 9. All Declaration.docx
2025-03-13 11:53:27,509 - INFO - Converted 9. All Declaration.docx to PDF
2025-03-13 11:53:28,835 - INFO - Created PDF: C:\Users\AbrahamCEO\Downloads\Processed_Documents\processed_20250313_115304\temp\9. All Declaration.pdf
2025-03-13 11:53:28,835 - INFO - Processing 2 extras documents...
2025-03-13 11:53:28,936 - INFO - Successfully opened document: 10. Twinrain Table of Contents Section Covers.docx
2025-03-13 11:53:28,936 - INFO - Found keywords in header
2025-03-13 11:53:28,936 - INFO - Replacing '*ADD P&R*' with 'hghgh'
2025-03-13 11:53:28,936 - INFO - Found keywords in footer
2025-03-13 11:53:28,936 - INFO - Replacing '*ADD C&N*' with 'hggh'
2025-03-13 11:53:28,974 - INFO - Replacing '*ADD C&N*' with 'hggh'
2025-03-13 11:53:28,976 - INFO - Replacing '*ADD P&R*' with 'hghgh'
2025-03-13 11:53:28,976 - INFO - Replacing '*ADD S&D*' with 'ghg'
2025-03-13 11:53:28,978 - INFO - Replacing '*ADD L*' with 'ghg'
2025-03-13 11:53:29,098 - INFO - Successfully saved processed document: 10. Twinrain Table of Contents Section Covers.docx
2025-03-13 11:53:29,175 - INFO - Successfully opened document: 11. Cover Page.docx
2025-03-13 11:53:29,175 - INFO - Replacing '*ADD P&R*' with 'hghgh'
2025-03-13 11:53:29,175 - INFO - Replacing '*ADD S&D*' with 'ghg'
2025-03-13 11:53:29,175 - INFO - Replacing '*ADD C&N*' with 'hggh'
2025-03-13 11:53:29,175 - INFO - Replacing '*ADD L*' with 'ghg'
2025-03-13 11:53:29,175 - INFO - Replacing '*ADD DD*' with 'hgh'
2025-03-13 11:53:29,268 - INFO - Successfully saved processed document: 11. Cover Page.docx
2025-03-13 11:53:29,268 - INFO - Merging 9 PDFs...
2025-03-13 11:53:29,768 - INFO - Merged 9 PDFs into C:\Users\AbrahamCEO\Downloads\Processed_Documents\processed_20250313_115304\temp\Shitongeni_merged.pdf
2025-03-13 11:53:30,082 - ERROR - Error compressing PDF: Pdf.save() got an unexpected keyword argument 'optimize'
2025-03-13 12:08:29,595 - INFO - Processing 9 main documents...
2025-03-13 12:08:29,667 - INFO - Successfully opened document: 1. Power Of Attorney.docx
2025-03-13 12:08:29,678 - INFO - Replacing '*ADD P&R*' with '343'
2025-03-13 12:08:29,679 - INFO - Replacing '*ADD P&R*' with '343'
2025-03-13 12:08:29,680 - INFO - Replacing '*ADD C&N*' with '343'
2025-03-13 12:08:29,680 - INFO - Replacing '*ADD S&D*' with '34'
2025-03-13 12:08:29,680 - INFO - Replacing '*ADD DD*' with '34'
2025-03-13 12:08:29,728 - INFO - Successfully saved processed document: 1. Power Of Attorney.docx
2025-03-13 12:08:31,592 - INFO - Converted 1. Power Of Attorney.docx to PDF
2025-03-13 12:08:33,392 - INFO - Created PDF: C:\Users\AbrahamCEO\Downloads\Processed_Documents\processed_20250313_120829\1. Power Of Attorney.pdf
2025-03-13 12:08:33,393 - INFO - Removed intermediate Word file: C:\Users\AbrahamCEO\Downloads\Processed_Documents\processed_20250313_120829\1. Power Of Attorney.docx
2025-03-13 12:08:33,428 - INFO - Successfully opened document: 2. Cover Letter.docx
2025-03-13 12:08:33,428 - INFO - Replacing '*ADD DD*' with '34'
2025-03-13 12:08:33,428 - INFO - Replacing '*ADD C&N*' with '343'
2025-03-13 12:08:33,428 - INFO - Replacing '*ADD P&B*' with '33'
2025-03-13 12:08:33,428 - INFO - Replacing '*ADD T*' with '434'
2025-03-13 12:08:33,428 - INFO - Replacing '*ADD P&R*' with '343'
2025-03-13 12:08:33,428 - INFO - Replacing '*ADD S&D*' with '34'
2025-03-13 12:08:33,428 - INFO - Replacing '*ADD C&N*' with '343'
2025-03-13 12:08:33,428 - INFO - Replacing '*ADD V&P*' with '43'
2025-03-13 12:08:33,443 - INFO - Replacing '*ADD DD*' with '34'
2025-03-13 12:08:33,482 - INFO - Successfully saved processed document: 2. Cover Letter.docx
2025-03-13 12:08:34,884 - INFO - Converted 2. Cover Letter.docx to PDF
2025-03-13 12:08:36,827 - INFO - Created PDF: C:\Users\AbrahamCEO\Downloads\Processed_Documents\processed_20250313_120829\2. Cover Letter.pdf
2025-03-13 12:08:36,828 - INFO - Removed intermediate Word file: C:\Users\AbrahamCEO\Downloads\Processed_Documents\processed_20250313_120829\2. Cover Letter.docx
2025-03-13 12:08:36,863 - INFO - Successfully opened document: 3. Undertaking - Labour.docx
2025-03-13 12:08:36,863 - INFO - Replacing '*ADD C&N*' with '343'
2025-03-13 12:08:36,863 - INFO - Replacing '*ADD P&R*' with '343'
2025-03-13 12:08:36,863 - INFO - Replacing '*ADD DD*' with '34'
2025-03-13 12:08:36,910 - INFO - Successfully saved processed document: 3. Undertaking - Labour.docx
2025-03-13 12:08:38,230 - INFO - Converted 3. Undertaking - Labour.docx to PDF
2025-03-13 12:08:39,464 - INFO - Created PDF: C:\Users\AbrahamCEO\Downloads\Processed_Documents\processed_20250313_120829\3. Undertaking - Labour.pdf
2025-03-13 12:08:39,464 - INFO - Removed intermediate Word file: C:\Users\AbrahamCEO\Downloads\Processed_Documents\processed_20250313_120829\3. Undertaking - Labour.docx
2025-03-13 12:08:39,495 - INFO - Successfully opened document: 4. Undertaking - Salaries.docx
2025-03-13 12:08:39,495 - INFO - Replacing '*ADD C&N*' with '343'
2025-03-13 12:08:39,495 - INFO - Replacing '*ADD P&R*' with '343'
2025-03-13 12:08:39,495 - INFO - Replacing '*ADD DD*' with '34'
2025-03-13 12:08:39,545 - INFO - Successfully saved processed document: 4. Undertaking - Salaries.docx
2025-03-13 12:08:40,792 - INFO - Converted 4. Undertaking - Salaries.docx to PDF
2025-03-13 12:08:42,043 - INFO - Created PDF: C:\Users\AbrahamCEO\Downloads\Processed_Documents\processed_20250313_120829\4. Undertaking - Salaries.pdf
2025-03-13 12:08:42,043 - INFO - Removed intermediate Word file: C:\Users\AbrahamCEO\Downloads\Processed_Documents\processed_20250313_120829\4. Undertaking - Salaries.docx
2025-03-13 12:08:42,066 - INFO - Successfully opened document: 5. Local Content.docx
2025-03-13 12:08:42,066 - INFO - Replacing '*ADD C&N*' with '343'
2025-03-13 12:08:42,066 - INFO - Replacing '*ADD P&R*' with '343'
2025-03-13 12:08:42,066 - INFO - Replacing '*ADD DD*' with '34'
2025-03-13 12:08:42,111 - INFO - Successfully saved processed document: 5. Local Content.docx
2025-03-13 12:08:43,303 - INFO - Converted 5. Local Content.docx to PDF
2025-03-13 12:08:44,584 - INFO - Created PDF: C:\Users\AbrahamCEO\Downloads\Processed_Documents\processed_20250313_120829\5. Local Content.pdf
2025-03-13 12:08:44,584 - INFO - Removed intermediate Word file: C:\Users\AbrahamCEO\Downloads\Processed_Documents\processed_20250313_120829\5. Local Content.docx
2025-03-13 12:08:44,595 - INFO - Successfully opened document: 6. Employment.docx
2025-03-13 12:08:44,610 - INFO - Replacing '*ADD C&N*' with '343'
2025-03-13 12:08:44,610 - INFO - Replacing '*ADD P&R*' with '343'
2025-03-13 12:08:44,611 - INFO - Replacing '*ADD DD*' with '34'
2025-03-13 12:08:44,644 - INFO - Successfully saved processed document: 6. Employment.docx
2025-03-13 12:08:45,846 - INFO - Converted 6. Employment.docx to PDF
2025-03-13 12:08:47,011 - INFO - Created PDF: C:\Users\AbrahamCEO\Downloads\Processed_Documents\processed_20250313_120829\6. Employment.pdf
2025-03-13 12:08:47,011 - INFO - Removed intermediate Word file: C:\Users\AbrahamCEO\Downloads\Processed_Documents\processed_20250313_120829\6. Employment.docx
2025-03-13 12:08:47,028 - INFO - Successfully opened document: 7. Conflict Of Interest.docx
2025-03-13 12:08:47,028 - INFO - Replacing '*ADD C&N*' with '343'
2025-03-13 12:08:47,028 - INFO - Replacing '*ADD P&R*' with '343'
2025-03-13 12:08:47,028 - INFO - Replacing '*ADD DD*' with '34'
2025-03-13 12:08:47,077 - INFO - Successfully saved processed document: 7. Conflict Of Interest.docx
2025-03-13 12:08:48,211 - INFO - Converted 7. Conflict Of Interest.docx to PDF
2025-03-13 12:08:49,276 - INFO - Created PDF: C:\Users\AbrahamCEO\Downloads\Processed_Documents\processed_20250313_120829\7. Conflict Of Interest.pdf
2025-03-13 12:08:49,277 - INFO - Removed intermediate Word file: C:\Users\AbrahamCEO\Downloads\Processed_Documents\processed_20250313_120829\7. Conflict Of Interest.docx
2025-03-13 12:08:49,294 - INFO - Successfully opened document: 8. Bid Requirements.docx
2025-03-13 12:08:49,294 - INFO - Replacing '*ADD C&N*' with '343'
2025-03-13 12:08:49,294 - INFO - Replacing '*ADD P&R*' with '343'
2025-03-13 12:08:49,294 - INFO - Replacing '*ADD DD*' with '34'
2025-03-13 12:08:49,327 - INFO - Successfully saved processed document: 8. Bid Requirements.docx
2025-03-13 12:08:50,511 - INFO - Converted 8. Bid Requirements.docx to PDF
2025-03-13 12:08:51,644 - INFO - Created PDF: C:\Users\AbrahamCEO\Downloads\Processed_Documents\processed_20250313_120829\8. Bid Requirements.pdf
2025-03-13 12:08:51,644 - INFO - Removed intermediate Word file: C:\Users\AbrahamCEO\Downloads\Processed_Documents\processed_20250313_120829\8. Bid Requirements.docx
2025-03-13 12:08:51,680 - INFO - Successfully opened document: 9. All Declaration.docx
2025-03-13 12:08:51,682 - INFO - Replacing '*ADD C&N*' with '343'
2025-03-13 12:08:51,682 - INFO - Replacing '*ADD P&R*' with '343'
2025-03-13 12:08:51,682 - INFO - Replacing '*ADD DD*' with '34'
2025-03-13 12:08:51,727 - INFO - Successfully saved processed document: 9. All Declaration.docx
2025-03-13 12:08:52,928 - INFO - Converted 9. All Declaration.docx to PDF
2025-03-13 12:08:53,978 - INFO - Created PDF: C:\Users\AbrahamCEO\Downloads\Processed_Documents\processed_20250313_120829\9. All Declaration.pdf
2025-03-13 12:08:53,978 - INFO - Removed intermediate Word file: C:\Users\AbrahamCEO\Downloads\Processed_Documents\processed_20250313_120829\9. All Declaration.docx
2025-03-13 12:08:53,978 - INFO - Processing 2 extras documents...
2025-03-13 12:08:53,994 - INFO - Successfully opened document: 10. Twinrain Table of Contents Section Covers.docx
2025-03-13 12:08:53,994 - INFO - Found keywords in header
2025-03-13 12:08:53,994 - INFO - Replacing '*ADD P&R*' with '343'
2025-03-13 12:08:53,994 - INFO - Found keywords in footer
2025-03-13 12:08:53,994 - INFO - Replacing '*ADD C&N*' with '343'
2025-03-13 12:08:54,010 - INFO - Replacing '*ADD C&N*' with '343'
2025-03-13 12:08:54,010 - INFO - Replacing '*ADD P&R*' with '343'
2025-03-13 12:08:54,010 - INFO - Replacing '*ADD S&D*' with '34'
2025-03-13 12:08:54,011 - INFO - Replacing '*ADD L*' with '34'
2025-03-13 12:08:54,027 - INFO - Successfully saved processed document: 10. Twinrain Table of Contents Section Covers.docx
2025-03-13 12:08:54,044 - INFO - Successfully opened document: 11. Cover Page.docx
2025-03-13 12:08:54,044 - INFO - Replacing '*ADD P&R*' with '343'
2025-03-13 12:08:54,044 - INFO - Replacing '*ADD S&D*' with '34'
2025-03-13 12:08:54,044 - INFO - Replacing '*ADD C&N*' with '343'
2025-03-13 12:08:54,044 - INFO - Replacing '*ADD L*' with '34'
2025-03-13 12:08:54,044 - INFO - Replacing '*ADD DD*' with '34'
2025-03-13 12:08:54,094 - INFO - Successfully saved processed document: 11. Cover Page.docx
2025-03-13 12:08:54,094 - INFO - Merging 9 PDFs...
2025-03-13 12:08:54,727 - INFO - Merged 9 PDFs into C:\Users\AbrahamCEO\Downloads\Processed_Documents\processed_20250313_120829\Shitongeni_merged.pdf
2025-03-13 12:08:55,019 - ERROR - Error compressing PDF: Pdf.save() got an unexpected keyword argument 'optimize'
2025-03-13 12:16:05,670 - INFO - Processing 9 main documents...
2025-03-13 12:16:05,751 - INFO - Successfully opened document: 1. Power Of Attorney.docx
2025-03-13 12:16:05,752 - INFO - Replacing '*ADD P&R*' with '454'
2025-03-13 12:16:05,752 - INFO - Replacing '*ADD P&R*' with '454'
2025-03-13 12:16:05,752 - INFO - Replacing '*ADD C&N*' with '45'
2025-03-13 12:16:05,752 - INFO - Replacing '*ADD S&D*' with '4454'
2025-03-13 12:16:05,752 - INFO - Replacing '*ADD DD*' with '5454'
2025-03-13 12:16:05,802 - INFO - Successfully saved processed document: 1. Power Of Attorney.docx
2025-03-13 12:16:07,553 - INFO - Converted 1. Power Of Attorney.docx to PDF
2025-03-13 12:16:08,719 - INFO - Created PDF: C:\Users\AbrahamCEO\Downloads\Processed_Documents\processed_20250313_121605\1. Power Of Attorney.pdf
2025-03-13 12:16:08,752 - INFO - Successfully opened document: 2. Cover Letter.docx
2025-03-13 12:16:08,752 - INFO - Replacing '*ADD DD*' with '5454'
2025-03-13 12:16:08,752 - INFO - Replacing '*ADD C&N*' with '45'
2025-03-13 12:16:08,752 - INFO - Replacing '*ADD P&B*' with '455'
2025-03-13 12:16:08,752 - INFO - Replacing '*ADD T*' with '5454'
2025-03-13 12:16:08,752 - INFO - Replacing '*ADD P&R*' with '454'
2025-03-13 12:16:08,752 - INFO - Replacing '*ADD S&D*' with '4454'
2025-03-13 12:16:08,752 - INFO - Replacing '*ADD C&N*' with '45'
2025-03-13 12:16:08,752 - INFO - Replacing '*ADD V&P*' with '454'
2025-03-13 12:16:08,752 - INFO - Replacing '*ADD DD*' with '5454'
2025-03-13 12:16:08,802 - INFO - Successfully saved processed document: 2. Cover Letter.docx
2025-03-13 12:16:10,301 - INFO - Converted 2. Cover Letter.docx to PDF
2025-03-13 12:16:11,453 - INFO - Created PDF: C:\Users\AbrahamCEO\Downloads\Processed_Documents\processed_20250313_121605\2. Cover Letter.pdf
2025-03-13 12:16:11,487 - INFO - Successfully opened document: 3. Undertaking - Labour.docx
2025-03-13 12:16:11,487 - INFO - Replacing '*ADD C&N*' with '45'
2025-03-13 12:16:11,487 - INFO - Replacing '*ADD P&R*' with '454'
2025-03-13 12:16:11,487 - INFO - Replacing '*ADD DD*' with '5454'
2025-03-13 12:16:11,535 - INFO - Successfully saved processed document: 3. Undertaking - Labour.docx
2025-03-13 12:16:12,757 - INFO - Converted 3. Undertaking - Labour.docx to PDF
2025-03-13 12:16:13,886 - INFO - Created PDF: C:\Users\AbrahamCEO\Downloads\Processed_Documents\processed_20250313_121605\3. Undertaking - Labour.pdf
2025-03-13 12:16:13,919 - INFO - Successfully opened document: 4. Undertaking - Salaries.docx
2025-03-13 12:16:13,919 - INFO - Replacing '*ADD C&N*' with '45'
2025-03-13 12:16:13,919 - INFO - Replacing '*ADD P&R*' with '454'
2025-03-13 12:16:13,919 - INFO - Replacing '*ADD DD*' with '5454'
2025-03-13 12:16:13,968 - INFO - Successfully saved processed document: 4. Undertaking - Salaries.docx
2025-03-13 12:16:15,270 - INFO - Converted 4. Undertaking - Salaries.docx to PDF
2025-03-13 12:16:16,434 - INFO - Created PDF: C:\Users\AbrahamCEO\Downloads\Processed_Documents\processed_20250313_121605\4. Undertaking - Salaries.pdf
2025-03-13 12:16:16,453 - INFO - Successfully opened document: 5. Local Content.docx
2025-03-13 12:16:16,453 - INFO - Replacing '*ADD C&N*' with '45'
2025-03-13 12:16:16,453 - INFO - Replacing '*ADD P&R*' with '454'
2025-03-13 12:16:16,453 - INFO - Replacing '*ADD DD*' with '5454'
2025-03-13 12:16:16,503 - INFO - Successfully saved processed document: 5. Local Content.docx
2025-03-13 12:16:19,102 - INFO - Converted 5. Local Content.docx to PDF
2025-03-13 12:16:20,270 - INFO - Created PDF: C:\Users\AbrahamCEO\Downloads\Processed_Documents\processed_20250313_121605\5. Local Content.pdf
2025-03-13 12:16:20,318 - INFO - Successfully opened document: 6. Employment.docx
2025-03-13 12:16:20,318 - INFO - Replacing '*ADD C&N*' with '45'
2025-03-13 12:16:20,318 - INFO - Replacing '*ADD P&R*' with '454'
2025-03-13 12:16:20,318 - INFO - Replacing '*ADD DD*' with '5454'
2025-03-13 12:16:20,369 - INFO - Successfully saved processed document: 6. Employment.docx
2025-03-13 12:16:21,503 - INFO - Converted 6. Employment.docx to PDF
2025-03-13 12:16:22,736 - INFO - Created PDF: C:\Users\AbrahamCEO\Downloads\Processed_Documents\processed_20250313_121605\6. Employment.pdf
2025-03-13 12:16:22,756 - INFO - Successfully opened document: 7. Conflict Of Interest.docx
2025-03-13 12:16:22,766 - INFO - Replacing '*ADD C&N*' with '45'
2025-03-13 12:16:22,766 - INFO - Replacing '*ADD P&R*' with '454'
2025-03-13 12:16:22,767 - INFO - Replacing '*ADD DD*' with '5454'
2025-03-13 12:16:22,802 - INFO - Successfully saved processed document: 7. Conflict Of Interest.docx
2025-03-13 12:16:23,968 - INFO - Converted 7. Conflict Of Interest.docx to PDF
2025-03-13 12:16:25,169 - INFO - Created PDF: C:\Users\AbrahamCEO\Downloads\Processed_Documents\processed_20250313_121605\7. Conflict Of Interest.pdf
2025-03-13 12:16:25,185 - INFO - Successfully opened document: 8. Bid Requirements.docx
2025-03-13 12:16:25,185 - INFO - Replacing '*ADD C&N*' with '45'
2025-03-13 12:16:25,185 - INFO - Replacing '*ADD P&R*' with '454'
2025-03-13 12:16:25,185 - INFO - Replacing '*ADD DD*' with '5454'
2025-03-13 12:16:25,235 - INFO - Successfully saved processed document: 8. Bid Requirements.docx
2025-03-13 12:16:26,479 - INFO - Converted 8. Bid Requirements.docx to PDF
2025-03-13 12:16:27,770 - INFO - Created PDF: C:\Users\AbrahamCEO\Downloads\Processed_Documents\processed_20250313_121605\8. Bid Requirements.pdf
2025-03-13 12:16:27,801 - INFO - Successfully opened document: 9. All Declaration.docx
2025-03-13 12:16:27,802 - INFO - Replacing '*ADD C&N*' with '45'
2025-03-13 12:16:27,802 - INFO - Replacing '*ADD P&R*' with '454'
2025-03-13 12:16:27,802 - INFO - Replacing '*ADD DD*' with '5454'
2025-03-13 12:16:27,835 - INFO - Successfully saved processed document: 9. All Declaration.docx
2025-03-13 12:16:29,118 - INFO - Converted 9. All Declaration.docx to PDF
2025-03-13 12:16:30,362 - INFO - Created PDF: C:\Users\AbrahamCEO\Downloads\Processed_Documents\processed_20250313_121605\9. All Declaration.pdf
2025-03-13 12:16:30,366 - INFO - Processing 2 extras documents...
2025-03-13 12:16:30,385 - INFO - Successfully opened document: 10. Twinrain Table of Contents Section Covers.docx
2025-03-13 12:16:30,385 - INFO - Found keywords in header
2025-03-13 12:16:30,385 - INFO - Replacing '*ADD P&R*' with '454'
2025-03-13 12:16:30,385 - INFO - Found keywords in footer
2025-03-13 12:16:30,385 - INFO - Replacing '*ADD C&N*' with '45'
2025-03-13 12:16:30,400 - INFO - Replacing '*ADD C&N*' with '45'
2025-03-13 12:16:30,400 - INFO - Replacing '*ADD P&R*' with '454'
2025-03-13 12:16:30,400 - INFO - Replacing '*ADD S&D*' with '4454'
2025-03-13 12:16:30,401 - INFO - Replacing '*ADD L*' with '454'
2025-03-13 12:16:30,418 - INFO - Successfully saved processed document: 10. Twinrain Table of Contents Section Covers.docx
2025-03-13 12:16:30,435 - INFO - Successfully opened document: 11. Cover Page.docx
2025-03-13 12:16:30,435 - INFO - Replacing '*ADD P&R*' with '454'
2025-03-13 12:16:30,435 - INFO - Replacing '*ADD S&D*' with '4454'
2025-03-13 12:16:30,435 - INFO - Replacing '*ADD C&N*' with '45'
2025-03-13 12:16:30,435 - INFO - Replacing '*ADD L*' with '454'
2025-03-13 12:16:30,435 - INFO - Replacing '*ADD DD*' with '5454'
2025-03-13 12:16:30,485 - INFO - Successfully saved processed document: 11. Cover Page.docx
2025-03-13 12:16:30,485 - INFO - Merging 9 PDFs...
2025-03-13 12:16:31,569 - INFO - Merged 9 PDFs into C:\Users\AbrahamCEO\Downloads\Processed_Documents\processed_20250313_121605\Shitongeni_merged.pdf
2025-03-13 12:16:31,819 - ERROR - Error compressing PDF: Pdf.save() got an unexpected keyword argument 'optimize'
2025-03-13 12:20:32,205 - INFO - Processing 9 main documents...
2025-03-13 12:20:32,264 - INFO - Successfully opened document: 1. Power Of Attorney.docx
2025-03-13 12:20:32,280 - INFO - Replacing '*ADD P&R*' with 'dff'
2025-03-13 12:20:32,280 - INFO - Replacing '*ADD P&R*' with 'dff'
2025-03-13 12:20:32,280 - INFO - Replacing '*ADD C&N*' with 'rfgbfv'
2025-03-13 12:20:32,280 - INFO - Replacing '*ADD S&D*' with 'dffv'
2025-03-13 12:20:32,280 - INFO - Replacing '*ADD DD*' with 'dfd'
2025-03-13 12:20:32,330 - INFO - Successfully saved processed document: temp_1. Power Of Attorney.docx
2025-03-13 12:20:34,358 - INFO - Converted temp_1. Power Of Attorney.docx to PDF
2025-03-13 12:20:35,519 - INFO - Created PDF: C:\Users\AbrahamCEO\Downloads\Processed_Documents\processed_20250313_122032\temp_1. Power Of Attorney.pdf
2025-03-13 12:20:35,519 - INFO - Removed temporary Word file: C:\Users\AbrahamCEO\Downloads\Processed_Documents\processed_20250313_122032\temp_1. Power Of Attorney.docx
2025-03-13 12:20:35,721 - INFO - Successfully opened document: 2. Cover Letter.docx
2025-03-13 12:20:35,721 - INFO - Replacing '*ADD DD*' with 'dfd'
2025-03-13 12:20:35,728 - INFO - Replacing '*ADD C&N*' with 'rfgbfv'
2025-03-13 12:20:35,729 - INFO - Replacing '*ADD P&B*' with 'fdfdfdfd'
2025-03-13 12:20:35,729 - INFO - Replacing '*ADD T*' with 'fdfd'
2025-03-13 12:20:35,731 - INFO - Replacing '*ADD P&R*' with 'dff'
2025-03-13 12:20:35,732 - INFO - Replacing '*ADD S&D*' with 'dffv'
2025-03-13 12:20:35,733 - INFO - Replacing '*ADD C&N*' with 'rfgbfv'
2025-03-13 12:20:35,733 - INFO - Replacing '*ADD V&P*' with 'dfdfdf'
2025-03-13 12:20:35,733 - INFO - Replacing '*ADD DD*' with 'dfd'
2025-03-13 12:20:35,814 - INFO - Successfully saved processed document: temp_2. Cover Letter.docx
2025-03-13 12:20:37,181 - INFO - Converted temp_2. Cover Letter.docx to PDF
2025-03-13 12:20:38,216 - INFO - Created PDF: C:\Users\AbrahamCEO\Downloads\Processed_Documents\processed_20250313_122032\temp_2. Cover Letter.pdf
2025-03-13 12:20:38,216 - INFO - Removed temporary Word file: C:\Users\AbrahamCEO\Downloads\Processed_Documents\processed_20250313_122032\temp_2. Cover Letter.docx
2025-03-13 12:20:38,264 - INFO - Successfully opened document: 3. Undertaking - Labour.docx
2025-03-13 12:20:38,264 - INFO - Replacing '*ADD C&N*' with 'rfgbfv'
2025-03-13 12:20:38,264 - INFO - Replacing '*ADD P&R*' with 'dff'
2025-03-13 12:20:38,264 - INFO - Replacing '*ADD DD*' with 'dfd'
2025-03-13 12:20:38,296 - INFO - Successfully saved processed document: temp_3. Undertaking - Labour.docx
2025-03-13 12:20:39,531 - INFO - Converted temp_3. Undertaking - Labour.docx to PDF
2025-03-13 12:20:40,499 - INFO - Created PDF: C:\Users\AbrahamCEO\Downloads\Processed_Documents\processed_20250313_122032\temp_3. Undertaking - Labour.pdf
2025-03-13 12:20:40,499 - INFO - Removed temporary Word file: C:\Users\AbrahamCEO\Downloads\Processed_Documents\processed_20250313_122032\temp_3. Undertaking - Labour.docx
2025-03-13 12:20:40,547 - INFO - Successfully opened document: 4. Undertaking - Salaries.docx
2025-03-13 12:20:40,547 - INFO - Replacing '*ADD C&N*' with 'rfgbfv'
2025-03-13 12:20:40,547 - INFO - Replacing '*ADD P&R*' with 'dff'
2025-03-13 12:20:40,547 - INFO - Replacing '*ADD DD*' with 'dfd'
2025-03-13 12:20:40,596 - INFO - Successfully saved processed document: temp_4. Undertaking - Salaries.docx
2025-03-13 12:20:43,281 - INFO - Converted temp_4. Undertaking - Salaries.docx to PDF
2025-03-13 12:20:44,248 - INFO - Created PDF: C:\Users\AbrahamCEO\Downloads\Processed_Documents\processed_20250313_122032\temp_4. Undertaking - Salaries.pdf
2025-03-13 12:20:44,261 - INFO - Removed temporary Word file: C:\Users\AbrahamCEO\Downloads\Processed_Documents\processed_20250313_122032\temp_4. Undertaking - Salaries.docx
2025-03-13 12:20:44,306 - INFO - Successfully opened document: 5. Local Content.docx
2025-03-13 12:20:44,308 - INFO - Replacing '*ADD C&N*' with 'rfgbfv'
2025-03-13 12:20:44,308 - INFO - Replacing '*ADD P&R*' with 'dff'
2025-03-13 12:20:44,311 - INFO - Replacing '*ADD DD*' with 'dfd'
2025-03-13 12:20:44,397 - INFO - Successfully saved processed document: temp_5. Local Content.docx
2025-03-13 12:20:46,163 - INFO - Converted temp_5. Local Content.docx to PDF
2025-03-13 12:20:47,344 - INFO - Created PDF: C:\Users\AbrahamCEO\Downloads\Processed_Documents\processed_20250313_122032\temp_5. Local Content.pdf
2025-03-13 12:20:47,344 - INFO - Removed temporary Word file: C:\Users\AbrahamCEO\Downloads\Processed_Documents\processed_20250313_122032\temp_5. Local Content.docx
2025-03-13 12:20:47,367 - INFO - Successfully opened document: 6. Employment.docx
2025-03-13 12:20:47,367 - INFO - Replacing '*ADD C&N*' with 'rfgbfv'
2025-03-13 12:20:47,367 - INFO - Replacing '*ADD P&R*' with 'dff'
2025-03-13 12:20:47,367 - INFO - Replacing '*ADD DD*' with 'dfd'
2025-03-13 12:20:47,413 - INFO - Successfully saved processed document: temp_6. Employment.docx
2025-03-13 12:20:48,748 - INFO - Converted temp_6. Employment.docx to PDF
2025-03-13 12:20:50,181 - INFO - Created PDF: C:\Users\AbrahamCEO\Downloads\Processed_Documents\processed_20250313_122032\temp_6. Employment.pdf
2025-03-13 12:20:50,183 - INFO - Removed temporary Word file: C:\Users\AbrahamCEO\Downloads\Processed_Documents\processed_20250313_122032\temp_6. Employment.docx
2025-03-13 12:20:50,289 - INFO - Successfully opened document: 7. Conflict Of Interest.docx
2025-03-13 12:20:50,297 - INFO - Replacing '*ADD C&N*' with 'rfgbfv'
2025-03-13 12:20:50,299 - INFO - Replacing '*ADD P&R*' with 'dff'
2025-03-13 12:20:50,301 - INFO - Replacing '*ADD DD*' with 'dfd'
2025-03-13 12:20:50,376 - INFO - Successfully saved processed document: temp_7. Conflict Of Interest.docx
2025-03-13 12:20:52,974 - INFO - Converted temp_7. Conflict Of Interest.docx to PDF
2025-03-13 12:20:54,394 - INFO - Created PDF: C:\Users\AbrahamCEO\Downloads\Processed_Documents\processed_20250313_122032\temp_7. Conflict Of Interest.pdf
2025-03-13 12:20:54,397 - INFO - Removed temporary Word file: C:\Users\AbrahamCEO\Downloads\Processed_Documents\processed_20250313_122032\temp_7. Conflict Of Interest.docx
2025-03-13 12:20:54,478 - INFO - Successfully opened document: 8. Bid Requirements.docx
2025-03-13 12:20:54,487 - INFO - Replacing '*ADD C&N*' with 'rfgbfv'
2025-03-13 12:20:54,495 - INFO - Replacing '*ADD P&R*' with 'dff'
2025-03-13 12:20:54,498 - INFO - Replacing '*ADD DD*' with 'dfd'
2025-03-13 12:20:54,697 - INFO - Successfully saved processed document: temp_8. Bid Requirements.docx
2025-03-13 12:20:56,134 - INFO - Converted temp_8. Bid Requirements.docx to PDF
2025-03-13 12:20:57,487 - INFO - Created PDF: C:\Users\AbrahamCEO\Downloads\Processed_Documents\processed_20250313_122032\temp_8. Bid Requirements.pdf
2025-03-13 12:20:57,495 - INFO - Removed temporary Word file: C:\Users\AbrahamCEO\Downloads\Processed_Documents\processed_20250313_122032\temp_8. Bid Requirements.docx
2025-03-13 12:20:57,617 - INFO - Successfully opened document: 9. All Declaration.docx
2025-03-13 12:20:57,629 - INFO - Replacing '*ADD C&N*' with 'rfgbfv'
2025-03-13 12:20:57,630 - INFO - Replacing '*ADD P&R*' with 'dff'
2025-03-13 12:20:57,636 - INFO - Replacing '*ADD DD*' with 'dfd'
2025-03-13 12:20:57,861 - INFO - Successfully saved processed document: temp_9. All Declaration.docx
2025-03-13 12:20:59,233 - INFO - Converted temp_9. All Declaration.docx to PDF
2025-03-13 12:21:00,609 - INFO - Created PDF: C:\Users\AbrahamCEO\Downloads\Processed_Documents\processed_20250313_122032\temp_9. All Declaration.pdf
2025-03-13 12:21:00,610 - INFO - Removed temporary Word file: C:\Users\AbrahamCEO\Downloads\Processed_Documents\processed_20250313_122032\temp_9. All Declaration.docx
2025-03-13 12:21:00,610 - INFO - Processing 2 extras documents...
2025-03-13 12:21:00,632 - INFO - Successfully opened document: 10. Twinrain Table of Contents Section Covers.docx
2025-03-13 12:21:00,633 - INFO - Found keywords in header
2025-03-13 12:21:00,633 - INFO - Replacing '*ADD P&R*' with 'dff'
2025-03-13 12:21:00,633 - INFO - Found keywords in footer
2025-03-13 12:21:00,633 - INFO - Replacing '*ADD C&N*' with 'rfgbfv'
2025-03-13 12:21:00,640 - INFO - Replacing '*ADD C&N*' with 'rfgbfv'
2025-03-13 12:21:00,640 - INFO - Replacing '*ADD P&R*' with 'dff'
2025-03-13 12:21:00,640 - INFO - Replacing '*ADD S&D*' with 'dffv'
2025-03-13 12:21:00,641 - INFO - Replacing '*ADD L*' with 'fdfd'
2025-03-13 12:21:00,665 - INFO - Successfully saved processed document: 10. Twinrain Table of Contents Section Covers.docx
2025-03-13 12:21:00,683 - INFO - Successfully opened document: 11. Cover Page.docx
2025-03-13 12:21:00,685 - INFO - Replacing '*ADD P&R*' with 'dff'
2025-03-13 12:21:00,685 - INFO - Replacing '*ADD S&D*' with 'dffv'
2025-03-13 12:21:00,685 - INFO - Replacing '*ADD C&N*' with 'rfgbfv'
2025-03-13 12:21:00,686 - INFO - Replacing '*ADD L*' with 'fdfd'
2025-03-13 12:21:00,686 - INFO - Replacing '*ADD DD*' with 'dfd'
2025-03-13 12:21:00,735 - INFO - Successfully saved processed document: 11. Cover Page.docx
2025-03-13 12:21:00,735 - INFO - Merging 9 PDFs...
2025-03-13 12:21:01,287 - INFO - Merged 9 PDFs into C:\Users\AbrahamCEO\Downloads\Processed_Documents\processed_20250313_122032\temp_merged_Wilson.pdf
2025-03-13 12:21:01,582 - ERROR - Error compressing PDF: Pdf.save() got an unexpected keyword argument 'optimize'
2025-03-13 12:26:14,535 - INFO - Processing 9 main documents...
2025-03-13 12:26:14,967 - INFO - Successfully opened document: 1. Power Of Attorney.docx
2025-03-13 12:26:14,969 - INFO - Replacing '*ADD P&R*' with 'geege'
2025-03-13 12:26:14,969 - INFO - Replacing '*ADD P&R*' with 'geege'
2025-03-13 12:26:14,970 - INFO - Replacing '*ADD C&N*' with 'rtrgegegee'
2025-03-13 12:26:14,970 - INFO - Replacing '*ADD S&D*' with 'geegeg'
2025-03-13 12:26:14,971 - INFO - Replacing '*ADD DD*' with 'gegeg'
2025-03-13 12:26:15,015 - INFO - Successfully saved processed document: 1. Power Of Attorney.docx
2025-03-13 12:26:17,050 - INFO - Converted 1. Power Of Attorney.docx to PDF
2025-03-13 12:26:18,656 - INFO - Created PDF: C:\Users\AbrahamCEO\Downloads\Processed_Documents\processed_20250313_122614\temp\1. Power Of Attorney.pdf
2025-03-13 12:26:18,676 - INFO - Successfully opened document: 2. Cover Letter.docx
2025-03-13 12:26:18,677 - INFO - Replacing '*ADD DD*' with 'gegeg'
2025-03-13 12:26:18,677 - INFO - Replacing '*ADD C&N*' with 'rtrgegegee'
2025-03-13 12:26:18,677 - INFO - Replacing '*ADD P&B*' with 'egee'
2025-03-13 12:26:18,678 - INFO - Replacing '*ADD T*' with 'ege'
2025-03-13 12:26:18,678 - INFO - Replacing '*ADD P&R*' with 'geege'
2025-03-13 12:26:18,678 - INFO - Replacing '*ADD S&D*' with 'geegeg'
2025-03-13 12:26:18,679 - INFO - Replacing '*ADD C&N*' with 'rtrgegegee'
2025-03-13 12:26:18,679 - INFO - Replacing '*ADD V&P*' with 'egeg'
2025-03-13 12:26:18,680 - INFO - Replacing '*ADD DD*' with 'gegeg'
2025-03-13 12:26:18,729 - INFO - Successfully saved processed document: 2. Cover Letter.docx
2025-03-13 12:26:20,191 - INFO - Converted 2. Cover Letter.docx to PDF
2025-03-13 12:26:21,492 - INFO - Created PDF: C:\Users\AbrahamCEO\Downloads\Processed_Documents\processed_20250313_122614\temp\2. Cover Letter.pdf
2025-03-13 12:26:21,529 - INFO - Successfully opened document: 3. Undertaking - Labour.docx
2025-03-13 12:26:21,530 - INFO - Replacing '*ADD C&N*' with 'rtrgegegee'
2025-03-13 12:26:21,531 - INFO - Replacing '*ADD P&R*' with 'geege'
2025-03-13 12:26:21,532 - INFO - Replacing '*ADD DD*' with 'gegeg'
2025-03-13 12:26:21,575 - INFO - Successfully saved processed document: 3. Undertaking - Labour.docx
2025-03-13 12:26:22,839 - INFO - Converted 3. Undertaking - Labour.docx to PDF
2025-03-13 12:26:24,270 - INFO - Created PDF: C:\Users\AbrahamCEO\Downloads\Processed_Documents\processed_20250313_122614\temp\3. Undertaking - Labour.pdf
2025-03-13 12:26:24,383 - INFO - Successfully opened document: 4. Undertaking - Salaries.docx
2025-03-13 12:26:24,388 - INFO - Replacing '*ADD C&N*' with 'rtrgegegee'
2025-03-13 12:26:24,388 - INFO - Replacing '*ADD P&R*' with 'geege'
2025-03-13 12:26:24,395 - INFO - Replacing '*ADD DD*' with 'gegeg'
2025-03-13 12:26:24,615 - INFO - Successfully saved processed document: 4. Undertaking - Salaries.docx
2025-03-13 12:26:25,889 - INFO - Converted 4. Undertaking - Salaries.docx to PDF
2025-03-13 12:26:27,186 - INFO - Created PDF: C:\Users\AbrahamCEO\Downloads\Processed_Documents\processed_20250313_122614\temp\4. Undertaking - Salaries.pdf
2025-03-13 12:26:27,205 - INFO - Successfully opened document: 5. Local Content.docx
2025-03-13 12:26:27,205 - INFO - Replacing '*ADD C&N*' with 'rtrgegegee'
2025-03-13 12:26:27,205 - INFO - Replacing '*ADD P&R*' with 'geege'
2025-03-13 12:26:27,205 - INFO - Replacing '*ADD DD*' with 'gegeg'
2025-03-13 12:26:27,255 - INFO - Successfully saved processed document: 5. Local Content.docx
2025-03-13 12:26:28,397 - INFO - Converted 5. Local Content.docx to PDF
2025-03-13 12:26:29,980 - INFO - Created PDF: C:\Users\AbrahamCEO\Downloads\Processed_Documents\processed_20250313_122614\temp\5. Local Content.pdf
2025-03-13 12:26:30,094 - INFO - Successfully opened document: 6. Employment.docx
2025-03-13 12:26:30,099 - INFO - Replacing '*ADD C&N*' with 'rtrgegegee'
2025-03-13 12:26:30,101 - INFO - Replacing '*ADD P&R*' with 'geege'
2025-03-13 12:26:30,104 - INFO - Replacing '*ADD DD*' with 'gegeg'
2025-03-13 12:26:30,322 - INFO - Successfully saved processed document: 6. Employment.docx
2025-03-13 12:26:33,349 - INFO - Converted 6. Employment.docx to PDF
2025-03-13 12:26:34,702 - INFO - Created PDF: C:\Users\AbrahamCEO\Downloads\Processed_Documents\processed_20250313_122614\temp\6. Employment.pdf
2025-03-13 12:26:34,720 - INFO - Successfully opened document: 7. Conflict Of Interest.docx
2025-03-13 12:26:34,725 - INFO - Replacing '*ADD C&N*' with 'rtrgegegee'
2025-03-13 12:26:34,725 - INFO - Replacing '*ADD P&R*' with 'geege'
2025-03-13 12:26:34,725 - INFO - Replacing '*ADD DD*' with 'gegeg'
2025-03-13 12:26:34,769 - INFO - Successfully saved processed document: 7. Conflict Of Interest.docx
2025-03-13 12:26:35,977 - INFO - Converted 7. Conflict Of Interest.docx to PDF
2025-03-13 12:26:38,070 - INFO - Created PDF: C:\Users\AbrahamCEO\Downloads\Processed_Documents\processed_20250313_122614\temp\7. Conflict Of Interest.pdf
2025-03-13 12:26:38,165 - INFO - Successfully opened document: 8. Bid Requirements.docx
2025-03-13 12:26:38,173 - INFO - Replacing '*ADD C&N*' with 'rtrgegegee'
2025-03-13 12:26:38,175 - INFO - Replacing '*ADD P&R*' with 'geege'
2025-03-13 12:26:38,176 - INFO - Replacing '*ADD DD*' with 'gegeg'
2025-03-13 12:26:38,397 - INFO - Successfully saved processed document: 8. Bid Requirements.docx
2025-03-13 12:26:39,758 - INFO - Converted 8. Bid Requirements.docx to PDF
2025-03-13 12:26:41,695 - INFO - Created PDF: C:\Users\AbrahamCEO\Downloads\Processed_Documents\processed_20250313_122614\temp\8. Bid Requirements.pdf
2025-03-13 12:26:41,725 - INFO - Successfully opened document: 9. All Declaration.docx
2025-03-13 12:26:41,726 - INFO - Replacing '*ADD C&N*' with 'rtrgegegee'
2025-03-13 12:26:41,727 - INFO - Replacing '*ADD P&R*' with 'geege'
2025-03-13 12:26:41,728 - INFO - Replacing '*ADD DD*' with 'gegeg'
2025-03-13 12:26:41,770 - INFO - Successfully saved processed document: 9. All Declaration.docx
2025-03-13 12:26:43,025 - INFO - Converted 9. All Declaration.docx to PDF
2025-03-13 12:26:44,185 - INFO - Created PDF: C:\Users\AbrahamCEO\Downloads\Processed_Documents\processed_20250313_122614\temp\9. All Declaration.pdf
2025-03-13 12:26:44,185 - INFO - Processing 2 extras documents...
2025-03-13 12:26:44,207 - INFO - Successfully opened document: 10. Twinrain Table of Contents Section Covers.docx
2025-03-13 12:26:44,208 - INFO - Found keywords in header
2025-03-13 12:26:44,208 - INFO - Replacing '*ADD P&R*' with 'geege'
2025-03-13 12:26:44,208 - INFO - Found keywords in footer
2025-03-13 12:26:44,209 - INFO - Replacing '*ADD C&N*' with 'rtrgegegee'
2025-03-13 12:26:44,215 - INFO - Replacing '*ADD C&N*' with 'rtrgegegee'
2025-03-13 12:26:44,215 - INFO - Replacing '*ADD P&R*' with 'geege'
2025-03-13 12:26:44,216 - INFO - Replacing '*ADD S&D*' with 'geegeg'
2025-03-13 12:26:44,216 - INFO - Replacing '*ADD L*' with 'gegegeg'
2025-03-13 12:26:44,239 - INFO - Successfully saved processed document: 10. Twinrain Table of Contents Section Covers.docx
2025-03-13 12:26:44,259 - INFO - Successfully opened document: 11. Cover Page.docx
2025-03-13 12:26:44,260 - INFO - Replacing '*ADD P&R*' with 'geege'
2025-03-13 12:26:44,261 - INFO - Replacing '*ADD S&D*' with 'geegeg'
2025-03-13 12:26:44,261 - INFO - Replacing '*ADD C&N*' with 'rtrgegegee'
2025-03-13 12:26:44,261 - INFO - Replacing '*ADD L*' with 'gegegeg'
2025-03-13 12:26:44,262 - INFO - Replacing '*ADD DD*' with 'gegeg'
2025-03-13 12:26:44,310 - INFO - Successfully saved processed document: 11. Cover Page.docx
2025-03-13 12:26:44,310 - INFO - Merging 9 PDFs...
2025-03-13 12:26:45,466 - INFO - Merged 9 PDFs into C:\Users\AbrahamCEO\Downloads\Processed_Documents\processed_20250313_122614\temp\merged_Wilson.pdf
2025-03-13 12:26:45,737 - ERROR - Error compressing PDF: Pdf.save() got an unexpected keyword argument 'optimize'
2025-03-13 12:26:45,790 - INFO - Removed temporary directory and all intermediate files
2025-03-13 12:27:30,777 - INFO - Processing 9 main documents...
2025-03-13 12:27:30,895 - INFO - Successfully opened document: 1. Power Of Attorney.docx
2025-03-13 12:27:30,895 - INFO - Replacing '*ADD P&R*' with 'geege'
2025-03-13 12:27:30,895 - INFO - Replacing '*ADD P&R*' with 'geege'
2025-03-13 12:27:30,895 - INFO - Replacing '*ADD C&N*' with 'rtrgegegee'
2025-03-13 12:27:30,895 - INFO - Replacing '*ADD S&D*' with 'geegeg'
2025-03-13 12:27:30,895 - INFO - Replacing '*ADD DD*' with 'gegeg'
2025-03-13 12:27:30,935 - INFO - Successfully saved processed document: 1. Power Of Attorney.docx
2025-03-13 12:27:32,146 - INFO - Converted 1. Power Of Attorney.docx to PDF
2025-03-13 12:27:33,679 - INFO - Created PDF: C:\Users\AbrahamCEO\Downloads\Processed_Documents\processed_20250313_122730\temp\1. Power Of Attorney.pdf
2025-03-13 12:27:33,705 - INFO - Successfully opened document: 2. Cover Letter.docx
2025-03-13 12:27:33,710 - INFO - Replacing '*ADD DD*' with 'gegeg'
2025-03-13 12:27:33,710 - INFO - Replacing '*ADD C&N*' with 'rtrgegegee'
2025-03-13 12:27:33,710 - INFO - Replacing '*ADD P&B*' with 'egee'
2025-03-13 12:27:33,710 - INFO - Replacing '*ADD T*' with 'ege'
2025-03-13 12:27:33,710 - INFO - Replacing '*ADD P&R*' with 'geege'
2025-03-13 12:27:33,711 - INFO - Replacing '*ADD S&D*' with 'geegeg'
2025-03-13 12:27:33,711 - INFO - Replacing '*ADD C&N*' with 'rtrgegegee'
2025-03-13 12:27:33,711 - INFO - Replacing '*ADD V&P*' with 'egeg'
2025-03-13 12:27:33,711 - INFO - Replacing '*ADD DD*' with 'gegeg'
2025-03-13 12:27:33,759 - INFO - Successfully saved processed document: 2. Cover Letter.docx
2025-03-13 12:27:35,101 - INFO - Converted 2. Cover Letter.docx to PDF
2025-03-13 12:27:36,085 - INFO - Created PDF: C:\Users\AbrahamCEO\Downloads\Processed_Documents\processed_20250313_122730\temp\2. Cover Letter.pdf
2025-03-13 12:27:36,112 - INFO - Successfully opened document: 3. Undertaking - Labour.docx
2025-03-13 12:27:36,112 - INFO - Replacing '*ADD C&N*' with 'rtrgegegee'
2025-03-13 12:27:36,112 - INFO - Replacing '*ADD P&R*' with 'geege'
2025-03-13 12:27:36,114 - INFO - Replacing '*ADD DD*' with 'gegeg'
2025-03-13 12:27:36,158 - INFO - Successfully saved processed document: 3. Undertaking - Labour.docx
2025-03-13 12:27:37,338 - INFO - Converted 3. Undertaking - Labour.docx to PDF
2025-03-13 12:27:38,194 - INFO - Created PDF: C:\Users\AbrahamCEO\Downloads\Processed_Documents\processed_20250313_122730\temp\3. Undertaking - Labour.pdf
2025-03-13 12:27:38,210 - INFO - Successfully opened document: 4. Undertaking - Salaries.docx
2025-03-13 12:27:38,210 - INFO - Replacing '*ADD C&N*' with 'rtrgegegee'
2025-03-13 12:27:38,210 - INFO - Replacing '*ADD P&R*' with 'geege'
2025-03-13 12:27:38,210 - INFO - Replacing '*ADD DD*' with 'gegeg'
2025-03-13 12:27:38,263 - INFO - Successfully saved processed document: 4. Undertaking - Salaries.docx
2025-03-13 12:27:39,570 - INFO - Converted 4. Undertaking - Salaries.docx to PDF
2025-03-13 12:27:40,538 - INFO - Created PDF: C:\Users\AbrahamCEO\Downloads\Processed_Documents\processed_20250313_122730\temp\4. Undertaking - Salaries.pdf
2025-03-13 12:27:40,569 - INFO - Successfully opened document: 5. Local Content.docx
2025-03-13 12:27:40,571 - INFO - Replacing '*ADD C&N*' with 'rtrgegegee'
2025-03-13 12:27:40,572 - INFO - Replacing '*ADD P&R*' with 'geege'
2025-03-13 12:27:40,572 - INFO - Replacing '*ADD DD*' with 'gegeg'
2025-03-13 12:27:40,610 - INFO - Successfully saved processed document: 5. Local Content.docx
2025-03-13 12:27:41,875 - INFO - Converted 5. Local Content.docx to PDF
2025-03-13 12:27:42,672 - INFO - Created PDF: C:\Users\AbrahamCEO\Downloads\Processed_Documents\processed_20250313_122730\temp\5. Local Content.pdf
2025-03-13 12:27:42,709 - INFO - Successfully opened document: 6. Employment.docx
2025-03-13 12:27:42,709 - INFO - Replacing '*ADD C&N*' with 'rtrgegegee'
2025-03-13 12:27:42,709 - INFO - Replacing '*ADD P&R*' with 'geege'
2025-03-13 12:27:42,709 - INFO - Replacing '*ADD DD*' with 'gegeg'
2025-03-13 12:27:42,755 - INFO - Successfully saved processed document: 6. Employment.docx
2025-03-13 12:27:43,996 - INFO - Converted 6. Employment.docx to PDF
2025-03-13 12:27:44,822 - INFO - Created PDF: C:\Users\AbrahamCEO\Downloads\Processed_Documents\processed_20250313_122730\temp\6. Employment.pdf
2025-03-13 12:27:44,853 - INFO - Successfully opened document: 7. Conflict Of Interest.docx
2025-03-13 12:27:44,854 - INFO - Replacing '*ADD C&N*' with 'rtrgegegee'
2025-03-13 12:27:44,854 - INFO - Replacing '*ADD P&R*' with 'geege'
2025-03-13 12:27:44,855 - INFO - Replacing '*ADD DD*' with 'gegeg'
2025-03-13 12:27:44,888 - INFO - Successfully saved processed document: 7. Conflict Of Interest.docx
2025-03-13 12:27:46,138 - INFO - Converted 7. Conflict Of Interest.docx to PDF
2025-03-13 12:27:47,290 - INFO - Created PDF: C:\Users\AbrahamCEO\Downloads\Processed_Documents\processed_20250313_122730\temp\7. Conflict Of Interest.pdf
2025-03-13 12:27:47,322 - INFO - Successfully opened document: 8. Bid Requirements.docx
2025-03-13 12:27:47,322 - INFO - Replacing '*ADD C&N*' with 'rtrgegegee'
2025-03-13 12:27:47,322 - INFO - Replacing '*ADD P&R*' with 'geege'
2025-03-13 12:27:47,322 - INFO - Replacing '*ADD DD*' with 'gegeg'
2025-03-13 12:27:47,369 - INFO - Successfully saved processed document: 8. Bid Requirements.docx
2025-03-13 12:27:48,672 - INFO - Converted 8. Bid Requirements.docx to PDF
2025-03-13 12:27:49,822 - INFO - Created PDF: C:\Users\AbrahamCEO\Downloads\Processed_Documents\processed_20250313_122730\temp\8. Bid Requirements.pdf
2025-03-13 12:27:49,838 - INFO - Successfully opened document: 9. All Declaration.docx
2025-03-13 12:27:49,838 - INFO - Replacing '*ADD C&N*' with 'rtrgegegee'
2025-03-13 12:27:49,838 - INFO - Replacing '*ADD P&R*' with 'geege'
2025-03-13 12:27:49,838 - INFO - Replacing '*ADD DD*' with 'gegeg'
2025-03-13 12:27:49,892 - INFO - Successfully saved processed document: 9. All Declaration.docx
2025-03-13 12:27:51,205 - INFO - Converted 9. All Declaration.docx to PDF
2025-03-13 12:27:52,469 - INFO - Created PDF: C:\Users\AbrahamCEO\Downloads\Processed_Documents\processed_20250313_122730\temp\9. All Declaration.pdf
2025-03-13 12:27:52,470 - INFO - Processing 2 extras documents...
2025-03-13 12:27:52,489 - INFO - Successfully opened document: 10. Twinrain Table of Contents Section Covers.docx
2025-03-13 12:27:52,489 - INFO - Found keywords in header
2025-03-13 12:27:52,489 - INFO - Replacing '*ADD P&R*' with 'geege'
2025-03-13 12:27:52,489 - INFO - Found keywords in footer
2025-03-13 12:27:52,489 - INFO - Replacing '*ADD C&N*' with 'rtrgegegee'
2025-03-13 12:27:52,489 - INFO - Replacing '*ADD C&N*' with 'rtrgegegee'
2025-03-13 12:27:52,489 - INFO - Replacing '*ADD P&R*' with 'geege'
2025-03-13 12:27:52,489 - INFO - Replacing '*ADD S&D*' with 'geegeg'
2025-03-13 12:27:52,489 - INFO - Replacing '*ADD L*' with 'gegegeg'
2025-03-13 12:27:52,522 - INFO - Successfully saved processed document: 10. Twinrain Table of Contents Section Covers.docx
2025-03-13 12:27:52,538 - INFO - Successfully opened document: 11. Cover Page.docx
2025-03-13 12:27:52,538 - INFO - Replacing '*ADD P&R*' with 'geege'
2025-03-13 12:27:52,538 - INFO - Replacing '*ADD S&D*' with 'geegeg'
2025-03-13 12:27:52,538 - INFO - Replacing '*ADD C&N*' with 'rtrgegegee'
2025-03-13 12:27:52,538 - INFO - Replacing '*ADD L*' with 'gegegeg'
2025-03-13 12:27:52,538 - INFO - Replacing '*ADD DD*' with 'gegeg'
2025-03-13 12:27:52,588 - INFO - Successfully saved processed document: 11. Cover Page.docx
2025-03-13 12:27:52,588 - INFO - Merging 9 PDFs...
2025-03-13 12:27:53,742 - INFO - Merged 9 PDFs into C:\Users\AbrahamCEO\Downloads\Processed_Documents\processed_20250313_122730\temp\merged_Wilson.pdf
2025-03-13 12:27:54,038 - ERROR - Error compressing PDF: Pdf.save() got an unexpected keyword argument 'optimize'
2025-03-13 12:27:54,091 - INFO - Removed temporary directory and all intermediate files
2025-03-13 12:31:25,577 - INFO - Processing 9 main documents...
2025-03-13 12:31:25,651 - INFO - Successfully opened document: 1. Power Of Attorney.docx
2025-03-13 12:31:25,654 - INFO - Replacing '*ADD P&R*' with 'rr'
2025-03-13 12:31:25,655 - INFO - Replacing '*ADD P&R*' with 'rr'
2025-03-13 12:31:25,656 - INFO - Replacing '*ADD C&N*' with 'tgr'
2025-03-13 12:31:25,656 - INFO - Replacing '*ADD S&D*' with 'rbr'
2025-03-13 12:31:25,656 - INFO - Replacing '*ADD DD*' with 'rrr'
2025-03-13 12:31:25,700 - INFO - Successfully saved processed document: 1. Power Of Attorney.docx
2025-03-13 12:31:27,667 - INFO - Converted 1. Power Of Attorney.docx to PDF
2025-03-13 12:31:28,716 - INFO - Created PDF: C:\Users\AbrahamCEO\Downloads\Processed_Documents\processed_20250313_123125\temp\1. Power Of Attorney.pdf
2025-03-13 12:31:28,735 - INFO - Successfully opened document: 2. Cover Letter.docx
2025-03-13 12:31:28,749 - INFO - Replacing '*ADD DD*' with 'rrr'
2025-03-13 12:31:28,750 - INFO - Replacing '*ADD C&N*' with 'tgr'
2025-03-13 12:31:28,750 - INFO - Replacing '*ADD P&B*' with 'rrrr'
2025-03-13 12:31:28,750 - INFO - Replacing '*ADD T*' with 'rrbr'
2025-03-13 12:31:28,751 - INFO - Replacing '*ADD P&R*' with 'rr'
2025-03-13 12:31:28,751 - INFO - Replacing '*ADD S&D*' with 'rbr'
2025-03-13 12:31:28,752 - INFO - Replacing '*ADD C&N*' with 'tgr'
2025-03-13 12:31:28,752 - INFO - Replacing '*ADD V&P*' with 'brbrb'
2025-03-13 12:31:28,752 - INFO - Replacing '*ADD DD*' with 'rrr'
2025-03-13 12:31:28,813 - INFO - Successfully saved processed document: 2. Cover Letter.docx
2025-03-13 12:31:30,106 - INFO - Converted 2. Cover Letter.docx to PDF
2025-03-13 12:31:31,383 - INFO - Created PDF: C:\Users\AbrahamCEO\Downloads\Processed_Documents\processed_20250313_123125\temp\2. Cover Letter.pdf
2025-03-13 12:31:31,549 - INFO - Successfully opened document: 3. Undertaking - Labour.docx
2025-03-13 12:31:31,555 - INFO - Replacing '*ADD C&N*' with 'tgr'
2025-03-13 12:31:31,557 - INFO - Replacing '*ADD P&R*' with 'rr'
2025-03-13 12:31:31,560 - INFO - Replacing '*ADD DD*' with 'rrr'
2025-03-13 12:31:31,667 - INFO - Successfully saved processed document: 3. Undertaking - Labour.docx
2025-03-13 12:31:32,818 - INFO - Converted 3. Undertaking - Labour.docx to PDF
2025-03-13 12:31:33,901 - INFO - Created PDF: C:\Users\AbrahamCEO\Downloads\Processed_Documents\processed_20250313_123125\temp\3. Undertaking - Labour.pdf
2025-03-13 12:31:33,923 - INFO - Successfully opened document: 4. Undertaking - Salaries.docx
2025-03-13 12:31:33,923 - INFO - Replacing '*ADD C&N*' with 'tgr'
2025-03-13 12:31:33,925 - INFO - Replacing '*ADD P&R*' with 'rr'
2025-03-13 12:31:33,925 - INFO - Replacing '*ADD DD*' with 'rrr'
2025-03-13 12:31:33,967 - INFO - Successfully saved processed document: 4. Undertaking - Salaries.docx
2025-03-13 12:31:35,181 - INFO - Converted 4. Undertaking - Salaries.docx to PDF
2025-03-13 12:31:36,652 - INFO - Created PDF: C:\Users\AbrahamCEO\Downloads\Processed_Documents\processed_20250313_123125\temp\4. Undertaking - Salaries.pdf
2025-03-13 12:31:36,687 - INFO - Successfully opened document: 5. Local Content.docx
2025-03-13 12:31:36,687 - INFO - Replacing '*ADD C&N*' with 'tgr'
2025-03-13 12:31:36,687 - INFO - Replacing '*ADD P&R*' with 'rr'
2025-03-13 12:31:36,687 - INFO - Replacing '*ADD DD*' with 'rrr'
2025-03-13 12:31:36,733 - INFO - Successfully saved processed document: 5. Local Content.docx
2025-03-13 12:31:37,967 - INFO - Converted 5. Local Content.docx to PDF
2025-03-13 12:31:39,299 - INFO - Created PDF: C:\Users\AbrahamCEO\Downloads\Processed_Documents\processed_20250313_123125\temp\5. Local Content.pdf
2025-03-13 12:31:39,386 - INFO - Successfully opened document: 6. Employment.docx
2025-03-13 12:31:39,386 - INFO - Replacing '*ADD C&N*' with 'tgr'
2025-03-13 12:31:39,386 - INFO - Replacing '*ADD P&R*' with 'rr'
2025-03-13 12:31:39,386 - INFO - Replacing '*ADD DD*' with 'rrr'
2025-03-13 12:31:39,433 - INFO - Successfully saved processed document: 6. Employment.docx
2025-03-13 12:31:40,667 - INFO - Converted 6. Employment.docx to PDF
2025-03-13 12:31:41,837 - INFO - Created PDF: C:\Users\AbrahamCEO\Downloads\Processed_Documents\processed_20250313_123125\temp\6. Employment.pdf
2025-03-13 12:31:41,867 - INFO - Successfully opened document: 7. Conflict Of Interest.docx
2025-03-13 12:31:41,867 - INFO - Replacing '*ADD C&N*' with 'tgr'
2025-03-13 12:31:41,867 - INFO - Replacing '*ADD P&R*' with 'rr'
2025-03-13 12:31:41,867 - INFO - Replacing '*ADD DD*' with 'rrr'
2025-03-13 12:31:41,916 - INFO - Successfully saved processed document: 7. Conflict Of Interest.docx
2025-03-13 12:31:43,136 - INFO - Converted 7. Conflict Of Interest.docx to PDF
2025-03-13 12:31:44,400 - INFO - Created PDF: C:\Users\AbrahamCEO\Downloads\Processed_Documents\processed_20250313_123125\temp\7. Conflict Of Interest.pdf
2025-03-13 12:31:44,417 - INFO - Successfully opened document: 8. Bid Requirements.docx
2025-03-13 12:31:44,417 - INFO - Replacing '*ADD C&N*' with 'tgr'
2025-03-13 12:31:44,417 - INFO - Replacing '*ADD P&R*' with 'rr'
2025-03-13 12:31:44,417 - INFO - Replacing '*ADD DD*' with 'rrr'
2025-03-13 12:31:44,466 - INFO - Successfully saved processed document: 8. Bid Requirements.docx
2025-03-13 12:31:45,617 - INFO - Converted 8. Bid Requirements.docx to PDF
2025-03-13 12:31:46,985 - INFO - Created PDF: C:\Users\AbrahamCEO\Downloads\Processed_Documents\processed_20250313_123125\temp\8. Bid Requirements.pdf
2025-03-13 12:31:47,017 - INFO - Successfully opened document: 9. All Declaration.docx
2025-03-13 12:31:47,017 - INFO - Replacing '*ADD C&N*' with 'tgr'
2025-03-13 12:31:47,017 - INFO - Replacing '*ADD P&R*' with 'rr'
2025-03-13 12:31:47,017 - INFO - Replacing '*ADD DD*' with 'rrr'
2025-03-13 12:31:47,067 - INFO - Successfully saved processed document: 9. All Declaration.docx
2025-03-13 12:31:48,349 - INFO - Converted 9. All Declaration.docx to PDF
2025-03-13 12:31:49,722 - INFO - Created PDF: C:\Users\AbrahamCEO\Downloads\Processed_Documents\processed_20250313_123125\temp\9. All Declaration.pdf
2025-03-13 12:31:49,723 - INFO - Processing 2 extras documents...
2025-03-13 12:31:49,748 - INFO - Successfully opened document: 10. Twinrain Table of Contents Section Covers.docx
2025-03-13 12:31:49,748 - INFO - Found keywords in header
2025-03-13 12:31:49,749 - INFO - Replacing '*ADD P&R*' with 'rr'
2025-03-13 12:31:49,749 - INFO - Found keywords in footer
2025-03-13 12:31:49,750 - INFO - Replacing '*ADD C&N*' with 'tgr'
2025-03-13 12:31:49,757 - INFO - Replacing '*ADD C&N*' with 'tgr'
2025-03-13 12:31:49,757 - INFO - Replacing '*ADD P&R*' with 'rr'
2025-03-13 12:31:49,757 - INFO - Replacing '*ADD S&D*' with 'rbr'
2025-03-13 12:31:49,758 - INFO - Replacing '*ADD L*' with 'rrrr'
2025-03-13 12:31:49,784 - INFO - Successfully saved processed document: 10. Twinrain Table of Contents Section Covers.docx
2025-03-13 12:31:49,806 - INFO - Successfully opened document: 11. Cover Page.docx
2025-03-13 12:31:49,807 - INFO - Replacing '*ADD P&R*' with 'rr'
2025-03-13 12:31:49,808 - INFO - Replacing '*ADD S&D*' with 'rbr'
2025-03-13 12:31:49,808 - INFO - Replacing '*ADD C&N*' with 'tgr'
2025-03-13 12:31:49,808 - INFO - Replacing '*ADD L*' with 'rrrr'
2025-03-13 12:31:49,809 - INFO - Replacing '*ADD DD*' with 'rrr'
2025-03-13 12:31:49,857 - INFO - Successfully saved processed document: 11. Cover Page.docx
2025-03-13 12:31:49,857 - INFO - Merging 9 PDFs...
2025-03-13 12:31:50,966 - INFO - Merged 9 PDFs into C:\Users\AbrahamCEO\Downloads\Processed_Documents\processed_20250313_123125\temp\merged_Shitongeni.pdf
2025-03-13 12:31:51,267 - ERROR - Error compressing PDF: Pdf.save() got an unexpected keyword argument 'optimize'
2025-03-13 12:31:51,315 - INFO - Removed temporary directory and all intermediate files
2025-03-13 12:32:44,619 - INFO - Processing 9 main documents...
2025-03-13 12:32:44,682 - INFO - Successfully opened document: 1. Power Of Attorney.docx
2025-03-13 12:32:44,697 - INFO - Replacing '*ADD P&R*' with 'rgr'
2025-03-13 12:32:44,698 - INFO - Replacing '*ADD P&R*' with 'rgr'
2025-03-13 12:32:44,699 - INFO - Replacing '*ADD C&N*' with 'tyrgr'
2025-03-13 12:32:44,699 - INFO - Replacing '*ADD S&D*' with 'grg'
2025-03-13 12:32:44,699 - INFO - Replacing '*ADD DD*' with 'rgr'
2025-03-13 12:32:44,752 - INFO - Successfully saved processed document: 1. Power Of Attorney.docx
2025-03-13 12:32:46,322 - INFO - Converted 1. Power Of Attorney.docx to PDF
2025-03-13 12:32:47,780 - INFO - Created PDF: C:\Users\AbrahamCEO\Downloads\Processed_Documents\processed_20250313_123244\1. Power Of Attorney.pdf
2025-03-13 12:32:47,781 - INFO - Removed intermediate Word file: C:\Users\AbrahamCEO\Downloads\Processed_Documents\processed_20250313_123244\1. Power Of Attorney.docx
2025-03-13 12:32:47,817 - INFO - Successfully opened document: 2. Cover Letter.docx
2025-03-13 12:32:47,817 - INFO - Replacing '*ADD DD*' with 'rgr'
2025-03-13 12:32:47,817 - INFO - Replacing '*ADD C&N*' with 'tyrgr'
2025-03-13 12:32:47,817 - INFO - Replacing '*ADD P&B*' with 'grg'
2025-03-13 12:32:47,817 - INFO - Replacing '*ADD T*' with 'grgrg'
2025-03-13 12:32:47,817 - INFO - Replacing '*ADD P&R*' with 'rgr'
2025-03-13 12:32:47,817 - INFO - Replacing '*ADD S&D*' with 'grg'
2025-03-13 12:32:47,817 - INFO - Replacing '*ADD C&N*' with 'tyrgr'
2025-03-13 12:32:47,817 - INFO - Replacing '*ADD V&P*' with 'rg'
2025-03-13 12:32:47,817 - INFO - Replacing '*ADD DD*' with 'rgr'
2025-03-13 12:32:47,880 - INFO - Successfully saved processed document: 2. Cover Letter.docx
2025-03-13 12:32:49,265 - INFO - Converted 2. Cover Letter.docx to PDF
2025-03-13 12:32:49,339 - INFO - Created PDF: C:\Users\AbrahamCEO\Downloads\Processed_Documents\processed_20250313_123244\2. Cover Letter.pdf
2025-03-13 12:32:49,348 - INFO - Removed intermediate Word file: C:\Users\AbrahamCEO\Downloads\Processed_Documents\processed_20250313_123244\2. Cover Letter.docx
2025-03-13 12:32:49,462 - INFO - Successfully opened document: 3. Undertaking - Labour.docx
2025-03-13 12:32:49,464 - INFO - Replacing '*ADD C&N*' with 'tyrgr'
2025-03-13 12:32:49,464 - INFO - Replacing '*ADD P&R*' with 'rgr'
2025-03-13 12:32:49,466 - INFO - Replacing '*ADD DD*' with 'rgr'
2025-03-13 12:32:49,499 - INFO - Successfully saved processed document: 3. Undertaking - Labour.docx
2025-03-13 12:32:50,701 - INFO - Converted 3. Undertaking - Labour.docx to PDF
2025-03-13 12:32:52,032 - INFO - Created PDF: C:\Users\AbrahamCEO\Downloads\Processed_Documents\processed_20250313_123244\3. Undertaking - Labour.pdf
2025-03-13 12:32:52,032 - INFO - Removed intermediate Word file: C:\Users\AbrahamCEO\Downloads\Processed_Documents\processed_20250313_123244\3. Undertaking - Labour.docx
2025-03-13 12:32:52,063 - INFO - Successfully opened document: 4. Undertaking - Salaries.docx
2025-03-13 12:32:52,065 - INFO - Replacing '*ADD C&N*' with 'tyrgr'
2025-03-13 12:32:52,065 - INFO - Replacing '*ADD P&R*' with 'rgr'
2025-03-13 12:32:52,065 - INFO - Replacing '*ADD DD*' with 'rgr'
2025-03-13 12:32:52,102 - INFO - Successfully saved processed document: 4. Undertaking - Salaries.docx
2025-03-13 12:32:53,282 - INFO - Converted 4. Undertaking - Salaries.docx to PDF
2025-03-13 12:32:54,846 - INFO - Created PDF: C:\Users\AbrahamCEO\Downloads\Processed_Documents\processed_20250313_123244\4. Undertaking - Salaries.pdf
2025-03-13 12:32:54,846 - INFO - Removed intermediate Word file: C:\Users\AbrahamCEO\Downloads\Processed_Documents\processed_20250313_123244\4. Undertaking - Salaries.docx
2025-03-13 12:32:54,865 - INFO - Successfully opened document: 5. Local Content.docx
2025-03-13 12:32:54,865 - INFO - Replacing '*ADD C&N*' with 'tyrgr'
2025-03-13 12:32:54,865 - INFO - Replacing '*ADD P&R*' with 'rgr'
2025-03-13 12:32:54,865 - INFO - Replacing '*ADD DD*' with 'rgr'
2025-03-13 12:32:54,915 - INFO - Successfully saved processed document: 5. Local Content.docx
2025-03-13 12:32:56,170 - INFO - Converted 5. Local Content.docx to PDF
2025-03-13 12:32:57,732 - INFO - Created PDF: C:\Users\AbrahamCEO\Downloads\Processed_Documents\processed_20250313_123244\5. Local Content.pdf
2025-03-13 12:32:57,746 - INFO - Removed intermediate Word file: C:\Users\AbrahamCEO\Downloads\Processed_Documents\processed_20250313_123244\5. Local Content.docx
2025-03-13 12:32:57,765 - INFO - Successfully opened document: 6. Employment.docx
2025-03-13 12:32:57,765 - INFO - Replacing '*ADD C&N*' with 'tyrgr'
2025-03-13 12:32:57,765 - INFO - Replacing '*ADD P&R*' with 'rgr'
2025-03-13 12:32:57,765 - INFO - Replacing '*ADD DD*' with 'rgr'
2025-03-13 12:32:57,798 - INFO - Successfully saved processed document: 6. Employment.docx
2025-03-13 12:32:58,936 - INFO - Converted 6. Employment.docx to PDF
2025-03-13 12:33:00,515 - INFO - Created PDF: C:\Users\AbrahamCEO\Downloads\Processed_Documents\processed_20250313_123244\6. Employment.pdf
2025-03-13 12:33:00,516 - INFO - Removed intermediate Word file: C:\Users\AbrahamCEO\Downloads\Processed_Documents\processed_20250313_123244\6. Employment.docx
2025-03-13 12:33:00,532 - INFO - Successfully opened document: 7. Conflict Of Interest.docx
2025-03-13 12:33:00,532 - INFO - Replacing '*ADD C&N*' with 'tyrgr'
2025-03-13 12:33:00,532 - INFO - Replacing '*ADD P&R*' with 'rgr'
2025-03-13 12:33:00,532 - INFO - Replacing '*ADD DD*' with 'rgr'
2025-03-13 12:33:00,585 - INFO - Successfully saved processed document: 7. Conflict Of Interest.docx
2025-03-13 12:33:01,746 - INFO - Converted 7. Conflict Of Interest.docx to PDF
2025-03-13 12:33:03,231 - INFO - Created PDF: C:\Users\AbrahamCEO\Downloads\Processed_Documents\processed_20250313_123244\7. Conflict Of Interest.pdf
2025-03-13 12:33:03,231 - INFO - Removed intermediate Word file: C:\Users\AbrahamCEO\Downloads\Processed_Documents\processed_20250313_123244\7. Conflict Of Interest.docx
2025-03-13 12:33:03,249 - INFO - Successfully opened document: 8. Bid Requirements.docx
2025-03-13 12:33:03,249 - INFO - Replacing '*ADD C&N*' with 'tyrgr'
2025-03-13 12:33:03,249 - INFO - Replacing '*ADD P&R*' with 'rgr'
2025-03-13 12:33:03,249 - INFO - Replacing '*ADD DD*' with 'rgr'
2025-03-13 12:33:03,282 - INFO - Successfully saved processed document: 8. Bid Requirements.docx
2025-03-13 12:33:04,465 - INFO - Converted 8. Bid Requirements.docx to PDF
2025-03-13 12:33:06,028 - INFO - Created PDF: C:\Users\AbrahamCEO\Downloads\Processed_Documents\processed_20250313_123244\8. Bid Requirements.pdf
2025-03-13 12:33:06,030 - INFO - Removed intermediate Word file: C:\Users\AbrahamCEO\Downloads\Processed_Documents\processed_20250313_123244\8. Bid Requirements.docx
2025-03-13 12:33:06,048 - INFO - Successfully opened document: 9. All Declaration.docx
2025-03-13 12:33:06,048 - INFO - Replacing '*ADD C&N*' with 'tyrgr'
2025-03-13 12:33:06,048 - INFO - Replacing '*ADD P&R*' with 'rgr'
2025-03-13 12:33:06,048 - INFO - Replacing '*ADD DD*' with 'rgr'
2025-03-13 12:33:06,099 - INFO - Successfully saved processed document: 9. All Declaration.docx
2025-03-13 12:33:07,362 - INFO - Converted 9. All Declaration.docx to PDF
2025-03-13 12:33:08,598 - INFO - Created PDF: C:\Users\AbrahamCEO\Downloads\Processed_Documents\processed_20250313_123244\9. All Declaration.pdf
2025-03-13 12:33:08,598 - INFO - Removed intermediate Word file: C:\Users\AbrahamCEO\Downloads\Processed_Documents\processed_20250313_123244\9. All Declaration.docx
2025-03-13 12:33:08,598 - INFO - Processing 2 extras documents...
2025-03-13 12:33:08,632 - INFO - Successfully opened document: 10. Twinrain Table of Contents Section Covers.docx
2025-03-13 12:33:08,632 - INFO - Found keywords in header
2025-03-13 12:33:08,632 - INFO - Replacing '*ADD P&R*' with 'rgr'
2025-03-13 12:33:08,632 - INFO - Found keywords in footer
2025-03-13 12:33:08,632 - INFO - Replacing '*ADD C&N*' with 'tyrgr'
2025-03-13 12:33:08,632 - INFO - Replacing '*ADD C&N*' with 'tyrgr'
2025-03-13 12:33:08,632 - INFO - Replacing '*ADD P&R*' with 'rgr'
2025-03-13 12:33:08,632 - INFO - Replacing '*ADD S&D*' with 'grg'
2025-03-13 12:33:08,632 - INFO - Replacing '*ADD L*' with 'rgr'
2025-03-13 12:33:08,665 - INFO - Successfully saved processed document: 10. Twinrain Table of Contents Section Covers.docx
2025-03-13 12:33:08,681 - INFO - Successfully opened document: 11. Cover Page.docx
2025-03-13 12:33:08,681 - INFO - Replacing '*ADD P&R*' with 'rgr'
2025-03-13 12:33:08,681 - INFO - Replacing '*ADD S&D*' with 'grg'
2025-03-13 12:33:08,681 - INFO - Replacing '*ADD C&N*' with 'tyrgr'
2025-03-13 12:33:08,681 - INFO - Replacing '*ADD L*' with 'rgr'
2025-03-13 12:33:08,681 - INFO - Replacing '*ADD DD*' with 'rgr'
2025-03-13 12:33:08,732 - INFO - Successfully saved processed document: 11. Cover Page.docx
2025-03-13 12:33:08,732 - INFO - Merging 9 PDFs...
2025-03-13 12:33:09,365 - INFO - Merged 9 PDFs into C:\Users\AbrahamCEO\Downloads\Processed_Documents\processed_20250313_123244\Shitongeni_merged.pdf
2025-03-13 12:33:09,632 - ERROR - Error compressing PDF: Pdf.save() got an unexpected keyword argument 'optimize'
2025-03-13 13:08:32,148 - INFO - Processing 9 main documents...
2025-03-13 13:08:32,180 - INFO - Successfully opened document: 1. Power Of Attorney.docx
2025-03-13 13:08:32,180 - INFO - Replacing '*ADD P&R*' with 'njjjj'
2025-03-13 13:08:32,180 - INFO - Replacing '*ADD P&R*' with 'njjjj'
2025-03-13 13:08:32,180 - INFO - Replacing '*ADD C&N*' with 'jjjj'
2025-03-13 13:08:32,180 - INFO - Replacing '*ADD S&D*' with 'nnnn'
2025-03-13 13:08:32,180 - INFO - Replacing '*ADD DD*' with '13/03/2025'
2025-03-13 13:08:32,237 - INFO - Successfully saved processed document: 1. Power Of Attorney.docx
2025-03-13 13:08:34,127 - INFO - Converted 1. Power Of Attorney.docx to PDF
2025-03-13 13:08:35,466 - INFO - Created PDF: C:\Users\AbrahamCEO\Downloads\Processed_Documents\processed_20250313_130832\1. Power Of Attorney.pdf
2025-03-13 13:08:35,478 - INFO - Removed intermediate Word file: C:\Users\AbrahamCEO\Downloads\Processed_Documents\processed_20250313_130832\1. Power Of Attorney.docx
2025-03-13 13:08:35,494 - INFO - Successfully opened document: 2. Cover Letter.docx
2025-03-13 13:08:35,494 - INFO - Replacing '*ADD DD*' with '13/03/2025'
2025-03-13 13:08:35,494 - INFO - Replacing '*ADD C&N*' with 'jjjj'
2025-03-13 13:08:35,494 - INFO - Replacing '*ADD P&B*' with 'ooooo'
2025-03-13 13:08:35,494 - INFO - Replacing '*ADD T*' with 'nnnn'
2025-03-13 13:08:35,494 - INFO - Replacing '*ADD P&R*' with 'njjjj'
2025-03-13 13:08:35,494 - INFO - Replacing '*ADD S&D*' with 'nnnn'
2025-03-13 13:08:35,494 - INFO - Replacing '*ADD C&N*' with 'jjjj'
2025-03-13 13:08:35,494 - INFO - Replacing '*ADD V&P*' with 'nnn'
2025-03-13 13:08:35,510 - INFO - Replacing '*ADD DD*' with '13/03/2025'
2025-03-13 13:08:35,558 - INFO - Successfully saved processed document: 2. Cover Letter.docx
2025-03-13 13:08:36,801 - INFO - Converted 2. Cover Letter.docx to PDF
2025-03-13 13:08:38,677 - INFO - Created PDF: C:\Users\AbrahamCEO\Downloads\Processed_Documents\processed_20250313_130832\2. Cover Letter.pdf
2025-03-13 13:08:38,677 - INFO - Removed intermediate Word file: C:\Users\AbrahamCEO\Downloads\Processed_Documents\processed_20250313_130832\2. Cover Letter.docx
2025-03-13 13:08:38,688 - INFO - Successfully opened document: 3. Undertaking - Labour.docx
2025-03-13 13:08:38,688 - INFO - Replacing '*ADD C&N*' with 'jjjj'
2025-03-13 13:08:38,688 - INFO - Replacing '*ADD P&R*' with 'njjjj'
2025-03-13 13:08:38,693 - INFO - Replacing '*ADD DD*' with '13/03/2025'
2025-03-13 13:08:38,725 - INFO - Successfully saved processed document: 3. Undertaking - Labour.docx
2025-03-13 13:08:39,971 - INFO - Converted 3. Undertaking - Labour.docx to PDF
2025-03-13 13:08:42,485 - INFO - Created PDF: C:\Users\AbrahamCEO\Downloads\Processed_Documents\processed_20250313_130832\3. Undertaking - Labour.pdf
2025-03-13 13:08:42,485 - INFO - Removed intermediate Word file: C:\Users\AbrahamCEO\Downloads\Processed_Documents\processed_20250313_130832\3. Undertaking - Labour.docx
2025-03-13 13:08:42,754 - INFO - Successfully opened document: 4. Undertaking - Salaries.docx
2025-03-13 13:08:42,754 - INFO - Replacing '*ADD C&N*' with 'jjjj'
2025-03-13 13:08:42,754 - INFO - Replacing '*ADD P&R*' with 'njjjj'
2025-03-13 13:08:42,754 - INFO - Replacing '*ADD DD*' with '13/03/2025'
2025-03-13 13:08:42,802 - INFO - Successfully saved processed document: 4. Undertaking - Salaries.docx
2025-03-13 13:08:44,100 - INFO - Converted 4. Undertaking - Salaries.docx to PDF
2025-03-13 13:08:46,439 - INFO - Created PDF: C:\Users\AbrahamCEO\Downloads\Processed_Documents\processed_20250313_130832\4. Undertaking - Salaries.pdf
2025-03-13 13:08:46,439 - INFO - Removed intermediate Word file: C:\Users\AbrahamCEO\Downloads\Processed_Documents\processed_20250313_130832\4. Undertaking - Salaries.docx
2025-03-13 13:08:48,244 - INFO - Successfully opened document: 5. Local Content.docx
2025-03-13 13:08:48,244 - INFO - Replacing '*ADD C&N*' with 'jjjj'
2025-03-13 13:08:48,244 - INFO - Replacing '*ADD P&R*' with 'njjjj'
2025-03-13 13:08:48,256 - INFO - Replacing '*ADD DD*' with '13/03/2025'
2025-03-13 13:08:48,322 - INFO - Successfully saved processed document: 5. Local Content.docx
2025-03-13 13:08:49,556 - INFO - Converted 5. Local Content.docx to PDF
2025-03-13 13:08:51,958 - INFO - Created PDF: C:\Users\AbrahamCEO\Downloads\Processed_Documents\processed_20250313_130832\5. Local Content.pdf
2025-03-13 13:08:51,959 - INFO - Removed intermediate Word file: C:\Users\AbrahamCEO\Downloads\Processed_Documents\processed_20250313_130832\5. Local Content.docx
2025-03-13 13:08:52,223 - INFO - Successfully opened document: 6. Employment.docx
2025-03-13 13:08:52,223 - INFO - Replacing '*ADD C&N*' with 'jjjj'
2025-03-13 13:08:52,223 - INFO - Replacing '*ADD P&R*' with 'njjjj'
2025-03-13 13:08:52,223 - INFO - Replacing '*ADD DD*' with '13/03/2025'
2025-03-13 13:08:52,273 - INFO - Successfully saved processed document: 6. Employment.docx
2025-03-13 13:08:53,405 - INFO - Converted 6. Employment.docx to PDF
2025-03-13 13:08:55,837 - INFO - Created PDF: C:\Users\AbrahamCEO\Downloads\Processed_Documents\processed_20250313_130832\6. Employment.pdf
2025-03-13 13:08:55,838 - INFO - Removed intermediate Word file: C:\Users\AbrahamCEO\Downloads\Processed_Documents\processed_20250313_130832\6. Employment.docx
2025-03-13 13:08:55,839 - INFO - Successfully opened document: 7. Conflict Of Interest.docx
2025-03-13 13:08:55,839 - INFO - Replacing '*ADD C&N*' with 'jjjj'
2025-03-13 13:08:55,839 - INFO - Replacing '*ADD P&R*' with 'njjjj'
2025-03-13 13:08:55,853 - INFO - Replacing '*ADD DD*' with '13/03/2025'
2025-03-13 13:08:55,888 - INFO - Successfully saved processed document: 7. Conflict Of Interest.docx
2025-03-13 13:08:57,094 - INFO - Converted 7. Conflict Of Interest.docx to PDF
2025-03-13 13:08:58,972 - INFO - Created PDF: C:\Users\AbrahamCEO\Downloads\Processed_Documents\processed_20250313_130832\7. Conflict Of Interest.pdf
2025-03-13 13:08:58,986 - INFO - Removed intermediate Word file: C:\Users\AbrahamCEO\Downloads\Processed_Documents\processed_20250313_130832\7. Conflict Of Interest.docx
2025-03-13 13:08:58,999 - INFO - Successfully opened document: 8. Bid Requirements.docx
2025-03-13 13:08:59,001 - INFO - Replacing '*ADD C&N*' with 'jjjj'
2025-03-13 13:08:59,001 - INFO - Replacing '*ADD P&R*' with 'njjjj'
2025-03-13 13:08:59,001 - INFO - Replacing '*ADD DD*' with '13/03/2025'
2025-03-13 13:08:59,038 - INFO - Successfully saved processed document: 8. Bid Requirements.docx
2025-03-13 13:09:00,239 - INFO - Converted 8. Bid Requirements.docx to PDF
2025-03-13 13:09:01,286 - INFO - Created PDF: C:\Users\AbrahamCEO\Downloads\Processed_Documents\processed_20250313_130832\8. Bid Requirements.pdf
2025-03-13 13:09:01,286 - INFO - Removed intermediate Word file: C:\Users\AbrahamCEO\Downloads\Processed_Documents\processed_20250313_130832\8. Bid Requirements.docx
2025-03-13 13:09:01,288 - INFO - Successfully opened document: 9. All Declaration.docx
2025-03-13 13:09:01,288 - INFO - Replacing '*ADD C&N*' with 'jjjj'
2025-03-13 13:09:01,288 - INFO - Replacing '*ADD P&R*' with 'njjjj'
2025-03-13 13:09:01,288 - INFO - Replacing '*ADD DD*' with '13/03/2025'
2025-03-13 13:09:01,338 - INFO - Successfully saved processed document: 9. All Declaration.docx
2025-03-13 13:09:02,467 - INFO - Converted 9. All Declaration.docx to PDF
2025-03-13 13:09:03,622 - INFO - Created PDF: C:\Users\AbrahamCEO\Downloads\Processed_Documents\processed_20250313_130832\9. All Declaration.pdf
2025-03-13 13:09:03,622 - INFO - Removed intermediate Word file: C:\Users\AbrahamCEO\Downloads\Processed_Documents\processed_20250313_130832\9. All Declaration.docx
2025-03-13 13:09:03,622 - INFO - Processing 2 extras documents...
2025-03-13 13:09:03,625 - INFO - Successfully opened document: 10. Twinrain Table of Contents Section Covers.docx
2025-03-13 13:09:03,625 - INFO - Found keywords in header
2025-03-13 13:09:03,625 - INFO - Replacing '*ADD P&R*' with 'njjjj'
2025-03-13 13:09:03,625 - INFO - Found keywords in footer
2025-03-13 13:09:03,625 - INFO - Replacing '*ADD C&N*' with 'jjjj'
2025-03-13 13:09:03,641 - INFO - Replacing '*ADD C&N*' with 'jjjj'
2025-03-13 13:09:03,641 - INFO - Replacing '*ADD P&R*' with 'njjjj'
2025-03-13 13:09:03,641 - INFO - Replacing '*ADD S&D*' with 'nnnn'
2025-03-13 13:09:03,641 - INFO - Replacing '*ADD L*' with 'jjjj'
2025-03-13 13:09:03,667 - INFO - Successfully saved processed document: 10. Twinrain Table of Contents Section Covers.docx
2025-03-13 13:09:03,673 - INFO - Successfully opened document: 11. Cover Page.docx
2025-03-13 13:09:03,673 - INFO - Replacing '*ADD P&R*' with 'njjjj'
2025-03-13 13:09:03,673 - INFO - Replacing '*ADD S&D*' with 'nnnn'
2025-03-13 13:09:03,673 - INFO - Replacing '*ADD C&N*' with 'jjjj'
2025-03-13 13:09:03,673 - INFO - Replacing '*ADD L*' with 'jjjj'
2025-03-13 13:09:03,673 - INFO - Replacing '*ADD DD*' with '13/03/2025'
2025-03-13 13:09:03,673 - INFO - Replacing '*C&T*' with '18:30'
2025-03-13 13:09:03,734 - INFO - Successfully saved processed document: 11. Cover Page.docx
2025-03-13 13:09:03,734 - INFO - Merging 9 PDFs...
2025-03-13 13:09:04,377 - INFO - Merged 9 PDFs into C:\Users\AbrahamCEO\Downloads\Processed_Documents\processed_20250313_130832\Wilson_merged.pdf
2025-03-13 13:09:04,636 - ERROR - Error compressing PDF: Pdf.save() got an unexpected keyword argument 'optimize'
2025-03-13 13:51:19,043 - INFO - Processing 9 main documents...
2025-03-13 13:51:19,059 - INFO - Successfully opened document: 1. Power Of Attorney.docx
2025-03-13 13:51:19,059 - INFO - Replacing '*ADD P&R*' with 'erer'
2025-03-13 13:51:19,069 - INFO - Replacing '*ADD P&R*' with 'erer'
2025-03-13 13:51:19,069 - INFO - Replacing '*ADD C&N*' with 'rer'
2025-03-13 13:51:19,069 - INFO - Replacing '*ADD S&D*' with 'errer'
2025-03-13 13:51:19,069 - INFO - Replacing '*ADD DD*' with '13/03/2025'
2025-03-13 13:51:19,106 - INFO - Successfully saved processed document: 1. Power Of Attorney.docx
2025-03-13 13:51:22,328 - INFO - Converted 1. Power Of Attorney.docx to PDF
2025-03-13 13:51:23,808 - INFO - Created PDF: C:\Users\AbrahamCEO\Downloads\Processed_Documents\processed_20250313_135119\1. Power Of Attorney.pdf
2025-03-13 13:51:23,808 - INFO - Removed intermediate Word file: C:\Users\AbrahamCEO\Downloads\Processed_Documents\processed_20250313_135119\1. Power Of Attorney.docx
2025-03-13 13:51:23,842 - INFO - Successfully opened document: 2. Cover Letter.docx
2025-03-13 13:51:23,842 - INFO - Replacing '*ADD DD*' with '13/03/2025'
2025-03-13 13:51:23,842 - INFO - Replacing '*ADD C&N*' with 'rer'
2025-03-13 13:51:23,844 - INFO - Replacing '*ADD P&B*' with 'reere'
2025-03-13 13:51:23,844 - INFO - Replacing '*ADD T*' with 'rerer'
2025-03-13 13:51:23,844 - INFO - Replacing '*ADD P&R*' with 'erer'
2025-03-13 13:51:23,844 - INFO - Replacing '*ADD S&D*' with 'errer'
2025-03-13 13:51:23,844 - INFO - Replacing '*ADD C&N*' with 'rer'
2025-03-13 13:51:23,846 - INFO - Replacing '*ADD V&P*' with 'rerere'
2025-03-13 13:51:23,846 - INFO - Replacing '*ADD DD*' with '13/03/2025'
2025-03-13 13:51:23,893 - INFO - Successfully saved processed document: 2. Cover Letter.docx
2025-03-13 13:51:25,144 - INFO - Converted 2. Cover Letter.docx to PDF
2025-03-13 13:51:27,520 - INFO - Created PDF: C:\Users\AbrahamCEO\Downloads\Processed_Documents\processed_20250313_135119\2. Cover Letter.pdf
2025-03-13 13:51:27,520 - INFO - Removed intermediate Word file: C:\Users\AbrahamCEO\Downloads\Processed_Documents\processed_20250313_135119\2. Cover Letter.docx
2025-03-13 13:51:27,541 - INFO - Successfully opened document: 3. Undertaking - Labour.docx
2025-03-13 13:51:27,541 - INFO - Replacing '*ADD C&N*' with 'rer'
2025-03-13 13:51:27,541 - INFO - Replacing '*ADD P&R*' with 'erer'
2025-03-13 13:51:27,541 - INFO - Replacing '*ADD DD*' with '13/03/2025'
2025-03-13 13:51:27,589 - INFO - Successfully saved processed document: 3. Undertaking - Labour.docx
2025-03-13 13:51:28,795 - INFO - Converted 3. Undertaking - Labour.docx to PDF
2025-03-13 13:51:31,189 - INFO - Created PDF: C:\Users\AbrahamCEO\Downloads\Processed_Documents\processed_20250313_135119\3. Undertaking - Labour.pdf
2025-03-13 13:51:31,191 - INFO - Removed intermediate Word file: C:\Users\AbrahamCEO\Downloads\Processed_Documents\processed_20250313_135119\3. Undertaking - Labour.docx
2025-03-13 13:51:31,208 - INFO - Successfully opened document: 4. Undertaking - Salaries.docx
2025-03-13 13:51:31,210 - INFO - Replacing '*ADD C&N*' with 'rer'
2025-03-13 13:51:31,210 - INFO - Replacing '*ADD P&R*' with 'erer'
2025-03-13 13:51:31,212 - INFO - Replacing '*ADD DD*' with '13/03/2025'
2025-03-13 13:51:31,258 - INFO - Successfully saved processed document: 4. Undertaking - Salaries.docx
2025-03-13 13:51:32,422 - INFO - Converted 4. Undertaking - Salaries.docx to PDF
2025-03-13 13:51:34,765 - INFO - Created PDF: C:\Users\AbrahamCEO\Downloads\Processed_Documents\processed_20250313_135119\4. Undertaking - Salaries.pdf
2025-03-13 13:51:34,765 - INFO - Removed intermediate Word file: C:\Users\AbrahamCEO\Downloads\Processed_Documents\processed_20250313_135119\4. Undertaking - Salaries.docx
2025-03-13 13:51:34,813 - INFO - Successfully opened document: 5. Local Content.docx
2025-03-13 13:51:34,829 - INFO - Replacing '*ADD C&N*' with 'rer'
2025-03-13 13:51:34,829 - INFO - Replacing '*ADD P&R*' with 'erer'
2025-03-13 13:51:34,829 - INFO - Replacing '*ADD DD*' with '13/03/2025'
2025-03-13 13:51:34,861 - INFO - Successfully saved processed document: 5. Local Content.docx
2025-03-13 13:51:36,032 - INFO - Converted 5. Local Content.docx to PDF
2025-03-13 13:51:37,112 - INFO - Created PDF: C:\Users\AbrahamCEO\Downloads\Processed_Documents\processed_20250313_135119\5. Local Content.pdf
2025-03-13 13:51:37,112 - INFO - Removed intermediate Word file: C:\Users\AbrahamCEO\Downloads\Processed_Documents\processed_20250313_135119\5. Local Content.docx
2025-03-13 13:51:37,134 - INFO - Successfully opened document: 6. Employment.docx
2025-03-13 13:51:37,136 - INFO - Replacing '*ADD C&N*' with 'rer'
2025-03-13 13:51:37,136 - INFO - Replacing '*ADD P&R*' with 'erer'
2025-03-13 13:51:37,138 - INFO - Replacing '*ADD DD*' with '13/03/2025'
2025-03-13 13:51:37,180 - INFO - Successfully saved processed document: 6. Employment.docx
2025-03-13 13:51:38,361 - INFO - Converted 6. Employment.docx to PDF
2025-03-13 13:51:39,267 - INFO - Created PDF: C:\Users\AbrahamCEO\Downloads\Processed_Documents\processed_20250313_135119\6. Employment.pdf
2025-03-13 13:51:39,268 - INFO - Removed intermediate Word file: C:\Users\AbrahamCEO\Downloads\Processed_Documents\processed_20250313_135119\6. Employment.docx
2025-03-13 13:51:39,299 - INFO - Successfully opened document: 7. Conflict Of Interest.docx
2025-03-13 13:51:39,300 - INFO - Replacing '*ADD C&N*' with 'rer'
2025-03-13 13:51:39,300 - INFO - Replacing '*ADD P&R*' with 'erer'
2025-03-13 13:51:39,302 - INFO - Replacing '*ADD DD*' with '13/03/2025'
2025-03-13 13:51:39,344 - INFO - Successfully saved processed document: 7. Conflict Of Interest.docx
2025-03-13 13:51:40,432 - INFO - Converted 7. Conflict Of Interest.docx to PDF
2025-03-13 13:51:41,511 - INFO - Created PDF: C:\Users\AbrahamCEO\Downloads\Processed_Documents\processed_20250313_135119\7. Conflict Of Interest.pdf
2025-03-13 13:51:41,511 - INFO - Removed intermediate Word file: C:\Users\AbrahamCEO\Downloads\Processed_Documents\processed_20250313_135119\7. Conflict Of Interest.docx
2025-03-13 13:51:41,524 - INFO - Successfully opened document: 8. Bid Requirements.docx
2025-03-13 13:51:41,527 - INFO - Replacing '*ADD C&N*' with 'rer'
2025-03-13 13:51:41,527 - INFO - Replacing '*ADD P&R*' with 'erer'
2025-03-13 13:51:41,527 - INFO - Replacing '*ADD DD*' with '13/03/2025'
2025-03-13 13:51:41,558 - INFO - Successfully saved processed document: 8. Bid Requirements.docx
2025-03-13 13:51:42,724 - INFO - Converted 8. Bid Requirements.docx to PDF
2025-03-13 13:51:43,915 - INFO - Created PDF: C:\Users\AbrahamCEO\Downloads\Processed_Documents\processed_20250313_135119\8. Bid Requirements.pdf
2025-03-13 13:51:43,915 - INFO - Removed intermediate Word file: C:\Users\AbrahamCEO\Downloads\Processed_Documents\processed_20250313_135119\8. Bid Requirements.docx
2025-03-13 13:51:43,915 - INFO - Successfully opened document: 9. All Declaration.docx
2025-03-13 13:51:43,931 - INFO - Replacing '*ADD C&N*' with 'rer'
2025-03-13 13:51:43,931 - INFO - Replacing '*ADD P&R*' with 'erer'
2025-03-13 13:51:43,931 - INFO - Replacing '*ADD DD*' with '13/03/2025'
2025-03-13 13:51:43,963 - INFO - Successfully saved processed document: 9. All Declaration.docx
2025-03-13 13:51:45,109 - INFO - Converted 9. All Declaration.docx to PDF
2025-03-13 13:51:46,508 - INFO - Created PDF: C:\Users\AbrahamCEO\Downloads\Processed_Documents\processed_20250313_135119\9. All Declaration.pdf
2025-03-13 13:51:46,508 - INFO - Removed intermediate Word file: C:\Users\AbrahamCEO\Downloads\Processed_Documents\processed_20250313_135119\9. All Declaration.docx
2025-03-13 13:51:46,508 - INFO - Processing 2 extras documents...
2025-03-13 13:51:46,540 - INFO - Successfully opened document: 10. Twinrain Table of Contents Section Covers.docx
2025-03-13 13:51:46,540 - INFO - Found keywords in header
2025-03-13 13:51:46,540 - INFO - Replacing '*ADD P&R*' with 'erer'
2025-03-13 13:51:46,540 - INFO - Found keywords in footer
2025-03-13 13:51:46,540 - INFO - Replacing '*ADD C&N*' with 'rer'
2025-03-13 13:51:46,540 - INFO - Replacing '*ADD C&N*' with 'rer'
2025-03-13 13:51:46,540 - INFO - Replacing '*ADD P&R*' with 'erer'
2025-03-13 13:51:46,540 - INFO - Replacing '*ADD S&D*' with 'errer'
2025-03-13 13:51:46,540 - INFO - Replacing '*ADD L*' with 'rerere'
2025-03-13 13:51:46,571 - INFO - Successfully saved processed document: 10. Twinrain Table of Contents Section Covers.docx
2025-03-13 13:51:46,587 - INFO - Successfully opened document: 11. Cover Page.docx
2025-03-13 13:51:46,587 - INFO - Replacing '*ADD P&R*' with 'erer'
2025-03-13 13:51:46,587 - INFO - Replacing '*ADD S&D*' with 'errer'
2025-03-13 13:51:46,587 - INFO - Replacing '*ADD C&N*' with 'rer'
2025-03-13 13:51:46,587 - INFO - Replacing '*ADD L*' with 'rerere'
2025-03-13 13:51:46,587 - INFO - Replacing '*ADD DD*' with '13/03/2025'
2025-03-13 13:51:46,587 - INFO - Replacing '*C&T*' with '01:00'
2025-03-13 13:51:46,635 - INFO - Successfully saved processed document: 11. Cover Page.docx
2025-03-13 13:51:46,635 - INFO - Merging 9 PDFs...
2025-03-13 13:51:47,252 - INFO - Merged 9 PDFs into C:\Users\AbrahamCEO\Downloads\Processed_Documents\processed_20250313_135119\Shitongeni_merged.pdf
2025-03-13 13:51:47,494 - ERROR - Error compressing PDF: Pdf.save() got an unexpected keyword argument 'optimize'
2025-03-13 14:06:38,929 - INFO - Processing 9 main documents...
2025-03-13 14:06:38,965 - INFO - Successfully opened document: 1. Power Of Attorney.docx
2025-03-13 14:06:38,967 - INFO - Replacing '*ADD P&R*' with '3232'
2025-03-13 14:06:38,969 - INFO - Replacing '*ADD P&R*' with '3232'
2025-03-13 14:06:38,969 - INFO - Replacing '*ADD C&N*' with '23232'
2025-03-13 14:06:38,969 - INFO - Replacing '*ADD S&D*' with '3233'
2025-03-13 14:06:38,969 - INFO - Replacing '*ADD DD*' with '13/03/2025'
2025-03-13 14:06:39,018 - INFO - Successfully saved processed document: 1. Power Of Attorney.docx
2025-03-13 14:06:41,016 - INFO - Converted 1. Power Of Attorney.docx to PDF
2025-03-13 14:06:42,421 - INFO - Created PDF: C:\Users\AbrahamCEO\Downloads\Processed_Documents\processed_20250313_140638\1. Power Of Attorney.pdf
2025-03-13 14:06:42,435 - INFO - Removed intermediate Word file: C:\Users\AbrahamCEO\Downloads\Processed_Documents\processed_20250313_140638\1. Power Of Attorney.docx
2025-03-13 14:06:42,483 - INFO - Successfully opened document: 2. Cover Letter.docx
2025-03-13 14:06:42,483 - INFO - Replacing '*ADD DD*' with '13/03/2025'
2025-03-13 14:06:42,483 - INFO - Replacing '*ADD C&N*' with '23232'
2025-03-13 14:06:42,483 - INFO - Replacing '*ADD P&B*' with '2323'
2025-03-13 14:06:42,483 - INFO - Replacing '*ADD T*' with '3232'
2025-03-13 14:06:42,483 - INFO - Replacing '*ADD P&R*' with '3232'
2025-03-13 14:06:42,483 - INFO - Replacing '*ADD S&D*' with '3233'
2025-03-13 14:06:42,483 - INFO - Replacing '*ADD C&N*' with '23232'
2025-03-13 14:06:42,483 - INFO - Replacing '*ADD V&P*' with '323'
2025-03-13 14:06:42,483 - INFO - Replacing '*ADD DD*' with '13/03/2025'
2025-03-13 14:06:42,530 - INFO - Successfully saved processed document: 2. Cover Letter.docx
2025-03-13 14:06:43,815 - INFO - Converted 2. Cover Letter.docx to PDF
2025-03-13 14:06:45,191 - INFO - Created PDF: C:\Users\AbrahamCEO\Downloads\Processed_Documents\processed_20250313_140638\2. Cover Letter.pdf
2025-03-13 14:06:45,191 - INFO - Removed intermediate Word file: C:\Users\AbrahamCEO\Downloads\Processed_Documents\processed_20250313_140638\2. Cover Letter.docx
2025-03-13 14:06:45,222 - INFO - Successfully opened document: 3. Undertaking - Labour.docx
2025-03-13 14:06:45,224 - INFO - Replacing '*ADD C&N*' with '23232'
2025-03-13 14:06:45,224 - INFO - Replacing '*ADD P&R*' with '3232'
2025-03-13 14:06:45,226 - INFO - Replacing '*ADD DD*' with '13/03/2025'
2025-03-13 14:06:45,268 - INFO - Successfully saved processed document: 3. Undertaking - Labour.docx
2025-03-13 14:06:46,490 - INFO - Converted 3. Undertaking - Labour.docx to PDF
2025-03-13 14:06:48,015 - INFO - Created PDF: C:\Users\AbrahamCEO\Downloads\Processed_Documents\processed_20250313_140638\3. Undertaking - Labour.pdf
2025-03-13 14:06:48,017 - INFO - Removed intermediate Word file: C:\Users\AbrahamCEO\Downloads\Processed_Documents\processed_20250313_140638\3. Undertaking - Labour.docx
2025-03-13 14:06:48,033 - INFO - Successfully opened document: 4. Undertaking - Salaries.docx
2025-03-13 14:06:48,035 - INFO - Replacing '*ADD C&N*' with '23232'
2025-03-13 14:06:48,035 - INFO - Replacing '*ADD P&R*' with '3232'
2025-03-13 14:06:48,036 - INFO - Replacing '*ADD DD*' with '13/03/2025'
2025-03-13 14:06:48,078 - INFO - Successfully saved processed document: 4. Undertaking - Salaries.docx
2025-03-13 14:06:49,271 - INFO - Converted 4. Undertaking - Salaries.docx to PDF
2025-03-13 14:06:50,494 - INFO - Created PDF: C:\Users\AbrahamCEO\Downloads\Processed_Documents\processed_20250313_140638\4. Undertaking - Salaries.pdf
2025-03-13 14:06:50,494 - INFO - Removed intermediate Word file: C:\Users\AbrahamCEO\Downloads\Processed_Documents\processed_20250313_140638\4. Undertaking - Salaries.docx
2025-03-13 14:06:50,510 - INFO - Successfully opened document: 5. Local Content.docx
2025-03-13 14:06:50,510 - INFO - Replacing '*ADD C&N*' with '23232'
2025-03-13 14:06:50,510 - INFO - Replacing '*ADD P&R*' with '3232'
2025-03-13 14:06:50,510 - INFO - Replacing '*ADD DD*' with '13/03/2025'
2025-03-13 14:06:50,557 - INFO - Successfully saved processed document: 5. Local Content.docx
2025-03-13 14:06:51,762 - INFO - Converted 5. Local Content.docx to PDF
2025-03-13 14:06:51,825 - INFO - Created PDF: C:\Users\AbrahamCEO\Downloads\Processed_Documents\processed_20250313_140638\5. Local Content.pdf
2025-03-13 14:06:51,825 - INFO - Removed intermediate Word file: C:\Users\AbrahamCEO\Downloads\Processed_Documents\processed_20250313_140638\5. Local Content.docx
2025-03-13 14:06:51,845 - INFO - Successfully opened document: 6. Employment.docx
2025-03-13 14:06:51,845 - INFO - Replacing '*ADD C&N*' with '23232'
2025-03-13 14:06:51,845 - INFO - Replacing '*ADD P&R*' with '3232'
2025-03-13 14:06:51,851 - INFO - Replacing '*ADD DD*' with '13/03/2025'
2025-03-13 14:06:51,889 - INFO - Successfully saved processed document: 6. Employment.docx
2025-03-13 14:06:53,081 - INFO - Converted 6. Employment.docx to PDF
2025-03-13 14:06:54,293 - INFO - Created PDF: C:\Users\AbrahamCEO\Downloads\Processed_Documents\processed_20250313_140638\6. Employment.pdf
2025-03-13 14:06:54,293 - INFO - Removed intermediate Word file: C:\Users\AbrahamCEO\Downloads\Processed_Documents\processed_20250313_140638\6. Employment.docx
2025-03-13 14:06:54,293 - INFO - Successfully opened document: 7. Conflict Of Interest.docx
2025-03-13 14:06:54,293 - INFO - Replacing '*ADD C&N*' with '23232'
2025-03-13 14:06:54,293 - INFO - Replacing '*ADD P&R*' with '3232'
2025-03-13 14:06:54,293 - INFO - Replacing '*ADD DD*' with '13/03/2025'
2025-03-13 14:06:54,340 - INFO - Successfully saved processed document: 7. Conflict Of Interest.docx
2025-03-13 14:06:55,495 - INFO - Converted 7. Conflict Of Interest.docx to PDF
2025-03-13 14:06:57,382 - INFO - Created PDF: C:\Users\AbrahamCEO\Downloads\Processed_Documents\processed_20250313_140638\7. Conflict Of Interest.pdf
2025-03-13 14:06:57,382 - INFO - Removed intermediate Word file: C:\Users\AbrahamCEO\Downloads\Processed_Documents\processed_20250313_140638\7. Conflict Of Interest.docx
2025-03-13 14:06:57,382 - INFO - Successfully opened document: 8. Bid Requirements.docx
2025-03-13 14:06:57,382 - INFO - Replacing '*ADD C&N*' with '23232'
2025-03-13 14:06:57,382 - INFO - Replacing '*ADD P&R*' with '3232'
2025-03-13 14:06:57,382 - INFO - Replacing '*ADD DD*' with '13/03/2025'
2025-03-13 14:06:57,429 - INFO - Successfully saved processed document: 8. Bid Requirements.docx
2025-03-13 14:06:58,621 - INFO - Converted 8. Bid Requirements.docx to PDF
2025-03-13 14:06:59,814 - INFO - Created PDF: C:\Users\AbrahamCEO\Downloads\Processed_Documents\processed_20250313_140638\8. Bid Requirements.pdf
2025-03-13 14:06:59,814 - INFO - Removed intermediate Word file: C:\Users\AbrahamCEO\Downloads\Processed_Documents\processed_20250313_140638\8. Bid Requirements.docx
2025-03-13 14:06:59,814 - INFO - Successfully opened document: 9. All Declaration.docx
2025-03-13 14:06:59,830 - INFO - Replacing '*ADD C&N*' with '23232'
2025-03-13 14:06:59,830 - INFO - Replacing '*ADD P&R*' with '3232'
2025-03-13 14:06:59,830 - INFO - Replacing '*ADD DD*' with '13/03/2025'
2025-03-13 14:06:59,861 - INFO - Successfully saved processed document: 9. All Declaration.docx
2025-03-13 14:07:01,083 - INFO - Converted 9. All Declaration.docx to PDF
2025-03-13 14:07:02,554 - INFO - Created PDF: C:\Users\AbrahamCEO\Downloads\Processed_Documents\processed_20250313_140638\9. All Declaration.pdf
2025-03-13 14:07:02,556 - INFO - Removed intermediate Word file: C:\Users\AbrahamCEO\Downloads\Processed_Documents\processed_20250313_140638\9. All Declaration.docx
2025-03-13 14:07:02,556 - INFO - Processing 2 extras documents...
2025-03-13 14:07:02,568 - INFO - Successfully opened document: 10. Twinrain Table of Contents Section Covers.docx
2025-03-13 14:07:02,568 - INFO - Found keywords in header
2025-03-13 14:07:02,568 - INFO - Replacing '*ADD P&R*' with '3232'
2025-03-13 14:07:02,568 - INFO - Found keywords in footer
2025-03-13 14:07:02,568 - INFO - Replacing '*ADD C&N*' with '23232'
2025-03-13 14:07:02,568 - INFO - Replacing '*ADD C&N*' with '23232'
2025-03-13 14:07:02,568 - INFO - Replacing '*ADD P&R*' with '3232'
2025-03-13 14:07:02,568 - INFO - Replacing '*ADD S&D*' with '3233'
2025-03-13 14:07:02,568 - INFO - Replacing '*ADD L*' with '3232'
2025-03-13 14:07:02,603 - INFO - Successfully saved processed document: 10. Twinrain Table of Contents Section Covers.docx
2025-03-13 14:07:02,619 - INFO - Successfully opened document: 11. Cover Page.docx
2025-03-13 14:07:02,621 - INFO - Replacing '*ADD P&R*' with '3232'
2025-03-13 14:07:02,621 - INFO - Replacing '*ADD S&D*' with '3233'
2025-03-13 14:07:02,621 - INFO - Replacing '*ADD C&N*' with '23232'
2025-03-13 14:07:02,623 - INFO - Replacing '*ADD L*' with '3232'
2025-03-13 14:07:02,623 - INFO - Replacing '*ADD DD*' with '13/03/2025'
2025-03-13 14:07:02,623 - INFO - Replacing '*C&T*' with '13:00'
2025-03-13 14:07:02,662 - INFO - Successfully saved processed document: 11. Cover Page.docx
2025-03-13 14:07:02,662 - INFO - Merging 9 PDFs...
2025-03-13 14:07:03,306 - INFO - Merged 9 PDFs into C:\Users\AbrahamCEO\Downloads\Processed_Documents\processed_20250313_140638\Wilson_merged.pdf
2025-03-13 14:07:03,582 - ERROR - Error compressing PDF: Pdf.save() got an unexpected keyword argument 'optimize'
2025-03-13 14:11:31,497 - INFO - Processing 9 main documents...
2025-03-13 14:11:31,538 - INFO - Successfully opened document: 1. Power Of Attorney.docx
2025-03-13 14:11:31,538 - INFO - Replacing '*ADD P&R*' with '12345'
2025-03-13 14:11:31,538 - INFO - Replacing '*ADD P&R*' with '12345'
2025-03-13 14:11:31,538 - INFO - Replacing '*ADD C&N*' with 'rtr'
2025-03-13 14:11:31,538 - INFO - Replacing '*ADD S&D*' with 'trt'
2025-03-13 14:11:31,538 - INFO - Replacing '*ADD DD*' with '13/03/2025'
2025-03-13 14:11:31,586 - INFO - Successfully saved processed document: 1. Power Of Attorney.docx
2025-03-13 14:11:33,360 - INFO - Converted 1. Power Of Attorney.docx to PDF
2025-03-13 14:11:34,721 - INFO - Created PDF: C:\Users\AbrahamCEO\Desktop\12345\1. Power Of Attorney.pdf
2025-03-13 14:11:34,721 - INFO - Removed intermediate Word file: C:\Users\AbrahamCEO\Desktop\12345\1. Power Of Attorney.docx
2025-03-13 14:11:34,754 - INFO - Successfully opened document: 2. Cover Letter.docx
2025-03-13 14:11:34,754 - INFO - Replacing '*ADD DD*' with '13/03/2025'
2025-03-13 14:11:34,754 - INFO - Replacing '*ADD C&N*' with 'rtr'
2025-03-13 14:11:34,754 - INFO - Replacing '*ADD P&B*' with 'erer'
2025-03-13 14:11:34,754 - INFO - Replacing '*ADD T*' with 'rerere'
2025-03-13 14:11:34,754 - INFO - Replacing '*ADD P&R*' with '12345'
2025-03-13 14:11:34,754 - INFO - Replacing '*ADD S&D*' with 'trt'
2025-03-13 14:11:34,754 - INFO - Replacing '*ADD C&N*' with 'rtr'
2025-03-13 14:11:34,754 - INFO - Replacing '*ADD V&P*' with 'rer'
2025-03-13 14:11:34,754 - INFO - Replacing '*ADD DD*' with '13/03/2025'
2025-03-13 14:11:34,813 - INFO - Successfully saved processed document: 2. Cover Letter.docx
2025-03-13 14:11:36,097 - INFO - Converted 2. Cover Letter.docx to PDF
2025-03-13 14:11:37,420 - INFO - Created PDF: C:\Users\AbrahamCEO\Desktop\12345\2. Cover Letter.pdf
2025-03-13 14:11:37,420 - INFO - Removed intermediate Word file: C:\Users\AbrahamCEO\Desktop\12345\2. Cover Letter.docx
2025-03-13 14:11:37,433 - INFO - Successfully opened document: 3. Undertaking - Labour.docx
2025-03-13 14:11:37,435 - INFO - Replacing '*ADD C&N*' with 'rtr'
2025-03-13 14:11:37,435 - INFO - Replacing '*ADD P&R*' with '12345'
2025-03-13 14:11:37,437 - INFO - Replacing '*ADD DD*' with '13/03/2025'
2025-03-13 14:11:37,478 - INFO - Successfully saved processed document: 3. Undertaking - Labour.docx
2025-03-13 14:11:38,708 - INFO - Converted 3. Undertaking - Labour.docx to PDF
2025-03-13 14:11:39,942 - INFO - Created PDF: C:\Users\AbrahamCEO\Desktop\12345\3. Undertaking - Labour.pdf
2025-03-13 14:11:39,942 - INFO - Removed intermediate Word file: C:\Users\AbrahamCEO\Desktop\12345\3. Undertaking - Labour.docx
2025-03-13 14:11:39,958 - INFO - Successfully opened document: 4. Undertaking - Salaries.docx
2025-03-13 14:11:39,974 - INFO - Replacing '*ADD C&N*' with 'rtr'
2025-03-13 14:11:39,974 - INFO - Replacing '*ADD P&R*' with '12345'
2025-03-13 14:11:39,974 - INFO - Replacing '*ADD DD*' with '13/03/2025'
2025-03-13 14:11:40,005 - INFO - Successfully saved processed document: 4. Undertaking - Salaries.docx
2025-03-13 14:11:41,224 - INFO - Converted 4. Undertaking - Salaries.docx to PDF
2025-03-13 14:11:42,459 - INFO - Created PDF: C:\Users\AbrahamCEO\Desktop\12345\4. Undertaking - Salaries.pdf
2025-03-13 14:11:42,459 - INFO - Removed intermediate Word file: C:\Users\AbrahamCEO\Desktop\12345\4. Undertaking - Salaries.docx
2025-03-13 14:11:42,481 - INFO - Successfully opened document: 5. Local Content.docx
2025-03-13 14:11:42,483 - INFO - Replacing '*ADD C&N*' with 'rtr'
2025-03-13 14:11:42,483 - INFO - Replacing '*ADD P&R*' with '12345'
2025-03-13 14:11:42,485 - INFO - Replacing '*ADD DD*' with '13/03/2025'
2025-03-13 14:11:42,523 - INFO - Successfully saved processed document: 5. Local Content.docx
2025-03-13 14:11:43,866 - INFO - Converted 5. Local Content.docx to PDF
2025-03-13 14:11:44,929 - INFO - Created PDF: C:\Users\AbrahamCEO\Desktop\12345\5. Local Content.pdf
2025-03-13 14:11:44,929 - INFO - Removed intermediate Word file: C:\Users\AbrahamCEO\Desktop\12345\5. Local Content.docx
2025-03-13 14:11:44,929 - INFO - Successfully opened document: 6. Employment.docx
2025-03-13 14:11:44,945 - INFO - Replacing '*ADD C&N*' with 'rtr'
2025-03-13 14:11:44,945 - INFO - Replacing '*ADD P&R*' with '12345'
2025-03-13 14:11:44,945 - INFO - Replacing '*ADD DD*' with '13/03/2025'
2025-03-13 14:11:44,977 - INFO - Successfully saved processed document: 6. Employment.docx
2025-03-13 14:11:46,225 - INFO - Converted 6. Employment.docx to PDF
2025-03-13 14:11:47,630 - INFO - Created PDF: C:\Users\AbrahamCEO\Desktop\12345\6. Employment.pdf
2025-03-13 14:11:47,630 - INFO - Removed intermediate Word file: C:\Users\AbrahamCEO\Desktop\12345\6. Employment.docx
2025-03-13 14:11:47,651 - INFO - Successfully opened document: 7. Conflict Of Interest.docx
2025-03-13 14:11:47,655 - INFO - Replacing '*ADD C&N*' with 'rtr'
2025-03-13 14:11:47,655 - INFO - Replacing '*ADD P&R*' with '12345'
2025-03-13 14:11:47,655 - INFO - Replacing '*ADD DD*' with '13/03/2025'
2025-03-13 14:11:47,709 - INFO - Successfully saved processed document: 7. Conflict Of Interest.docx
2025-03-13 14:11:49,111 - INFO - Converted 7. Conflict Of Interest.docx to PDF
2025-03-13 14:11:50,298 - INFO - Created PDF: C:\Users\AbrahamCEO\Desktop\12345\7. Conflict Of Interest.pdf
2025-03-13 14:11:50,298 - INFO - Removed intermediate Word file: C:\Users\AbrahamCEO\Desktop\12345\7. Conflict Of Interest.docx
2025-03-13 14:11:50,350 - INFO - Successfully opened document: 8. Bid Requirements.docx
2025-03-13 14:11:50,355 - INFO - Replacing '*ADD C&N*' with 'rtr'
2025-03-13 14:11:50,355 - INFO - Replacing '*ADD P&R*' with '12345'
2025-03-13 14:11:50,355 - INFO - Replacing '*ADD DD*' with '13/03/2025'
2025-03-13 14:11:50,405 - INFO - Successfully saved processed document: 8. Bid Requirements.docx
2025-03-13 14:11:51,673 - INFO - Converted 8. Bid Requirements.docx to PDF
2025-03-13 14:11:52,872 - INFO - Created PDF: C:\Users\AbrahamCEO\Desktop\12345\8. Bid Requirements.pdf
2025-03-13 14:11:52,872 - INFO - Removed intermediate Word file: C:\Users\AbrahamCEO\Desktop\12345\8. Bid Requirements.docx
2025-03-13 14:11:52,894 - INFO - Successfully opened document: 9. All Declaration.docx
2025-03-13 14:11:52,894 - INFO - Replacing '*ADD C&N*' with 'rtr'
2025-03-13 14:11:52,894 - INFO - Replacing '*ADD P&R*' with '12345'
2025-03-13 14:11:52,894 - INFO - Replacing '*ADD DD*' with '13/03/2025'
2025-03-13 14:11:52,935 - INFO - Successfully saved processed document: 9. All Declaration.docx
2025-03-13 14:11:54,217 - INFO - Converted 9. All Declaration.docx to PDF
2025-03-13 14:11:55,420 - INFO - Created PDF: C:\Users\AbrahamCEO\Desktop\12345\9. All Declaration.pdf
2025-03-13 14:11:55,422 - INFO - Removed intermediate Word file: C:\Users\AbrahamCEO\Desktop\12345\9. All Declaration.docx
2025-03-13 14:11:55,422 - INFO - Processing 2 extras documents...
2025-03-13 14:11:55,445 - INFO - Successfully opened document: 10. Twinrain Table of Contents Section Covers.docx
2025-03-13 14:11:55,447 - INFO - Found keywords in header
2025-03-13 14:11:55,447 - INFO - Replacing '*ADD P&R*' with '12345'
2025-03-13 14:11:55,447 - INFO - Found keywords in footer
2025-03-13 14:11:55,447 - INFO - Replacing '*ADD C&N*' with 'rtr'
2025-03-13 14:11:55,451 - INFO - Replacing '*ADD C&N*' with 'rtr'
2025-03-13 14:11:55,451 - INFO - Replacing '*ADD P&R*' with '12345'
2025-03-13 14:11:55,451 - INFO - Replacing '*ADD S&D*' with 'trt'
2025-03-13 14:11:55,451 - INFO - Replacing '*ADD L*' with 'erere'
2025-03-13 14:11:55,480 - INFO - Successfully saved processed document: 10. Twinrain Table of Contents Section Covers.docx
2025-03-13 14:11:55,507 - INFO - Successfully opened document: 11. Cover Page.docx
2025-03-13 14:11:55,515 - INFO - Replacing '*ADD P&R*' with '12345'
2025-03-13 14:11:55,515 - INFO - Replacing '*ADD S&D*' with 'trt'
2025-03-13 14:11:55,521 - INFO - Replacing '*ADD C&N*' with 'rtr'
2025-03-13 14:11:55,521 - INFO - Replacing '*ADD L*' with 'erere'
2025-03-13 14:11:55,521 - INFO - Replacing '*ADD DD*' with '13/03/2025'
2025-03-13 14:11:55,521 - INFO - Replacing '*C&T*' with '13:00'
2025-03-13 14:11:55,562 - INFO - Successfully saved processed document: 11. Cover Page.docx
2025-03-13 14:11:55,562 - INFO - Merging 9 PDFs...
2025-03-13 14:11:56,179 - INFO - Merged 9 PDFs into C:\Users\AbrahamCEO\Desktop\12345\Wilson_merged.pdf
2025-03-13 14:11:56,463 - ERROR - Error compressing PDF: Pdf.save() got an unexpected keyword argument 'optimize'
2025-03-13 14:17:17,007 - INFO - Processing 9 main documents...
2025-03-13 14:17:17,070 - INFO - Successfully opened document: 1. Power Of Attorney.docx
2025-03-13 14:17:17,086 - INFO - Replacing '*ADD P&R*' with '123453'
2025-03-13 14:17:17,086 - INFO - Replacing '*ADD P&R*' with '123453'
2025-03-13 14:17:17,086 - INFO - Replacing '*ADD C&N*' with 'trt'
2025-03-13 14:17:17,086 - INFO - Replacing '*ADD S&D*' with 'rtrt'
2025-03-13 14:17:17,086 - INFO - Replacing '*ADD DD*' with '13th March 2025'
2025-03-13 14:17:17,142 - INFO - Successfully saved processed document: 1. Power Of Attorney.docx
2025-03-13 14:17:18,896 - INFO - Converted 1. Power Of Attorney.docx to PDF
2025-03-13 14:17:20,207 - INFO - Created PDF: C:\Users\AbrahamCEO\Desktop\123453\1. Power Of Attorney.pdf
2025-03-13 14:17:20,207 - INFO - Removed intermediate Word file: C:\Users\AbrahamCEO\Desktop\123453\1. Power Of Attorney.docx
2025-03-13 14:17:20,239 - INFO - Successfully opened document: 2. Cover Letter.docx
2025-03-13 14:17:20,239 - INFO - Replacing '*ADD DD*' with '13th March 2025'
2025-03-13 14:17:20,239 - INFO - Replacing '*ADD C&N*' with 'trt'
2025-03-13 14:17:20,239 - INFO - Replacing '*ADD P&B*' with '1212112'
2025-03-13 14:17:20,239 - INFO - Replacing '*ADD T*' with 'rgggrrggr'
2025-03-13 14:17:20,239 - INFO - Replacing '*ADD P&R*' with '123453'
2025-03-13 14:17:20,239 - INFO - Replacing '*ADD S&D*' with 'rtrt'
2025-03-13 14:17:20,239 - INFO - Replacing '*ADD C&N*' with 'trt'
2025-03-13 14:17:20,239 - INFO - Replacing '*ADD V&P*' with '54'
2025-03-13 14:17:20,239 - INFO - Replacing '*ADD DD*' with '13th March 2025'
2025-03-13 14:17:20,299 - INFO - Successfully saved processed document: 2. Cover Letter.docx
2025-03-13 14:17:21,601 - INFO - Converted 2. Cover Letter.docx to PDF
2025-03-13 14:17:23,943 - INFO - Created PDF: C:\Users\AbrahamCEO\Desktop\123453\2. Cover Letter.pdf
2025-03-13 14:17:23,943 - INFO - Removed intermediate Word file: C:\Users\AbrahamCEO\Desktop\123453\2. Cover Letter.docx
2025-03-13 14:17:23,951 - INFO - Successfully opened document: 3. Undertaking - Labour.docx
2025-03-13 14:17:23,951 - INFO - Replacing '*ADD C&N*' with 'trt'
2025-03-13 14:17:23,951 - INFO - Replacing '*ADD P&R*' with '123453'
2025-03-13 14:17:23,967 - INFO - Replacing '*ADD DD*' with '13th March 2025'
2025-03-13 14:17:23,999 - INFO - Successfully saved processed document: 3. Undertaking - Labour.docx
2025-03-13 14:17:25,217 - INFO - Converted 3. Undertaking - Labour.docx to PDF
2025-03-13 14:17:27,557 - INFO - Created PDF: C:\Users\AbrahamCEO\Desktop\123453\3. Undertaking - Labour.pdf
2025-03-13 14:17:27,557 - INFO - Removed intermediate Word file: C:\Users\AbrahamCEO\Desktop\123453\3. Undertaking - Labour.docx
2025-03-13 14:17:27,569 - INFO - Successfully opened document: 4. Undertaking - Salaries.docx
2025-03-13 14:17:27,569 - INFO - Replacing '*ADD C&N*' with 'trt'
2025-03-13 14:17:27,571 - INFO - Replacing '*ADD P&R*' with '123453'
2025-03-13 14:17:27,571 - INFO - Replacing '*ADD DD*' with '13th March 2025'
2025-03-13 14:17:27,604 - INFO - Successfully saved processed document: 4. Undertaking - Salaries.docx
2025-03-13 14:17:28,762 - INFO - Converted 4. Undertaking - Salaries.docx to PDF
2025-03-13 14:17:30,233 - INFO - Created PDF: C:\Users\AbrahamCEO\Desktop\123453\4. Undertaking - Salaries.pdf
2025-03-13 14:17:30,233 - INFO - Removed intermediate Word file: C:\Users\AbrahamCEO\Desktop\123453\4. Undertaking - Salaries.docx
2025-03-13 14:17:30,267 - INFO - Successfully opened document: 5. Local Content.docx
2025-03-13 14:17:30,267 - INFO - Replacing '*ADD C&N*' with 'trt'
2025-03-13 14:17:30,269 - INFO - Replacing '*ADD P&R*' with '123453'
2025-03-13 14:17:30,269 - INFO - Replacing '*ADD DD*' with '13th March 2025'
2025-03-13 14:17:30,313 - INFO - Successfully saved processed document: 5. Local Content.docx
2025-03-13 14:17:31,476 - INFO - Converted 5. Local Content.docx to PDF
2025-03-13 14:17:32,543 - INFO - Created PDF: C:\Users\AbrahamCEO\Desktop\123453\5. Local Content.pdf
2025-03-13 14:17:32,543 - INFO - Removed intermediate Word file: C:\Users\AbrahamCEO\Desktop\123453\5. Local Content.docx
2025-03-13 14:17:32,543 - INFO - Successfully opened document: 6. Employment.docx
2025-03-13 14:17:32,559 - INFO - Replacing '*ADD C&N*' with 'trt'
2025-03-13 14:17:32,559 - INFO - Replacing '*ADD P&R*' with '123453'
2025-03-13 14:17:32,559 - INFO - Replacing '*ADD DD*' with '13th March 2025'
2025-03-13 14:17:32,590 - INFO - Successfully saved processed document: 6. Employment.docx
2025-03-13 14:17:33,783 - INFO - Converted 6. Employment.docx to PDF
2025-03-13 14:17:34,981 - INFO - Created PDF: C:\Users\AbrahamCEO\Desktop\123453\6. Employment.pdf
2025-03-13 14:17:34,981 - INFO - Removed intermediate Word file: C:\Users\AbrahamCEO\Desktop\123453\6. Employment.docx
2025-03-13 14:17:34,981 - INFO - Successfully opened document: 7. Conflict Of Interest.docx
2025-03-13 14:17:34,981 - INFO - Replacing '*ADD C&N*' with 'trt'
2025-03-13 14:17:34,981 - INFO - Replacing '*ADD P&R*' with '123453'
2025-03-13 14:17:34,981 - INFO - Replacing '*ADD DD*' with '13th March 2025'
2025-03-13 14:17:35,029 - INFO - Successfully saved processed document: 7. Conflict Of Interest.docx
2025-03-13 14:17:36,171 - INFO - Converted 7. Conflict Of Interest.docx to PDF
2025-03-13 14:17:37,419 - INFO - Created PDF: C:\Users\AbrahamCEO\Desktop\123453\7. Conflict Of Interest.pdf
2025-03-13 14:17:37,419 - INFO - Removed intermediate Word file: C:\Users\AbrahamCEO\Desktop\123453\7. Conflict Of Interest.docx
2025-03-13 14:17:37,437 - INFO - Successfully opened document: 8. Bid Requirements.docx
2025-03-13 14:17:37,437 - INFO - Replacing '*ADD C&N*' with 'trt'
2025-03-13 14:17:37,450 - INFO - Replacing '*ADD P&R*' with '123453'
2025-03-13 14:17:37,450 - INFO - Replacing '*ADD DD*' with '13th March 2025'
2025-03-13 14:17:37,482 - INFO - Successfully saved processed document: 8. Bid Requirements.docx
2025-03-13 14:17:38,688 - INFO - Converted 8. Bid Requirements.docx to PDF
2025-03-13 14:17:39,954 - INFO - Created PDF: C:\Users\AbrahamCEO\Desktop\123453\8. Bid Requirements.pdf
2025-03-13 14:17:39,954 - INFO - Removed intermediate Word file: C:\Users\AbrahamCEO\Desktop\123453\8. Bid Requirements.docx
2025-03-13 14:17:39,979 - INFO - Successfully opened document: 9. All Declaration.docx
2025-03-13 14:17:39,979 - INFO - Replacing '*ADD C&N*' with 'trt'
2025-03-13 14:17:39,979 - INFO - Replacing '*ADD P&R*' with '123453'
2025-03-13 14:17:39,979 - INFO - Replacing '*ADD DD*' with '13th March 2025'
2025-03-13 14:17:40,027 - INFO - Successfully saved processed document: 9. All Declaration.docx
2025-03-13 14:17:41,181 - INFO - Converted 9. All Declaration.docx to PDF
2025-03-13 14:17:42,470 - INFO - Created PDF: C:\Users\AbrahamCEO\Desktop\123453\9. All Declaration.pdf
2025-03-13 14:17:42,470 - INFO - Removed intermediate Word file: C:\Users\AbrahamCEO\Desktop\123453\9. All Declaration.docx
2025-03-13 14:17:42,470 - INFO - Processing 2 extras documents...
2025-03-13 14:17:42,477 - INFO - Successfully opened document: 10. Twinrain Table of Contents Section Covers.docx
2025-03-13 14:17:42,477 - INFO - Found keywords in header
2025-03-13 14:17:42,477 - INFO - Replacing '*ADD P&R*' with '123453'
2025-03-13 14:17:42,477 - INFO - Found keywords in footer
2025-03-13 14:17:42,493 - INFO - Replacing '*ADD C&N*' with 'trt'
2025-03-13 14:17:42,493 - INFO - Replacing '*ADD C&N*' with 'trt'
2025-03-13 14:17:42,493 - INFO - Replacing '*ADD P&R*' with '123453'
2025-03-13 14:17:42,493 - INFO - Replacing '*ADD S&D*' with 'rtrt'
2025-03-13 14:17:42,493 - INFO - Replacing '*ADD L*' with '121'
2025-03-13 14:17:42,509 - INFO - Successfully saved processed document: 10. Twinrain Table of Contents Section Covers.docx
2025-03-13 14:17:42,525 - INFO - Successfully opened document: 11. Cover Page.docx
2025-03-13 14:17:42,525 - INFO - Replacing '*ADD P&R*' with '123453'
2025-03-13 14:17:42,541 - INFO - Replacing '*ADD S&D*' with 'rtrt'
2025-03-13 14:17:42,541 - INFO - Replacing '*ADD C&N*' with 'trt'
2025-03-13 14:17:42,541 - INFO - Replacing '*ADD L*' with '121'
2025-03-13 14:17:42,541 - INFO - Replacing '*ADD DD*' with '13th March 2025'
2025-03-13 14:17:42,541 - INFO - Replacing '*C&T*' with '13:30'
2025-03-13 14:17:42,573 - INFO - Successfully saved processed document: 11. Cover Page.docx
2025-03-13 14:17:42,573 - INFO - Merging 9 PDFs...
2025-03-13 14:17:43,189 - INFO - Merged 9 PDFs into C:\Users\AbrahamCEO\Desktop\123453\Shitongeni_merged.pdf
2025-03-13 14:17:43,427 - ERROR - Error compressing PDF: Pdf.save() got an unexpected keyword argument 'optimize'
2025-03-13 14:17:50,877 - INFO - Processing 9 main documents...
2025-03-13 14:17:50,893 - INFO - Successfully opened document: 1. Power Of Attorney.docx
2025-03-13 14:17:50,893 - INFO - Replacing '*ADD P&R*' with '123453'
2025-03-13 14:17:50,893 - INFO - Replacing '*ADD P&R*' with '123453'
2025-03-13 14:17:50,893 - INFO - Replacing '*ADD C&N*' with 'trt'
2025-03-13 14:17:50,893 - INFO - Replacing '*ADD S&D*' with 'rtrt'
2025-03-13 14:17:50,893 - INFO - Replacing '*ADD DD*' with '13th March 2025'
2025-03-13 14:17:50,953 - INFO - Successfully saved processed document: 1. Power Of Attorney.docx
2025-03-13 14:17:52,224 - INFO - Converted 1. Power Of Attorney.docx to PDF
2025-03-13 14:17:53,566 - INFO - Created PDF: C:\Users\AbrahamCEO\Desktop\123453\1. Power Of Attorney.pdf
2025-03-13 14:17:53,566 - INFO - Removed intermediate Word file: C:\Users\AbrahamCEO\Desktop\123453\1. Power Of Attorney.docx
2025-03-13 14:17:53,566 - INFO - Successfully opened document: 2. Cover Letter.docx
2025-03-13 14:17:53,582 - INFO - Replacing '*ADD DD*' with '13th March 2025'
2025-03-13 14:17:53,582 - INFO - Replacing '*ADD C&N*' with 'trt'
2025-03-13 14:17:53,582 - INFO - Replacing '*ADD P&B*' with '1212112'
2025-03-13 14:17:53,582 - INFO - Replacing '*ADD T*' with 'rgggrrggr'
2025-03-13 14:17:53,582 - INFO - Replacing '*ADD P&R*' with '123453'
2025-03-13 14:17:53,582 - INFO - Replacing '*ADD S&D*' with 'rtrt'
2025-03-13 14:17:53,582 - INFO - Replacing '*ADD C&N*' with 'trt'
2025-03-13 14:17:53,582 - INFO - Replacing '*ADD V&P*' with '54'
2025-03-13 14:17:53,582 - INFO - Replacing '*ADD DD*' with '13th March 2025'
2025-03-13 14:17:53,630 - INFO - Successfully saved processed document: 2. Cover Letter.docx
2025-03-13 14:17:54,884 - INFO - Converted 2. Cover Letter.docx to PDF
2025-03-13 14:17:56,112 - INFO - Created PDF: C:\Users\AbrahamCEO\Desktop\123453\2. Cover Letter.pdf
2025-03-13 14:17:56,112 - INFO - Removed intermediate Word file: C:\Users\AbrahamCEO\Desktop\123453\2. Cover Letter.docx
2025-03-13 14:17:56,117 - INFO - Successfully opened document: 3. Undertaking - Labour.docx
2025-03-13 14:17:56,128 - INFO - Replacing '*ADD C&N*' with 'trt'
2025-03-13 14:17:56,128 - INFO - Replacing '*ADD P&R*' with '123453'
2025-03-13 14:17:56,128 - INFO - Replacing '*ADD DD*' with '13th March 2025'
2025-03-13 14:17:56,160 - INFO - Successfully saved processed document: 3. Undertaking - Labour.docx
2025-03-13 14:17:57,443 - INFO - Converted 3. Undertaking - Labour.docx to PDF
2025-03-13 14:17:59,004 - INFO - Created PDF: C:\Users\AbrahamCEO\Desktop\123453\3. Undertaking - Labour.pdf
2025-03-13 14:17:59,004 - INFO - Removed intermediate Word file: C:\Users\AbrahamCEO\Desktop\123453\3. Undertaking - Labour.docx
2025-03-13 14:17:59,036 - INFO - Successfully opened document: 4. Undertaking - Salaries.docx
2025-03-13 14:17:59,036 - INFO - Replacing '*ADD C&N*' with 'trt'
2025-03-13 14:17:59,036 - INFO - Replacing '*ADD P&R*' with '123453'
2025-03-13 14:17:59,036 - INFO - Replacing '*ADD DD*' with '13th March 2025'
2025-03-13 14:17:59,068 - INFO - Successfully saved processed document: 4. Undertaking - Salaries.docx
2025-03-13 14:18:00,415 - INFO - Converted 4. Undertaking - Salaries.docx to PDF
2025-03-13 14:18:01,667 - INFO - Created PDF: C:\Users\AbrahamCEO\Desktop\123453\4. Undertaking - Salaries.pdf
2025-03-13 14:18:01,669 - INFO - Removed intermediate Word file: C:\Users\AbrahamCEO\Desktop\123453\4. Undertaking - Salaries.docx
2025-03-13 14:18:01,689 - INFO - Successfully opened document: 5. Local Content.docx
2025-03-13 14:18:01,689 - INFO - Replacing '*ADD C&N*' with 'trt'
2025-03-13 14:18:01,689 - INFO - Replacing '*ADD P&R*' with '123453'
2025-03-13 14:18:01,689 - INFO - Replacing '*ADD DD*' with '13th March 2025'
2025-03-13 14:18:01,721 - INFO - Successfully saved processed document: 5. Local Content.docx
2025-03-13 14:18:02,956 - INFO - Converted 5. Local Content.docx to PDF
2025-03-13 14:18:04,133 - INFO - Created PDF: C:\Users\AbrahamCEO\Desktop\123453\5. Local Content.pdf
2025-03-13 14:18:04,133 - INFO - Removed intermediate Word file: C:\Users\AbrahamCEO\Desktop\123453\5. Local Content.docx
2025-03-13 14:18:04,133 - INFO - Successfully opened document: 6. Employment.docx
2025-03-13 14:18:04,133 - INFO - Replacing '*ADD C&N*' with 'trt'
2025-03-13 14:18:04,149 - INFO - Replacing '*ADD P&R*' with '123453'
2025-03-13 14:18:04,149 - INFO - Replacing '*ADD DD*' with '13th March 2025'
2025-03-13 14:18:04,180 - INFO - Successfully saved processed document: 6. Employment.docx
2025-03-13 14:18:05,408 - INFO - Converted 6. Employment.docx to PDF
2025-03-13 14:18:06,529 - INFO - Created PDF: C:\Users\AbrahamCEO\Desktop\123453\6. Employment.pdf
2025-03-13 14:18:06,529 - INFO - Removed intermediate Word file: C:\Users\AbrahamCEO\Desktop\123453\6. Employment.docx
2025-03-13 14:18:06,545 - INFO - Successfully opened document: 7. Conflict Of Interest.docx
2025-03-13 14:18:06,545 - INFO - Replacing '*ADD C&N*' with 'trt'
2025-03-13 14:18:06,545 - INFO - Replacing '*ADD P&R*' with '123453'
2025-03-13 14:18:06,545 - INFO - Replacing '*ADD DD*' with '13th March 2025'
2025-03-13 14:18:06,577 - INFO - Successfully saved processed document: 7. Conflict Of Interest.docx
2025-03-13 14:18:07,735 - INFO - Converted 7. Conflict Of Interest.docx to PDF
2025-03-13 14:18:09,015 - INFO - Created PDF: C:\Users\AbrahamCEO\Desktop\123453\7. Conflict Of Interest.pdf
2025-03-13 14:18:09,015 - INFO - Removed intermediate Word file: C:\Users\AbrahamCEO\Desktop\123453\7. Conflict Of Interest.docx
2025-03-13 14:18:09,015 - INFO - Successfully opened document: 8. Bid Requirements.docx
2025-03-13 14:18:09,015 - INFO - Replacing '*ADD C&N*' with 'trt'
2025-03-13 14:18:09,031 - INFO - Replacing '*ADD P&R*' with '123453'
2025-03-13 14:18:09,031 - INFO - Replacing '*ADD DD*' with '13th March 2025'
2025-03-13 14:18:09,063 - INFO - Successfully saved processed document: 8. Bid Requirements.docx
2025-03-13 14:18:10,236 - INFO - Converted 8. Bid Requirements.docx to PDF
2025-03-13 14:18:11,371 - INFO - Created PDF: C:\Users\AbrahamCEO\Desktop\123453\8. Bid Requirements.pdf
2025-03-13 14:18:11,371 - INFO - Removed intermediate Word file: C:\Users\AbrahamCEO\Desktop\123453\8. Bid Requirements.docx
2025-03-13 14:18:11,387 - INFO - Successfully opened document: 9. All Declaration.docx
2025-03-13 14:18:11,403 - INFO - Replacing '*ADD C&N*' with 'trt'
2025-03-13 14:18:11,403 - INFO - Replacing '*ADD P&R*' with '123453'
2025-03-13 14:18:11,405 - INFO - Replacing '*ADD DD*' with '13th March 2025'
2025-03-13 14:18:11,435 - INFO - Successfully saved processed document: 9. All Declaration.docx
2025-03-13 14:18:12,749 - INFO - Converted 9. All Declaration.docx to PDF
2025-03-13 14:18:14,042 - INFO - Created PDF: C:\Users\AbrahamCEO\Desktop\123453\9. All Declaration.pdf
2025-03-13 14:18:14,042 - INFO - Removed intermediate Word file: C:\Users\AbrahamCEO\Desktop\123453\9. All Declaration.docx
2025-03-13 14:18:14,042 - INFO - Processing 2 extras documents...
2025-03-13 14:18:14,233 - INFO - Successfully opened document: 10. Twinrain Table of Contents Section Covers.docx
2025-03-13 14:18:14,233 - INFO - Found keywords in header
2025-03-13 14:18:14,233 - INFO - Replacing '*ADD P&R*' with '123453'
2025-03-13 14:18:14,233 - INFO - Found keywords in footer
2025-03-13 14:18:14,233 - INFO - Replacing '*ADD C&N*' with 'trt'
2025-03-13 14:18:14,249 - INFO - Replacing '*ADD C&N*' with 'trt'
2025-03-13 14:18:14,249 - INFO - Replacing '*ADD P&R*' with '123453'
2025-03-13 14:18:14,249 - INFO - Replacing '*ADD S&D*' with 'rtrt'
2025-03-13 14:18:14,249 - INFO - Replacing '*ADD L*' with '121'
2025-03-13 14:18:14,265 - INFO - Successfully saved processed document: 10. Twinrain Table of Contents Section Covers.docx
2025-03-13 14:18:14,281 - INFO - Successfully opened document: 11. Cover Page.docx
2025-03-13 14:18:14,297 - INFO - Replacing '*ADD P&R*' with '123453'
2025-03-13 14:18:14,297 - INFO - Replacing '*ADD S&D*' with 'rtrt'
2025-03-13 14:18:14,297 - INFO - Replacing '*ADD C&N*' with 'trt'
2025-03-13 14:18:14,297 - INFO - Replacing '*ADD L*' with '121'
2025-03-13 14:18:14,297 - INFO - Replacing '*ADD DD*' with '13th March 2025'
2025-03-13 14:18:14,297 - INFO - Replacing '*C&T*' with '13:30'
2025-03-13 14:18:14,329 - INFO - Successfully saved processed document: 11. Cover Page.docx
2025-03-13 14:18:14,345 - INFO - Merging 9 PDFs...
2025-03-13 14:18:14,631 - INFO - Merged 9 PDFs into C:\Users\AbrahamCEO\Desktop\123453\Shitongeni_merged.pdf
2025-03-13 14:18:14,883 - ERROR - Error compressing PDF: Pdf.save() got an unexpected keyword argument 'optimize'
2025-03-13 14:20:46,244 - INFO - Processing 9 main documents...
2025-03-13 14:20:46,260 - INFO - Successfully opened document: 1. Power Of Attorney.docx
2025-03-13 14:20:46,275 - INFO - Replacing '*ADD P&R*' with '444444'
2025-03-13 14:20:46,275 - INFO - Replacing '*ADD P&R*' with '444444'
2025-03-13 14:20:46,275 - INFO - Replacing '*ADD C&N*' with 'err'
2025-03-13 14:20:46,275 - INFO - Replacing '*ADD S&D*' with 'erer'
2025-03-13 14:20:46,275 - INFO - Replacing '*ADD DD*' with '19th March 2025'
2025-03-13 14:20:46,323 - INFO - Successfully saved processed document: 1. Power Of Attorney.docx
2025-03-13 14:20:48,344 - INFO - Converted 1. Power Of Attorney.docx to PDF
2025-03-13 14:20:49,668 - INFO - Created PDF: C:\Users\AbrahamCEO\Desktop\444444\1. Power Of Attorney.pdf
2025-03-13 14:20:49,668 - INFO - Removed intermediate Word file: C:\Users\AbrahamCEO\Desktop\444444\1. Power Of Attorney.docx
2025-03-13 14:20:49,700 - INFO - Successfully opened document: 2. Cover Letter.docx
2025-03-13 14:20:49,700 - INFO - Replacing '*ADD DD*' with '19th March 2025'
2025-03-13 14:20:49,700 - INFO - Replacing '*ADD C&N*' with 'err'
2025-03-13 14:20:49,700 - INFO - Replacing '*ADD P&B*' with 'rer'
2025-03-13 14:20:49,700 - INFO - Replacing '*ADD T*' with 'ferere'
2025-03-13 14:20:49,700 - INFO - Replacing '*ADD P&R*' with '444444'
2025-03-13 14:20:49,700 - INFO - Replacing '*ADD S&D*' with 'erer'
2025-03-13 14:20:49,700 - INFO - Replacing '*ADD C&N*' with 'err'
2025-03-13 14:20:49,716 - INFO - Replacing '*ADD V&P*' with 'rerrerer'
2025-03-13 14:20:49,716 - INFO - Replacing '*ADD DD*' with '19th March 2025'
2025-03-13 14:20:49,763 - INFO - Successfully saved processed document: 2. Cover Letter.docx
2025-03-13 14:20:51,045 - INFO - Converted 2. Cover Letter.docx to PDF
2025-03-13 14:20:52,366 - INFO - Created PDF: C:\Users\AbrahamCEO\Desktop\444444\2. Cover Letter.pdf
2025-03-13 14:20:52,382 - INFO - Removed intermediate Word file: C:\Users\AbrahamCEO\Desktop\444444\2. Cover Letter.docx
2025-03-13 14:20:52,398 - INFO - Successfully opened document: 3. Undertaking - Labour.docx
2025-03-13 14:20:52,398 - INFO - Replacing '*ADD C&N*' with 'err'
2025-03-13 14:20:52,398 - INFO - Replacing '*ADD P&R*' with '444444'
2025-03-13 14:20:52,398 - INFO - Replacing '*ADD DD*' with '19th March 2025'
2025-03-13 14:20:52,449 - INFO - Successfully saved processed document: 3. Undertaking - Labour.docx
2025-03-13 14:20:53,597 - INFO - Converted 3. Undertaking - Labour.docx to PDF
2025-03-13 14:20:54,828 - INFO - Created PDF: C:\Users\AbrahamCEO\Desktop\444444\3. Undertaking - Labour.pdf
2025-03-13 14:20:54,828 - INFO - Removed intermediate Word file: C:\Users\AbrahamCEO\Desktop\444444\3. Undertaking - Labour.docx
2025-03-13 14:20:54,844 - INFO - Successfully opened document: 4. Undertaking - Salaries.docx
2025-03-13 14:20:54,844 - INFO - Replacing '*ADD C&N*' with 'err'
2025-03-13 14:20:54,844 - INFO - Replacing '*ADD P&R*' with '444444'
2025-03-13 14:20:54,844 - INFO - Replacing '*ADD DD*' with '19th March 2025'
2025-03-13 14:20:54,892 - INFO - Successfully saved processed document: 4. Undertaking - Salaries.docx
2025-03-13 14:20:56,135 - INFO - Converted 4. Undertaking - Salaries.docx to PDF
2025-03-13 14:20:57,324 - INFO - Created PDF: C:\Users\AbrahamCEO\Desktop\444444\4. Undertaking - Salaries.pdf
2025-03-13 14:20:57,324 - INFO - Removed intermediate Word file: C:\Users\AbrahamCEO\Desktop\444444\4. Undertaking - Salaries.docx
2025-03-13 14:20:57,343 - INFO - Successfully opened document: 5. Local Content.docx
2025-03-13 14:20:57,345 - INFO - Replacing '*ADD C&N*' with 'err'
2025-03-13 14:20:57,345 - INFO - Replacing '*ADD P&R*' with '444444'
2025-03-13 14:20:57,347 - INFO - Replacing '*ADD DD*' with '19th March 2025'
2025-03-13 14:20:57,389 - INFO - Successfully saved processed document: 5. Local Content.docx
2025-03-13 14:20:58,636 - INFO - Converted 5. Local Content.docx to PDF
2025-03-13 14:20:59,743 - INFO - Created PDF: C:\Users\AbrahamCEO\Desktop\444444\5. Local Content.pdf
2025-03-13 14:20:59,743 - INFO - Removed intermediate Word file: C:\Users\AbrahamCEO\Desktop\444444\5. Local Content.docx
2025-03-13 14:20:59,743 - INFO - Successfully opened document: 6. Employment.docx
2025-03-13 14:20:59,743 - INFO - Replacing '*ADD C&N*' with 'err'
2025-03-13 14:20:59,759 - INFO - Replacing '*ADD P&R*' with '444444'
2025-03-13 14:20:59,759 - INFO - Replacing '*ADD DD*' with '19th March 2025'
2025-03-13 14:20:59,790 - INFO - Successfully saved processed document: 6. Employment.docx
2025-03-13 14:21:00,977 - INFO - Converted 6. Employment.docx to PDF
2025-03-13 14:21:02,098 - INFO - Created PDF: C:\Users\AbrahamCEO\Desktop\444444\6. Employment.pdf
2025-03-13 14:21:02,098 - INFO - Removed intermediate Word file: C:\Users\AbrahamCEO\Desktop\444444\6. Employment.docx
2025-03-13 14:21:02,110 - INFO - Successfully opened document: 7. Conflict Of Interest.docx
2025-03-13 14:21:02,110 - INFO - Replacing '*ADD C&N*' with 'err'
2025-03-13 14:21:02,110 - INFO - Replacing '*ADD P&R*' with '444444'
2025-03-13 14:21:02,110 - INFO - Replacing '*ADD DD*' with '19th March 2025'
2025-03-13 14:21:02,156 - INFO - Successfully saved processed document: 7. Conflict Of Interest.docx
2025-03-13 14:21:03,331 - INFO - Converted 7. Conflict Of Interest.docx to PDF
2025-03-13 14:21:04,656 - INFO - Created PDF: C:\Users\AbrahamCEO\Desktop\444444\7. Conflict Of Interest.pdf
2025-03-13 14:21:04,656 - INFO - Removed intermediate Word file: C:\Users\AbrahamCEO\Desktop\444444\7. Conflict Of Interest.docx
2025-03-13 14:21:04,656 - INFO - Successfully opened document: 8. Bid Requirements.docx
2025-03-13 14:21:04,672 - INFO - Replacing '*ADD C&N*' with 'err'
2025-03-13 14:21:04,672 - INFO - Replacing '*ADD P&R*' with '444444'
2025-03-13 14:21:04,672 - INFO - Replacing '*ADD DD*' with '19th March 2025'
2025-03-13 14:21:04,704 - INFO - Successfully saved processed document: 8. Bid Requirements.docx
2025-03-13 14:21:05,867 - INFO - Converted 8. Bid Requirements.docx to PDF
2025-03-13 14:21:06,997 - INFO - Created PDF: C:\Users\AbrahamCEO\Desktop\444444\8. Bid Requirements.pdf
2025-03-13 14:21:06,998 - INFO - Removed intermediate Word file: C:\Users\AbrahamCEO\Desktop\444444\8. Bid Requirements.docx
2025-03-13 14:21:07,010 - INFO - Successfully opened document: 9. All Declaration.docx
2025-03-13 14:21:07,011 - INFO - Replacing '*ADD C&N*' with 'err'
2025-03-13 14:21:07,012 - INFO - Replacing '*ADD P&R*' with '444444'
2025-03-13 14:21:07,013 - INFO - Replacing '*ADD DD*' with '19th March 2025'
2025-03-13 14:21:07,048 - INFO - Successfully saved processed document: 9. All Declaration.docx
2025-03-13 14:21:08,273 - INFO - Converted 9. All Declaration.docx to PDF
2025-03-13 14:21:09,453 - INFO - Created PDF: C:\Users\AbrahamCEO\Desktop\444444\9. All Declaration.pdf
2025-03-13 14:21:09,455 - INFO - Removed intermediate Word file: C:\Users\AbrahamCEO\Desktop\444444\9. All Declaration.docx
2025-03-13 14:21:09,455 - INFO - Processing 2 extras documents...
2025-03-13 14:21:09,465 - INFO - Successfully opened document: 10. Twinrain Table of Contents Section Covers.docx
2025-03-13 14:21:09,465 - INFO - Found keywords in header
2025-03-13 14:21:09,465 - INFO - Replacing '*ADD P&R*' with '444444'
2025-03-13 14:21:09,465 - INFO - Found keywords in footer
2025-03-13 14:21:09,465 - INFO - Replacing '*ADD C&N*' with 'err'
2025-03-13 14:21:09,469 - INFO - Replacing '*ADD C&N*' with 'err'
2025-03-13 14:21:09,469 - INFO - Replacing '*ADD P&R*' with '444444'
2025-03-13 14:21:09,469 - INFO - Replacing '*ADD S&D*' with 'erer'
2025-03-13 14:21:09,469 - INFO - Replacing '*ADD L*' with 'rer'
2025-03-13 14:21:09,499 - INFO - Successfully saved processed document: 10. Twinrain Table of Contents Section Covers.docx
2025-03-13 14:21:09,514 - INFO - Successfully opened document: 11. Cover Page.docx
2025-03-13 14:21:09,516 - INFO - Replacing '*ADD P&R*' with '444444'
2025-03-13 14:21:09,518 - INFO - Replacing '*ADD S&D*' with 'erer'
2025-03-13 14:21:09,518 - INFO - Replacing '*ADD C&N*' with 'err'
2025-03-13 14:21:09,518 - INFO - Replacing '*ADD L*' with 'rer'
2025-03-13 14:21:09,518 - INFO - Replacing '*ADD DD*' with '19th March 2025'
2025-03-13 14:21:09,518 - INFO - Replacing '*C&T*' with '13:00'
2025-03-13 14:21:09,564 - INFO - Successfully saved processed document: 11. Cover Page.docx
2025-03-13 14:21:09,564 - INFO - Merging 9 PDFs...
2025-03-13 14:21:10,077 - INFO - Merged 9 PDFs into C:\Users\AbrahamCEO\Desktop\444444\Shitongeni_merged.pdf
2025-03-13 14:21:10,299 - ERROR - Error compressing PDF: Pdf.save() got an unexpected keyword argument 'optimize'
2025-03-13 14:25:31,604 - INFO - Formatted date: 13th March 2025
2025-03-13 14:25:31,604 - INFO - Processing 9 main documents...
2025-03-13 14:25:31,636 - INFO - Successfully opened document: 1. Power Of Attorney.docx
2025-03-13 14:25:31,636 - INFO - Replacing '*ADD P&R*' with 'sfgewf'
2025-03-13 14:25:31,636 - INFO - Replacing '*ADD P&R*' with 'sfgewf'
2025-03-13 14:25:31,636 - INFO - Replacing '*ADD C&N*' with 'erwer'
2025-03-13 14:25:31,636 - INFO - Replacing '*ADD S&D*' with 'werewr'
2025-03-13 14:25:31,636 - INFO - Replacing '*ADD DD*' with '13th March 2025'
2025-03-13 14:25:31,683 - INFO - Successfully saved processed document: 1. Power Of Attorney.docx
2025-03-13 14:25:33,413 - INFO - Converted 1. Power Of Attorney.docx to PDF
2025-03-13 14:25:34,619 - INFO - Created PDF: C:\Users\AbrahamCEO\Desktop\sfgewf\1. Power Of Attorney.pdf
2025-03-13 14:25:34,635 - INFO - Removed intermediate Word file: C:\Users\AbrahamCEO\Desktop\sfgewf\1. Power Of Attorney.docx
2025-03-13 14:25:34,651 - INFO - Successfully opened document: 2. Cover Letter.docx
2025-03-13 14:25:34,651 - INFO - Replacing '*ADD DD*' with '13th March 2025'
2025-03-13 14:25:34,651 - INFO - Replacing '*ADD C&N*' with 'erwer'
2025-03-13 14:25:34,651 - INFO - Replacing '*ADD P&B*' with 'rgse'
2025-03-13 14:25:34,651 - INFO - Replacing '*ADD T*' with 'grewrg'
2025-03-13 14:25:34,651 - INFO - Replacing '*ADD P&R*' with 'sfgewf'
2025-03-13 14:25:34,651 - INFO - Replacing '*ADD S&D*' with 'werewr'
2025-03-13 14:25:34,651 - INFO - Replacing '*ADD C&N*' with 'erwer'
2025-03-13 14:25:34,651 - INFO - Replacing '*ADD V&P*' with 'gwergwreg'
2025-03-13 14:25:34,651 - INFO - Replacing '*ADD DD*' with '13th March 2025'
2025-03-13 14:25:34,715 - INFO - Successfully saved processed document: 2. Cover Letter.docx
2025-03-13 14:25:37,432 - INFO - Converted 2. Cover Letter.docx to PDF
2025-03-13 14:25:38,804 - INFO - Created PDF: C:\Users\AbrahamCEO\Desktop\sfgewf\2. Cover Letter.pdf
2025-03-13 14:25:38,804 - INFO - Removed intermediate Word file: C:\Users\AbrahamCEO\Desktop\sfgewf\2. Cover Letter.docx
2025-03-13 14:25:38,820 - INFO - Successfully opened document: 3. Undertaking - Labour.docx
2025-03-13 14:25:38,820 - INFO - Replacing '*ADD C&N*' with 'erwer'
2025-03-13 14:25:38,820 - INFO - Replacing '*ADD P&R*' with 'sfgewf'
2025-03-13 14:25:38,820 - INFO - Replacing '*ADD DD*' with '13th March 2025'
2025-03-13 14:25:38,868 - INFO - Successfully saved processed document: 3. Undertaking - Labour.docx
2025-03-13 14:25:40,067 - INFO - Converted 3. Undertaking - Labour.docx to PDF
2025-03-13 14:25:41,328 - INFO - Created PDF: C:\Users\AbrahamCEO\Desktop\sfgewf\3. Undertaking - Labour.pdf
2025-03-13 14:25:41,328 - INFO - Removed intermediate Word file: C:\Users\AbrahamCEO\Desktop\sfgewf\3. Undertaking - Labour.docx
2025-03-13 14:25:41,354 - INFO - Successfully opened document: 4. Undertaking - Salaries.docx
2025-03-13 14:25:41,354 - INFO - Replacing '*ADD C&N*' with 'erwer'
2025-03-13 14:25:41,354 - INFO - Replacing '*ADD P&R*' with 'sfgewf'
2025-03-13 14:25:41,360 - INFO - Replacing '*ADD DD*' with '13th March 2025'
2025-03-13 14:25:41,392 - INFO - Successfully saved processed document: 4. Undertaking - Salaries.docx
2025-03-13 14:25:42,639 - INFO - Converted 4. Undertaking - Salaries.docx to PDF
2025-03-13 14:25:43,939 - INFO - Created PDF: C:\Users\AbrahamCEO\Desktop\sfgewf\4. Undertaking - Salaries.pdf
2025-03-13 14:25:43,939 - INFO - Removed intermediate Word file: C:\Users\AbrahamCEO\Desktop\sfgewf\4. Undertaking - Salaries.docx
2025-03-13 14:25:43,959 - INFO - Successfully opened document: 5. Local Content.docx
2025-03-13 14:25:43,959 - INFO - Replacing '*ADD C&N*' with 'erwer'
2025-03-13 14:25:43,959 - INFO - Replacing '*ADD P&R*' with 'sfgewf'
2025-03-13 14:25:43,959 - INFO - Replacing '*ADD DD*' with '13th March 2025'
2025-03-13 14:25:44,016 - INFO - Successfully saved processed document: 5. Local Content.docx
2025-03-13 14:25:45,243 - INFO - Converted 5. Local Content.docx to PDF
2025-03-13 14:25:46,689 - INFO - Created PDF: C:\Users\AbrahamCEO\Desktop\sfgewf\5. Local Content.pdf
2025-03-13 14:25:46,689 - INFO - Removed intermediate Word file: C:\Users\AbrahamCEO\Desktop\sfgewf\5. Local Content.docx
2025-03-13 14:25:46,709 - INFO - Successfully opened document: 6. Employment.docx
2025-03-13 14:25:46,711 - INFO - Replacing '*ADD C&N*' with 'erwer'
2025-03-13 14:25:46,711 - INFO - Replacing '*ADD P&R*' with 'sfgewf'
2025-03-13 14:25:46,713 - INFO - Replacing '*ADD DD*' with '13th March 2025'
2025-03-13 14:25:46,753 - INFO - Successfully saved processed document: 6. Employment.docx
2025-03-13 14:25:47,974 - INFO - Converted 6. Employment.docx to PDF
2025-03-13 14:25:49,944 - INFO - Created PDF: C:\Users\AbrahamCEO\Desktop\sfgewf\6. Employment.pdf
2025-03-13 14:25:49,944 - INFO - Removed intermediate Word file: C:\Users\AbrahamCEO\Desktop\sfgewf\6. Employment.docx
2025-03-13 14:25:49,944 - INFO - Successfully opened document: 7. Conflict Of Interest.docx
2025-03-13 14:25:49,944 - INFO - Replacing '*ADD C&N*' with 'erwer'
2025-03-13 14:25:49,944 - INFO - Replacing '*ADD P&R*' with 'sfgewf'
2025-03-13 14:25:49,960 - INFO - Replacing '*ADD DD*' with '13th March 2025'
2025-03-13 14:25:49,992 - INFO - Successfully saved processed document: 7. Conflict Of Interest.docx
2025-03-13 14:25:51,160 - INFO - Converted 7. Conflict Of Interest.docx to PDF
2025-03-13 14:25:52,702 - INFO - Created PDF: C:\Users\AbrahamCEO\Desktop\sfgewf\7. Conflict Of Interest.pdf
2025-03-13 14:25:52,702 - INFO - Removed intermediate Word file: C:\Users\AbrahamCEO\Desktop\sfgewf\7. Conflict Of Interest.docx
2025-03-13 14:25:52,718 - INFO - Successfully opened document: 8. Bid Requirements.docx
2025-03-13 14:25:52,718 - INFO - Replacing '*ADD C&N*' with 'erwer'
2025-03-13 14:25:52,720 - INFO - Replacing '*ADD P&R*' with 'sfgewf'
2025-03-13 14:25:52,720 - INFO - Replacing '*ADD DD*' with '13th March 2025'
2025-03-13 14:25:52,750 - INFO - Successfully saved processed document: 8. Bid Requirements.docx
2025-03-13 14:25:53,905 - INFO - Converted 8. Bid Requirements.docx to PDF
2025-03-13 14:25:55,237 - INFO - Created PDF: C:\Users\AbrahamCEO\Desktop\sfgewf\8. Bid Requirements.pdf
2025-03-13 14:25:55,237 - INFO - Removed intermediate Word file: C:\Users\AbrahamCEO\Desktop\sfgewf\8. Bid Requirements.docx
2025-03-13 14:25:55,250 - INFO - Successfully opened document: 9. All Declaration.docx
2025-03-13 14:25:55,250 - INFO - Replacing '*ADD C&N*' with 'erwer'
2025-03-13 14:25:55,250 - INFO - Replacing '*ADD P&R*' with 'sfgewf'
2025-03-13 14:25:55,250 - INFO - Replacing '*ADD DD*' with '13th March 2025'
2025-03-13 14:25:55,298 - INFO - Successfully saved processed document: 9. All Declaration.docx
2025-03-13 14:25:56,519 - INFO - Converted 9. All Declaration.docx to PDF
2025-03-13 14:25:57,790 - INFO - Created PDF: C:\Users\AbrahamCEO\Desktop\sfgewf\9. All Declaration.pdf
2025-03-13 14:25:57,790 - INFO - Removed intermediate Word file: C:\Users\AbrahamCEO\Desktop\sfgewf\9. All Declaration.docx
2025-03-13 14:25:57,790 - INFO - Processing 2 extras documents...
2025-03-13 14:25:57,790 - INFO - Successfully opened document: 10. Twinrain Table of Contents Section Covers.docx
2025-03-13 14:25:57,790 - INFO - Found keywords in header
2025-03-13 14:25:57,790 - INFO - Replacing '*ADD P&R*' with 'sfgewf'
2025-03-13 14:25:57,790 - INFO - Found keywords in footer
2025-03-13 14:25:57,790 - INFO - Replacing '*ADD C&N*' with 'erwer'
2025-03-13 14:25:57,806 - INFO - Replacing '*ADD C&N*' with 'erwer'
2025-03-13 14:25:57,806 - INFO - Replacing '*ADD P&R*' with 'sfgewf'
2025-03-13 14:25:57,806 - INFO - Replacing '*ADD S&D*' with 'werewr'
2025-03-13 14:25:57,806 - INFO - Replacing '*ADD L*' with 'grwerg'
2025-03-13 14:25:57,822 - INFO - Successfully saved processed document: 10. Twinrain Table of Contents Section Covers.docx
2025-03-13 14:25:57,838 - INFO - Successfully opened document: 11. Cover Page.docx
2025-03-13 14:25:57,854 - INFO - Replacing '*ADD P&R*' with 'sfgewf'
2025-03-13 14:25:57,854 - INFO - Replacing '*ADD S&D*' with 'werewr'
2025-03-13 14:25:57,854 - INFO - Replacing '*ADD C&N*' with 'erwer'
2025-03-13 14:25:57,854 - INFO - Replacing '*ADD L*' with 'grwerg'
2025-03-13 14:25:57,854 - INFO - Replacing '*ADD DD*' with '13th March 2025'
2025-03-13 14:25:57,854 - INFO - Replacing '*C&T*' with '13:00'
2025-03-13 14:25:57,901 - INFO - Successfully saved processed document: 11. Cover Page.docx
2025-03-13 14:25:57,901 - INFO - Merging 9 PDFs...
2025-03-13 14:25:58,440 - INFO - Merged 9 PDFs into C:\Users\AbrahamCEO\Desktop\sfgewf\Shitongeni_merged.pdf
2025-03-13 14:25:58,662 - ERROR - Error compressing PDF: Pdf.save() got an unexpected keyword argument 'optimize'
2025-03-13 14:28:55,584 - INFO - Formatted date: 13th March 2025
2025-03-13 14:28:55,587 - INFO - Processing 9 main documents...
2025-03-13 14:28:55,615 - INFO - Successfully opened document: 1. Power Of Attorney.docx
2025-03-13 14:28:55,615 - INFO - Replacing '*ADD P&R*' with 'ggggg'
2025-03-13 14:28:55,615 - INFO - Replacing '*ADD P&R*' with 'ggggg'
2025-03-13 14:28:55,615 - INFO - Replacing '*ADD C&N*' with '4wetw'
2025-03-13 14:28:55,615 - INFO - Replacing '*ADD S&D*' with 'wrewe'
2025-03-13 14:28:55,615 - INFO - Replacing '*ADD DD*' with '13th March 2025'
2025-03-13 14:28:55,679 - INFO - Successfully saved processed document: 1. Power Of Attorney.docx
2025-03-13 14:28:58,845 - INFO - Converted 1. Power Of Attorney.docx to PDF
2025-03-13 14:29:00,135 - INFO - Created PDF: C:\Users\AbrahamCEO\Desktop\ggggg\1. Power Of Attorney.pdf
2025-03-13 14:29:00,135 - INFO - Removed intermediate Word file: C:\Users\AbrahamCEO\Desktop\ggggg\1. Power Of Attorney.docx
2025-03-13 14:29:00,151 - INFO - Successfully opened document: 2. Cover Letter.docx
2025-03-13 14:29:00,151 - INFO - Replacing '*ADD DD*' with '13th March 2025'
2025-03-13 14:29:00,151 - INFO - Replacing '*ADD C&N*' with '4wetw'
2025-03-13 14:29:00,151 - INFO - Replacing '*ADD P&B*' with 'ggggg'
2025-03-13 14:29:00,151 - INFO - Replacing '*ADD T*' with 'gggg'
2025-03-13 14:29:00,151 - INFO - Replacing '*ADD P&R*' with 'ggggg'
2025-03-13 14:29:00,151 - INFO - Replacing '*ADD S&D*' with 'wrewe'
2025-03-13 14:29:00,151 - INFO - Replacing '*ADD C&N*' with '4wetw'
2025-03-13 14:29:00,151 - INFO - Replacing '*ADD V&P*' with 'gggggg'
2025-03-13 14:29:00,151 - INFO - Replacing '*ADD DD*' with '13th March 2025'
2025-03-13 14:29:00,199 - INFO - Successfully saved processed document: 2. Cover Letter.docx
2025-03-13 14:29:01,691 - INFO - Converted 2. Cover Letter.docx to PDF
2025-03-13 14:29:02,944 - INFO - Created PDF: C:\Users\AbrahamCEO\Desktop\ggggg\2. Cover Letter.pdf
2025-03-13 14:29:02,946 - INFO - Removed intermediate Word file: C:\Users\AbrahamCEO\Desktop\ggggg\2. Cover Letter.docx
2025-03-13 14:29:02,964 - INFO - Successfully opened document: 3. Undertaking - Labour.docx
2025-03-13 14:29:02,964 - INFO - Replacing '*ADD C&N*' with '4wetw'
2025-03-13 14:29:02,964 - INFO - Replacing '*ADD P&R*' with 'ggggg'
2025-03-13 14:29:02,964 - INFO - Replacing '*ADD DD*' with '13th March 2025'
2025-03-13 14:29:03,009 - INFO - Successfully saved processed document: 3. Undertaking - Labour.docx
2025-03-13 14:29:04,306 - INFO - Converted 3. Undertaking - Labour.docx to PDF
2025-03-13 14:29:05,431 - INFO - Created PDF: C:\Users\AbrahamCEO\Desktop\ggggg\3. Undertaking - Labour.pdf
2025-03-13 14:29:05,431 - INFO - Removed intermediate Word file: C:\Users\AbrahamCEO\Desktop\ggggg\3. Undertaking - Labour.docx
2025-03-13 14:29:05,447 - INFO - Successfully opened document: 4. Undertaking - Salaries.docx
2025-03-13 14:29:05,447 - INFO - Replacing '*ADD C&N*' with '4wetw'
2025-03-13 14:29:05,447 - INFO - Replacing '*ADD P&R*' with 'ggggg'
2025-03-13 14:29:05,447 - INFO - Replacing '*ADD DD*' with '13th March 2025'
2025-03-13 14:29:05,494 - INFO - Successfully saved processed document: 4. Undertaking - Salaries.docx
2025-03-13 14:29:06,711 - INFO - Converted 4. Undertaking - Salaries.docx to PDF
2025-03-13 14:29:08,278 - INFO - Created PDF: C:\Users\AbrahamCEO\Desktop\ggggg\4. Undertaking - Salaries.pdf
2025-03-13 14:29:08,278 - INFO - Removed intermediate Word file: C:\Users\AbrahamCEO\Desktop\ggggg\4. Undertaking - Salaries.docx
2025-03-13 14:29:08,309 - INFO - Successfully opened document: 5. Local Content.docx
2025-03-13 14:29:08,309 - INFO - Replacing '*ADD C&N*' with '4wetw'
2025-03-13 14:29:08,309 - INFO - Replacing '*ADD P&R*' with 'ggggg'
2025-03-13 14:29:08,309 - INFO - Replacing '*ADD DD*' with '13th March 2025'
2025-03-13 14:29:08,357 - INFO - Successfully saved processed document: 5. Local Content.docx
2025-03-13 14:29:09,595 - INFO - Converted 5. Local Content.docx to PDF
2025-03-13 14:29:10,676 - INFO - Created PDF: C:\Users\AbrahamCEO\Desktop\ggggg\5. Local Content.pdf
2025-03-13 14:29:10,676 - INFO - Removed intermediate Word file: C:\Users\AbrahamCEO\Desktop\ggggg\5. Local Content.docx
2025-03-13 14:29:10,707 - INFO - Successfully opened document: 6. Employment.docx
2025-03-13 14:29:10,723 - INFO - Replacing '*ADD C&N*' with '4wetw'
2025-03-13 14:29:10,723 - INFO - Replacing '*ADD P&R*' with 'ggggg'
2025-03-13 14:29:10,723 - INFO - Replacing '*ADD DD*' with '13th March 2025'
2025-03-13 14:29:10,765 - INFO - Successfully saved processed document: 6. Employment.docx
2025-03-13 14:29:11,918 - INFO - Converted 6. Employment.docx to PDF
2025-03-13 14:29:13,188 - INFO - Created PDF: C:\Users\AbrahamCEO\Desktop\ggggg\6. Employment.pdf
2025-03-13 14:29:13,188 - INFO - Removed intermediate Word file: C:\Users\AbrahamCEO\Desktop\ggggg\6. Employment.docx
2025-03-13 14:29:13,220 - INFO - Successfully opened document: 7. Conflict Of Interest.docx
2025-03-13 14:29:13,236 - INFO - Replacing '*ADD C&N*' with '4wetw'
2025-03-13 14:29:13,236 - INFO - Replacing '*ADD P&R*' with 'ggggg'
2025-03-13 14:29:13,236 - INFO - Replacing '*ADD DD*' with '13th March 2025'
2025-03-13 14:29:13,268 - INFO - Successfully saved processed document: 7. Conflict Of Interest.docx
2025-03-13 14:29:14,516 - INFO - Converted 7. Conflict Of Interest.docx to PDF
2025-03-13 14:29:15,897 - INFO - Created PDF: C:\Users\AbrahamCEO\Desktop\ggggg\7. Conflict Of Interest.pdf
2025-03-13 14:29:15,899 - INFO - Removed intermediate Word file: C:\Users\AbrahamCEO\Desktop\ggggg\7. Conflict Of Interest.docx
2025-03-13 14:29:15,940 - INFO - Successfully opened document: 8. Bid Requirements.docx
2025-03-13 14:29:15,940 - INFO - Replacing '*ADD C&N*' with '4wetw'
2025-03-13 14:29:15,942 - INFO - Replacing '*ADD P&R*' with 'ggggg'
2025-03-13 14:29:15,942 - INFO - Replacing '*ADD DD*' with '13th March 2025'
2025-03-13 14:29:15,972 - INFO - Successfully saved processed document: 8. Bid Requirements.docx
2025-03-13 14:29:17,176 - INFO - Converted 8. Bid Requirements.docx to PDF
2025-03-13 14:29:18,745 - INFO - Created PDF: C:\Users\AbrahamCEO\Desktop\ggggg\8. Bid Requirements.pdf
2025-03-13 14:29:18,745 - INFO - Removed intermediate Word file: C:\Users\AbrahamCEO\Desktop\ggggg\8. Bid Requirements.docx
2025-03-13 14:29:18,767 - INFO - Successfully opened document: 9. All Declaration.docx
2025-03-13 14:29:18,777 - INFO - Replacing '*ADD C&N*' with '4wetw'
2025-03-13 14:29:18,777 - INFO - Replacing '*ADD P&R*' with 'ggggg'
2025-03-13 14:29:18,777 - INFO - Replacing '*ADD DD*' with '13th March 2025'
2025-03-13 14:29:18,820 - INFO - Successfully saved processed document: 9. All Declaration.docx
2025-03-13 14:29:20,032 - INFO - Converted 9. All Declaration.docx to PDF
2025-03-13 14:29:21,241 - INFO - Created PDF: C:\Users\AbrahamCEO\Desktop\ggggg\9. All Declaration.pdf
2025-03-13 14:29:21,241 - INFO - Removed intermediate Word file: C:\Users\AbrahamCEO\Desktop\ggggg\9. All Declaration.docx
2025-03-13 14:29:21,241 - INFO - Processing 2 extras documents...
2025-03-13 14:29:21,253 - INFO - Successfully opened document: 10. Twinrain Table of Contents Section Covers.docx
2025-03-13 14:29:21,257 - INFO - Found keywords in header
2025-03-13 14:29:21,257 - INFO - Replacing '*ADD P&R*' with 'ggggg'
2025-03-13 14:29:21,257 - INFO - Found keywords in footer
2025-03-13 14:29:21,257 - INFO - Replacing '*ADD C&N*' with '4wetw'
2025-03-13 14:29:21,257 - INFO - Replacing '*ADD C&N*' with '4wetw'
2025-03-13 14:29:21,257 - INFO - Replacing '*ADD P&R*' with 'ggggg'
2025-03-13 14:29:21,257 - INFO - Replacing '*ADD S&D*' with 'wrewe'
2025-03-13 14:29:21,257 - INFO - Replacing '*ADD L*' with 'ggggg'
2025-03-13 14:29:21,290 - INFO - Successfully saved processed document: 10. Twinrain Table of Contents Section Covers.docx
2025-03-13 14:29:21,306 - INFO - Successfully opened document: 11. Cover Page.docx
2025-03-13 14:29:21,308 - INFO - Replacing '*ADD P&R*' with 'ggggg'
2025-03-13 14:29:21,308 - INFO - Replacing '*ADD S&D*' with 'wrewe'
2025-03-13 14:29:21,310 - INFO - Replacing '*ADD C&N*' with '4wetw'
2025-03-13 14:29:21,310 - INFO - Replacing '*ADD L*' with 'ggggg'
2025-03-13 14:29:21,310 - INFO - Replacing '*ADD DD*' with '13th March 2025'
2025-03-13 14:29:21,310 - INFO - Replacing '*C&T*' with '13:00'
2025-03-13 14:29:21,356 - INFO - Successfully saved processed document: 11. Cover Page.docx
2025-03-13 14:29:21,356 - INFO - Merging 9 PDFs...
2025-03-13 14:29:21,859 - INFO - Merged 9 PDFs into C:\Users\AbrahamCEO\Desktop\ggggg\Shitongeni_merged.pdf
2025-03-13 14:29:22,081 - ERROR - Error compressing PDF: Pdf.save() got an unexpected keyword argument 'optimize'
2025-03-13 14:31:50,403 - INFO - Formatted date: 13th March 2025
2025-03-13 14:31:50,419 - INFO - Processing 9 main documents...
2025-03-13 14:31:50,435 - INFO - Successfully opened document: 1. Power Of Attorney.docx
2025-03-13 14:31:50,439 - ERROR - Error applying font properties: can't set attribute 'color'
2025-03-13 14:31:50,441 - ERROR - Error applying font properties: can't set attribute 'color'
2025-03-13 14:31:50,441 - ERROR - Error applying font properties: can't set attribute 'color'
2025-03-13 14:31:50,441 - ERROR - Error applying font properties: can't set attribute 'color'
2025-03-13 14:31:50,443 - ERROR - Error applying font properties: can't set attribute 'color'
2025-03-13 14:31:50,445 - ERROR - Error applying font properties: can't set attribute 'color'
2025-03-13 14:31:50,445 - ERROR - Error applying font properties: can't set attribute 'color'
2025-03-13 14:31:50,445 - ERROR - Error applying font properties: can't set attribute 'color'
2025-03-13 14:31:50,445 - ERROR - Error applying font properties: can't set attribute 'color'
2025-03-13 14:31:50,445 - ERROR - Error applying font properties: can't set attribute 'color'
2025-03-13 14:31:50,445 - ERROR - Error applying font properties: can't set attribute 'color'
2025-03-13 14:31:50,495 - INFO - Successfully saved processed document: 1. Power Of Attorney.docx
2025-03-13 14:31:52,305 - INFO - Converted 1. Power Of Attorney.docx to PDF
2025-03-13 14:31:53,328 - INFO - Created PDF: C:\Users\AbrahamCEO\Desktop\Jam\1. Power Of Attorney.pdf
2025-03-13 14:31:53,328 - INFO - Removed intermediate Word file: C:\Users\AbrahamCEO\Desktop\Jam\1. Power Of Attorney.docx
2025-03-13 14:31:53,344 - INFO - Successfully opened document: 2. Cover Letter.docx
2025-03-13 14:31:53,360 - ERROR - Error applying font properties: can't set attribute 'color'
2025-03-13 14:31:53,360 - ERROR - Error applying font properties: can't set attribute 'color'
2025-03-13 14:31:53,360 - ERROR - Error applying font properties: can't set attribute 'color'
2025-03-13 14:31:53,360 - ERROR - Error applying font properties: can't set attribute 'color'
2025-03-13 14:31:53,360 - ERROR - Error applying font properties: can't set attribute 'color'
2025-03-13 14:31:53,360 - ERROR - Error applying font properties: can't set attribute 'color'
2025-03-13 14:31:53,360 - ERROR - Error applying font properties: can't set attribute 'color'
2025-03-13 14:31:53,360 - ERROR - Error applying font properties: can't set attribute 'color'
2025-03-13 14:31:53,360 - ERROR - Error applying font properties: can't set attribute 'color'
2025-03-13 14:31:53,360 - ERROR - Error applying font properties: can't set attribute 'color'
2025-03-13 14:31:53,360 - ERROR - Error applying font properties: can't set attribute 'color'
2025-03-13 14:31:53,360 - ERROR - Error applying font properties: can't set attribute 'color'
2025-03-13 14:31:53,360 - ERROR - Error applying font properties: can't set attribute 'color'
2025-03-13 14:31:53,360 - ERROR - Error applying font properties: can't set attribute 'color'
2025-03-13 14:31:53,360 - ERROR - Error applying font properties: can't set attribute 'color'
2025-03-13 14:31:53,360 - ERROR - Error applying font properties: can't set attribute 'color'
2025-03-13 14:31:53,360 - ERROR - Error applying font properties: can't set attribute 'color'
2025-03-13 14:31:53,360 - ERROR - Error applying font properties: can't set attribute 'color'
2025-03-13 14:31:53,360 - ERROR - Error applying font properties: can't set attribute 'color'
2025-03-13 14:31:53,408 - INFO - Successfully saved processed document: 2. Cover Letter.docx
2025-03-13 14:31:54,738 - INFO - Converted 2. Cover Letter.docx to PDF
2025-03-13 14:31:55,661 - INFO - Created PDF: C:\Users\AbrahamCEO\Desktop\Jam\2. Cover Letter.pdf
2025-03-13 14:31:55,661 - INFO - Removed intermediate Word file: C:\Users\AbrahamCEO\Desktop\Jam\2. Cover Letter.docx
2025-03-13 14:31:55,667 - INFO - Successfully opened document: 3. Undertaking - Labour.docx
2025-03-13 14:31:55,677 - ERROR - Error applying font properties: can't set attribute 'color'
2025-03-13 14:31:55,677 - ERROR - Error applying font properties: can't set attribute 'color'
2025-03-13 14:31:55,677 - ERROR - Error applying font properties: can't set attribute 'color'
2025-03-13 14:31:55,677 - ERROR - Error applying font properties: can't set attribute 'color'
2025-03-13 14:31:55,677 - ERROR - Error applying font properties: can't set attribute 'color'
2025-03-13 14:31:55,677 - ERROR - Error applying font properties: can't set attribute 'color'
2025-03-13 14:31:55,709 - INFO - Successfully saved processed document: 3. Undertaking - Labour.docx
2025-03-13 14:31:56,945 - INFO - Converted 3. Undertaking - Labour.docx to PDF
2025-03-13 14:31:58,468 - INFO - Created PDF: C:\Users\AbrahamCEO\Desktop\Jam\3. Undertaking - Labour.pdf
2025-03-13 14:31:58,469 - INFO - Removed intermediate Word file: C:\Users\AbrahamCEO\Desktop\Jam\3. Undertaking - Labour.docx
2025-03-13 14:31:58,479 - INFO - Successfully opened document: 4. Undertaking - Salaries.docx
2025-03-13 14:31:58,479 - ERROR - Error applying font properties: can't set attribute 'color'
2025-03-13 14:31:58,479 - ERROR - Error applying font properties: can't set attribute 'color'
2025-03-13 14:31:58,479 - ERROR - Error applying font properties: can't set attribute 'color'
2025-03-13 14:31:58,484 - ERROR - Error applying font properties: can't set attribute 'color'
2025-03-13 14:31:58,484 - ERROR - Error applying font properties: can't set attribute 'color'
2025-03-13 14:31:58,484 - ERROR - Error applying font properties: can't set attribute 'color'
2025-03-13 14:31:58,526 - INFO - Successfully saved processed document: 4. Undertaking - Salaries.docx
2025-03-13 14:31:59,738 - INFO - Converted 4. Undertaking - Salaries.docx to PDF
2025-03-13 14:32:01,292 - INFO - Created PDF: C:\Users\AbrahamCEO\Desktop\Jam\4. Undertaking - Salaries.pdf
2025-03-13 14:32:01,292 - INFO - Removed intermediate Word file: C:\Users\AbrahamCEO\Desktop\Jam\4. Undertaking - Salaries.docx
2025-03-13 14:32:01,306 - INFO - Successfully opened document: 5. Local Content.docx
2025-03-13 14:32:01,308 - ERROR - Error applying font properties: can't set attribute 'color'
2025-03-13 14:32:01,310 - ERROR - Error applying font properties: can't set attribute 'color'
2025-03-13 14:32:01,310 - ERROR - Error applying font properties: can't set attribute 'color'
2025-03-13 14:32:01,310 - ERROR - Error applying font properties: can't set attribute 'color'
2025-03-13 14:32:01,310 - ERROR - Error applying font properties: can't set attribute 'color'
2025-03-13 14:32:01,310 - ERROR - Error applying font properties: can't set attribute 'color'
2025-03-13 14:32:01,340 - INFO - Successfully saved processed document: 5. Local Content.docx
2025-03-13 14:32:02,591 - INFO - Converted 5. Local Content.docx to PDF
2025-03-13 14:32:04,030 - INFO - Created PDF: C:\Users\AbrahamCEO\Desktop\Jam\5. Local Content.pdf
2025-03-13 14:32:04,030 - INFO - Removed intermediate Word file: C:\Users\AbrahamCEO\Desktop\Jam\5. Local Content.docx
2025-03-13 14:32:04,061 - INFO - Successfully opened document: 6. Employment.docx
2025-03-13 14:32:04,061 - ERROR - Error applying font properties: can't set attribute 'color'
2025-03-13 14:32:04,061 - ERROR - Error applying font properties: can't set attribute 'color'
2025-03-13 14:32:04,061 - ERROR - Error applying font properties: can't set attribute 'color'
2025-03-13 14:32:04,061 - ERROR - Error applying font properties: can't set attribute 'color'
2025-03-13 14:32:04,061 - ERROR - Error applying font properties: can't set attribute 'color'
2025-03-13 14:32:04,061 - ERROR - Error applying font properties: can't set attribute 'color'
2025-03-13 14:32:04,093 - INFO - Successfully saved processed document: 6. Employment.docx
2025-03-13 14:32:05,283 - INFO - Converted 6. Employment.docx to PDF
2025-03-13 14:32:07,156 - INFO - Created PDF: C:\Users\AbrahamCEO\Desktop\Jam\6. Employment.pdf
2025-03-13 14:32:07,156 - INFO - Removed intermediate Word file: C:\Users\AbrahamCEO\Desktop\Jam\6. Employment.docx
2025-03-13 14:32:07,172 - INFO - Successfully opened document: 7. Conflict Of Interest.docx
2025-03-13 14:32:07,172 - ERROR - Error applying font properties: can't set attribute 'color'
2025-03-13 14:32:07,172 - ERROR - Error applying font properties: can't set attribute 'color'
2025-03-13 14:32:07,172 - ERROR - Error applying font properties: can't set attribute 'color'
2025-03-13 14:32:07,172 - ERROR - Error applying font properties: can't set attribute 'color'
2025-03-13 14:32:07,172 - ERROR - Error applying font properties: can't set attribute 'color'
2025-03-13 14:32:07,172 - ERROR - Error applying font properties: can't set attribute 'color'
2025-03-13 14:32:07,220 - INFO - Successfully saved processed document: 7. Conflict Of Interest.docx
2025-03-13 14:32:08,455 - INFO - Converted 7. Conflict Of Interest.docx to PDF
2025-03-13 14:32:10,387 - INFO - Created PDF: C:\Users\AbrahamCEO\Desktop\Jam\7. Conflict Of Interest.pdf
2025-03-13 14:32:10,389 - INFO - Removed intermediate Word file: C:\Users\AbrahamCEO\Desktop\Jam\7. Conflict Of Interest.docx
2025-03-13 14:32:10,412 - INFO - Successfully opened document: 8. Bid Requirements.docx
2025-03-13 14:32:10,414 - ERROR - Error applying font properties: can't set attribute 'color'
2025-03-13 14:32:10,416 - ERROR - Error applying font properties: can't set attribute 'color'
2025-03-13 14:32:10,416 - ERROR - Error applying font properties: can't set attribute 'color'
2025-03-13 14:32:10,416 - ERROR - Error applying font properties: can't set attribute 'color'
2025-03-13 14:32:10,416 - ERROR - Error applying font properties: can't set attribute 'color'
2025-03-13 14:32:10,416 - ERROR - Error applying font properties: can't set attribute 'color'
2025-03-13 14:32:10,457 - INFO - Successfully saved processed document: 8. Bid Requirements.docx
2025-03-13 14:32:11,611 - INFO - Converted 8. Bid Requirements.docx to PDF
2025-03-13 14:32:13,996 - INFO - Created PDF: C:\Users\AbrahamCEO\Desktop\Jam\8. Bid Requirements.pdf
2025-03-13 14:32:13,996 - INFO - Removed intermediate Word file: C:\Users\AbrahamCEO\Desktop\Jam\8. Bid Requirements.docx
2025-03-13 14:32:14,041 - INFO - Successfully opened document: 9. All Declaration.docx
2025-03-13 14:32:14,043 - ERROR - Error applying font properties: can't set attribute 'color'
2025-03-13 14:32:14,045 - ERROR - Error applying font properties: can't set attribute 'color'
2025-03-13 14:32:14,045 - ERROR - Error applying font properties: can't set attribute 'color'
2025-03-13 14:32:14,047 - ERROR - Error applying font properties: can't set attribute 'color'
2025-03-13 14:32:14,047 - ERROR - Error applying font properties: can't set attribute 'color'
2025-03-13 14:32:14,047 - ERROR - Error applying font properties: can't set attribute 'color'
2025-03-13 14:32:14,075 - INFO - Successfully saved processed document: 9. All Declaration.docx
2025-03-13 14:32:15,278 - INFO - Converted 9. All Declaration.docx to PDF
2025-03-13 14:32:16,492 - INFO - Created PDF: C:\Users\AbrahamCEO\Desktop\Jam\9. All Declaration.pdf
2025-03-13 14:32:16,492 - INFO - Removed intermediate Word file: C:\Users\AbrahamCEO\Desktop\Jam\9. All Declaration.docx
2025-03-13 14:32:16,492 - INFO - Processing 2 extras documents...
2025-03-13 14:32:16,500 - INFO - Successfully opened document: 10. Twinrain Table of Contents Section Covers.docx
2025-03-13 14:32:16,507 - INFO - Found keywords in header
2025-03-13 14:32:16,507 - ERROR - Error applying font properties: can't set attribute 'color'
2025-03-13 14:32:16,507 - ERROR - Error applying font properties: can't set attribute 'color'
2025-03-13 14:32:16,507 - INFO - Found keywords in footer
2025-03-13 14:32:16,507 - ERROR - Error applying font properties: can't set attribute 'color'
2025-03-13 14:32:16,507 - ERROR - Error applying font properties: can't set attribute 'color'
2025-03-13 14:32:16,507 - ERROR - Error applying font properties: can't set attribute 'color'
2025-03-13 14:32:16,507 - ERROR - Error applying font properties: can't set attribute 'color'
2025-03-13 14:32:16,507 - ERROR - Error applying font properties: can't set attribute 'color'
2025-03-13 14:32:16,507 - ERROR - Error applying font properties: can't set attribute 'color'
2025-03-13 14:32:16,507 - ERROR - Error applying font properties: can't set attribute 'color'
2025-03-13 14:32:16,507 - ERROR - Error applying font properties: can't set attribute 'color'
2025-03-13 14:32:16,507 - ERROR - Error applying font properties: can't set attribute 'color'
2025-03-13 14:32:16,539 - INFO - Successfully saved processed document: 10. Twinrain Table of Contents Section Covers.docx
2025-03-13 14:32:16,555 - INFO - Successfully opened document: 11. Cover Page.docx
2025-03-13 14:32:16,555 - ERROR - Error applying font properties: can't set attribute 'color'
2025-03-13 14:32:16,555 - ERROR - Error applying font properties: can't set attribute 'color'
2025-03-13 14:32:16,555 - ERROR - Error applying font properties: can't set attribute 'color'
2025-03-13 14:32:16,555 - ERROR - Error applying font properties: can't set attribute 'color'
2025-03-13 14:32:16,555 - ERROR - Error applying font properties: can't set attribute 'color'
2025-03-13 14:32:16,555 - ERROR - Error applying font properties: can't set attribute 'color'
2025-03-13 14:32:16,555 - ERROR - Error applying font properties: can't set attribute 'color'
2025-03-13 14:32:16,555 - ERROR - Error applying font properties: can't set attribute 'color'
2025-03-13 14:32:16,555 - ERROR - Error applying font properties: can't set attribute 'color'
2025-03-13 14:32:16,555 - ERROR - Error applying font properties: can't set attribute 'color'
2025-03-13 14:32:16,555 - ERROR - Error applying font properties: can't set attribute 'color'
2025-03-13 14:32:16,555 - ERROR - Error applying font properties: can't set attribute 'color'
2025-03-13 14:32:16,602 - INFO - Successfully saved processed document: 11. Cover Page.docx
2025-03-13 14:32:16,602 - INFO - Merging 9 PDFs...
2025-03-13 14:32:17,140 - INFO - Merged 9 PDFs into C:\Users\AbrahamCEO\Desktop\Jam\Wilson_merged.pdf
2025-03-13 14:32:17,379 - ERROR - Error compressing PDF: Pdf.save() got an unexpected keyword argument 'optimize'
2025-03-13 14:33:02,405 - INFO - Formatted date: 13th March 2025
2025-03-13 14:33:02,409 - INFO - Processing 9 main documents...
2025-03-13 14:33:02,469 - INFO - Successfully opened document: 1. Power Of Attorney.docx
2025-03-13 14:33:02,485 - ERROR - Error applying font properties: can't set attribute 'color'
2025-03-13 14:33:02,485 - ERROR - Error applying font properties: can't set attribute 'color'
2025-03-13 14:33:02,485 - ERROR - Error applying font properties: can't set attribute 'color'
2025-03-13 14:33:02,485 - ERROR - Error applying font properties: can't set attribute 'color'
2025-03-13 14:33:02,485 - ERROR - Error applying font properties: can't set attribute 'color'
2025-03-13 14:33:02,485 - ERROR - Error applying font properties: can't set attribute 'color'
2025-03-13 14:33:02,485 - ERROR - Error applying font properties: can't set attribute 'color'
2025-03-13 14:33:02,485 - ERROR - Error applying font properties: can't set attribute 'color'
2025-03-13 14:33:02,501 - ERROR - Error applying font properties: can't set attribute 'color'
2025-03-13 14:33:02,501 - ERROR - Error applying font properties: can't set attribute 'color'
2025-03-13 14:33:02,501 - ERROR - Error applying font properties: can't set attribute 'color'
2025-03-13 14:33:02,549 - INFO - Successfully saved processed document: 1. Power Of Attorney.docx
2025-03-13 14:33:03,817 - INFO - Converted 1. Power Of Attorney.docx to PDF
2025-03-13 14:33:05,013 - INFO - Created PDF: C:\Users\AbrahamCEO\Desktop\Jam\1. Power Of Attorney.pdf
2025-03-13 14:33:05,013 - INFO - Removed intermediate Word file: C:\Users\AbrahamCEO\Desktop\Jam\1. Power Of Attorney.docx
2025-03-13 14:33:05,029 - INFO - Successfully opened document: 2. Cover Letter.docx
2025-03-13 14:33:05,029 - ERROR - Error applying font properties: can't set attribute 'color'
2025-03-13 14:33:05,029 - ERROR - Error applying font properties: can't set attribute 'color'
2025-03-13 14:33:05,029 - ERROR - Error applying font properties: can't set attribute 'color'
2025-03-13 14:33:05,029 - ERROR - Error applying font properties: can't set attribute 'color'
2025-03-13 14:33:05,029 - ERROR - Error applying font properties: can't set attribute 'color'
2025-03-13 14:33:05,029 - ERROR - Error applying font properties: can't set attribute 'color'
2025-03-13 14:33:05,029 - ERROR - Error applying font properties: can't set attribute 'color'
2025-03-13 14:33:05,029 - ERROR - Error applying font properties: can't set attribute 'color'
2025-03-13 14:33:05,029 - ERROR - Error applying font properties: can't set attribute 'color'
2025-03-13 14:33:05,029 - ERROR - Error applying font properties: can't set attribute 'color'
2025-03-13 14:33:05,029 - ERROR - Error applying font properties: can't set attribute 'color'
2025-03-13 14:33:05,029 - ERROR - Error applying font properties: can't set attribute 'color'
2025-03-13 14:33:05,029 - ERROR - Error applying font properties: can't set attribute 'color'
2025-03-13 14:33:05,029 - ERROR - Error applying font properties: can't set attribute 'color'
2025-03-13 14:33:05,029 - ERROR - Error applying font properties: can't set attribute 'color'
2025-03-13 14:33:05,029 - ERROR - Error applying font properties: can't set attribute 'color'
2025-03-13 14:33:05,029 - ERROR - Error applying font properties: can't set attribute 'color'
2025-03-13 14:33:05,029 - ERROR - Error applying font properties: can't set attribute 'color'
2025-03-13 14:33:05,029 - ERROR - Error applying font properties: can't set attribute 'color'
2025-03-13 14:33:05,088 - INFO - Successfully saved processed document: 2. Cover Letter.docx
2025-03-13 14:33:06,377 - INFO - Converted 2. Cover Letter.docx to PDF
2025-03-13 14:33:07,429 - INFO - Created PDF: C:\Users\AbrahamCEO\Desktop\Jam\2. Cover Letter.pdf
2025-03-13 14:33:07,429 - INFO - Removed intermediate Word file: C:\Users\AbrahamCEO\Desktop\Jam\2. Cover Letter.docx
2025-03-13 14:33:07,445 - INFO - Successfully opened document: 3. Undertaking - Labour.docx
2025-03-13 14:33:07,445 - ERROR - Error applying font properties: can't set attribute 'color'
2025-03-13 14:33:07,461 - ERROR - Error applying font properties: can't set attribute 'color'
2025-03-13 14:33:07,461 - ERROR - Error applying font properties: can't set attribute 'color'
2025-03-13 14:33:07,461 - ERROR - Error applying font properties: can't set attribute 'color'
2025-03-13 14:33:07,461 - ERROR - Error applying font properties: can't set attribute 'color'
2025-03-13 14:33:07,461 - ERROR - Error applying font properties: can't set attribute 'color'
2025-03-13 14:33:07,502 - INFO - Successfully saved processed document: 3. Undertaking - Labour.docx
2025-03-13 14:33:08,791 - INFO - Converted 3. Undertaking - Labour.docx to PDF
2025-03-13 14:33:09,769 - INFO - Created PDF: C:\Users\AbrahamCEO\Desktop\Jam\3. Undertaking - Labour.pdf
2025-03-13 14:33:09,769 - INFO - Removed intermediate Word file: C:\Users\AbrahamCEO\Desktop\Jam\3. Undertaking - Labour.docx
2025-03-13 14:33:09,797 - INFO - Successfully opened document: 4. Undertaking - Salaries.docx
2025-03-13 14:33:09,797 - ERROR - Error applying font properties: can't set attribute 'color'
2025-03-13 14:33:09,797 - ERROR - Error applying font properties: can't set attribute 'color'
2025-03-13 14:33:09,797 - ERROR - Error applying font properties: can't set attribute 'color'
2025-03-13 14:33:09,797 - ERROR - Error applying font properties: can't set attribute 'color'
2025-03-13 14:33:09,797 - ERROR - Error applying font properties: can't set attribute 'color'
2025-03-13 14:33:09,797 - ERROR - Error applying font properties: can't set attribute 'color'
2025-03-13 14:33:09,845 - INFO - Successfully saved processed document: 4. Undertaking - Salaries.docx
2025-03-13 14:33:11,273 - INFO - Converted 4. Undertaking - Salaries.docx to PDF
2025-03-13 14:33:12,304 - INFO - Created PDF: C:\Users\AbrahamCEO\Desktop\Jam\4. Undertaking - Salaries.pdf
2025-03-13 14:33:12,320 - INFO - Removed intermediate Word file: C:\Users\AbrahamCEO\Desktop\Jam\4. Undertaking - Salaries.docx
2025-03-13 14:33:12,335 - INFO - Successfully opened document: 5. Local Content.docx
2025-03-13 14:33:12,337 - ERROR - Error applying font properties: can't set attribute 'color'
2025-03-13 14:33:12,337 - ERROR - Error applying font properties: can't set attribute 'color'
2025-03-13 14:33:12,339 - ERROR - Error applying font properties: can't set attribute 'color'
2025-03-13 14:33:12,341 - ERROR - Error applying font properties: can't set attribute 'color'
2025-03-13 14:33:12,341 - ERROR - Error applying font properties: can't set attribute 'color'
2025-03-13 14:33:12,341 - ERROR - Error applying font properties: can't set attribute 'color'
2025-03-13 14:33:12,367 - INFO - Successfully saved processed document: 5. Local Content.docx
2025-03-13 14:33:13,667 - INFO - Converted 5. Local Content.docx to PDF
2025-03-13 14:33:14,648 - INFO - Created PDF: C:\Users\AbrahamCEO\Desktop\Jam\5. Local Content.pdf
2025-03-13 14:33:14,652 - INFO - Removed intermediate Word file: C:\Users\AbrahamCEO\Desktop\Jam\5. Local Content.docx
2025-03-13 14:33:14,655 - INFO - Successfully opened document: 6. Employment.docx
2025-03-13 14:33:14,671 - ERROR - Error applying font properties: can't set attribute 'color'
2025-03-13 14:33:14,671 - ERROR - Error applying font properties: can't set attribute 'color'
2025-03-13 14:33:14,671 - ERROR - Error applying font properties: can't set attribute 'color'
2025-03-13 14:33:14,671 - ERROR - Error applying font properties: can't set attribute 'color'
2025-03-13 14:33:14,671 - ERROR - Error applying font properties: can't set attribute 'color'
2025-03-13 14:33:14,671 - ERROR - Error applying font properties: can't set attribute 'color'
2025-03-13 14:33:14,703 - INFO - Successfully saved processed document: 6. Employment.docx
2025-03-13 14:33:15,975 - INFO - Converted 6. Employment.docx to PDF
2025-03-13 14:33:17,018 - INFO - Created PDF: C:\Users\AbrahamCEO\Desktop\Jam\6. Employment.pdf
2025-03-13 14:33:17,018 - INFO - Removed intermediate Word file: C:\Users\AbrahamCEO\Desktop\Jam\6. Employment.docx
2025-03-13 14:33:17,018 - INFO - Successfully opened document: 7. Conflict Of Interest.docx
2025-03-13 14:33:17,018 - ERROR - Error applying font properties: can't set attribute 'color'
2025-03-13 14:33:17,034 - ERROR - Error applying font properties: can't set attribute 'color'
2025-03-13 14:33:17,034 - ERROR - Error applying font properties: can't set attribute 'color'
2025-03-13 14:33:17,036 - ERROR - Error applying font properties: can't set attribute 'color'
2025-03-13 14:33:17,036 - ERROR - Error applying font properties: can't set attribute 'color'
2025-03-13 14:33:17,036 - ERROR - Error applying font properties: can't set attribute 'color'
2025-03-13 14:33:17,068 - INFO - Successfully saved processed document: 7. Conflict Of Interest.docx
2025-03-13 14:33:18,334 - INFO - Converted 7. Conflict Of Interest.docx to PDF
2025-03-13 14:33:19,391 - INFO - Created PDF: C:\Users\AbrahamCEO\Desktop\Jam\7. Conflict Of Interest.pdf
2025-03-13 14:33:19,400 - INFO - Removed intermediate Word file: C:\Users\AbrahamCEO\Desktop\Jam\7. Conflict Of Interest.docx
2025-03-13 14:33:19,415 - INFO - Successfully opened document: 8. Bid Requirements.docx
2025-03-13 14:33:19,417 - ERROR - Error applying font properties: can't set attribute 'color'
2025-03-13 14:33:19,418 - ERROR - Error applying font properties: can't set attribute 'color'
2025-03-13 14:33:19,418 - ERROR - Error applying font properties: can't set attribute 'color'
2025-03-13 14:33:19,420 - ERROR - Error applying font properties: can't set attribute 'color'
2025-03-13 14:33:19,420 - ERROR - Error applying font properties: can't set attribute 'color'
2025-03-13 14:33:19,420 - ERROR - Error applying font properties: can't set attribute 'color'
2025-03-13 14:33:19,458 - INFO - Successfully saved processed document: 8. Bid Requirements.docx
2025-03-13 14:33:20,679 - INFO - Converted 8. Bid Requirements.docx to PDF
2025-03-13 14:33:21,510 - INFO - Created PDF: C:\Users\AbrahamCEO\Desktop\Jam\8. Bid Requirements.pdf
2025-03-13 14:33:21,510 - INFO - Removed intermediate Word file: C:\Users\AbrahamCEO\Desktop\Jam\8. Bid Requirements.docx
2025-03-13 14:33:21,525 - INFO - Successfully opened document: 9. All Declaration.docx
2025-03-13 14:33:21,527 - ERROR - Error applying font properties: can't set attribute 'color'
2025-03-13 14:33:21,527 - ERROR - Error applying font properties: can't set attribute 'color'
2025-03-13 14:33:21,527 - ERROR - Error applying font properties: can't set attribute 'color'
2025-03-13 14:33:21,529 - ERROR - Error applying font properties: can't set attribute 'color'
2025-03-13 14:33:21,529 - ERROR - Error applying font properties: can't set attribute 'color'
2025-03-13 14:33:21,529 - ERROR - Error applying font properties: can't set attribute 'color'
2025-03-13 14:33:21,573 - INFO - Successfully saved processed document: 9. All Declaration.docx
2025-03-13 14:33:22,901 - INFO - Converted 9. All Declaration.docx to PDF
2025-03-13 14:33:23,705 - INFO - Created PDF: C:\Users\AbrahamCEO\Desktop\Jam\9. All Declaration.pdf
2025-03-13 14:33:23,705 - INFO - Removed intermediate Word file: C:\Users\AbrahamCEO\Desktop\Jam\9. All Declaration.docx
2025-03-13 14:33:23,717 - INFO - Processing 2 extras documents...
2025-03-13 14:33:23,733 - INFO - Successfully opened document: 10. Twinrain Table of Contents Section Covers.docx
2025-03-13 14:33:23,733 - INFO - Found keywords in header
2025-03-13 14:33:23,734 - ERROR - Error applying font properties: can't set attribute 'color'
2025-03-13 14:33:23,734 - ERROR - Error applying font properties: can't set attribute 'color'
2025-03-13 14:33:23,735 - INFO - Found keywords in footer
2025-03-13 14:33:23,735 - ERROR - Error applying font properties: can't set attribute 'color'
2025-03-13 14:33:23,743 - ERROR - Error applying font properties: can't set attribute 'color'
2025-03-13 14:33:23,743 - ERROR - Error applying font properties: can't set attribute 'color'
2025-03-13 14:33:23,743 - ERROR - Error applying font properties: can't set attribute 'color'
2025-03-13 14:33:23,744 - ERROR - Error applying font properties: can't set attribute 'color'
2025-03-13 14:33:23,744 - ERROR - Error applying font properties: can't set attribute 'color'
2025-03-13 14:33:23,744 - ERROR - Error applying font properties: can't set attribute 'color'
2025-03-13 14:33:23,745 - ERROR - Error applying font properties: can't set attribute 'color'
2025-03-13 14:33:23,745 - ERROR - Error applying font properties: can't set attribute 'color'
2025-03-13 14:33:23,769 - INFO - Successfully saved processed document: 10. Twinrain Table of Contents Section Covers.docx
2025-03-13 14:33:23,790 - INFO - Successfully opened document: 11. Cover Page.docx
2025-03-13 14:33:23,792 - ERROR - Error applying font properties: can't set attribute 'color'
2025-03-13 14:33:23,792 - ERROR - Error applying font properties: can't set attribute 'color'
2025-03-13 14:33:23,793 - ERROR - Error applying font properties: can't set attribute 'color'
2025-03-13 14:33:23,794 - ERROR - Error applying font properties: can't set attribute 'color'
2025-03-13 14:33:23,794 - ERROR - Error applying font properties: can't set attribute 'color'
2025-03-13 14:33:23,795 - ERROR - Error applying font properties: can't set attribute 'color'
2025-03-13 14:33:23,796 - ERROR - Error applying font properties: can't set attribute 'color'
2025-03-13 14:33:23,796 - ERROR - Error applying font properties: can't set attribute 'color'
2025-03-13 14:33:23,798 - ERROR - Error applying font properties: can't set attribute 'color'
2025-03-13 14:33:23,798 - ERROR - Error applying font properties: can't set attribute 'color'
2025-03-13 14:33:23,798 - ERROR - Error applying font properties: can't set attribute 'color'
2025-03-13 14:33:23,798 - ERROR - Error applying font properties: can't set attribute 'color'
2025-03-13 14:33:23,844 - INFO - Successfully saved processed document: 11. Cover Page.docx
2025-03-13 14:33:23,845 - INFO - Merging 9 PDFs...
2025-03-13 14:33:24,169 - INFO - Merged 9 PDFs into C:\Users\AbrahamCEO\Desktop\Jam\Shitongeni_merged.pdf
2025-03-13 14:33:24,438 - ERROR - Error compressing PDF: Pdf.save() got an unexpected keyword argument 'optimize'
2025-03-13 14:36:09,192 - INFO - Formatted date: 13th March 2025
2025-03-13 14:36:09,192 - INFO - Processing 9 main documents...
2025-03-13 14:36:09,239 - INFO - Successfully opened document: 1. Power Of Attorney.docx
2025-03-13 14:36:09,239 - ERROR - Error applying font properties: can't set attribute 'color'
2025-03-13 14:36:09,239 - ERROR - Error applying font properties: can't set attribute 'color'
2025-03-13 14:36:09,255 - ERROR - Error applying font properties: can't set attribute 'color'
2025-03-13 14:36:09,255 - ERROR - Error applying font properties: can't set attribute 'color'
2025-03-13 14:36:09,255 - ERROR - Error applying font properties: can't set attribute 'color'
2025-03-13 14:36:09,255 - ERROR - Error applying font properties: can't set attribute 'color'
2025-03-13 14:36:09,255 - ERROR - Error applying font properties: can't set attribute 'color'
2025-03-13 14:36:09,255 - ERROR - Error applying font properties: can't set attribute 'color'
2025-03-13 14:36:09,255 - ERROR - Error applying font properties: can't set attribute 'color'
2025-03-13 14:36:09,255 - ERROR - Error applying font properties: can't set attribute 'color'
2025-03-13 14:36:09,255 - ERROR - Error applying font properties: can't set attribute 'color'
2025-03-13 14:36:09,287 - INFO - Successfully saved processed document: 1. Power Of Attorney.docx
2025-03-13 14:36:11,079 - INFO - Converted 1. Power Of Attorney.docx to PDF
2025-03-13 14:36:12,459 - INFO - Created PDF: C:\Users\AbrahamCEO\Desktop\BUM\1. Power Of Attorney.pdf
2025-03-13 14:36:12,459 - INFO - Removed intermediate Word file: C:\Users\AbrahamCEO\Desktop\BUM\1. Power Of Attorney.docx
2025-03-13 14:36:12,475 - INFO - Successfully opened document: 2. Cover Letter.docx
2025-03-13 14:36:12,475 - ERROR - Error applying font properties: can't set attribute 'color'
2025-03-13 14:36:12,475 - ERROR - Error applying font properties: can't set attribute 'color'
2025-03-13 14:36:12,475 - ERROR - Error applying font properties: can't set attribute 'color'
2025-03-13 14:36:12,475 - ERROR - Error applying font properties: can't set attribute 'color'
2025-03-13 14:36:12,475 - ERROR - Error applying font properties: can't set attribute 'color'
2025-03-13 14:36:12,475 - ERROR - Error applying font properties: can't set attribute 'color'
2025-03-13 14:36:12,475 - ERROR - Error applying font properties: can't set attribute 'color'
2025-03-13 14:36:12,475 - ERROR - Error applying font properties: can't set attribute 'color'
2025-03-13 14:36:12,475 - ERROR - Error applying font properties: can't set attribute 'color'
2025-03-13 14:36:12,475 - ERROR - Error applying font properties: can't set attribute 'color'
2025-03-13 14:36:12,475 - ERROR - Error applying font properties: can't set attribute 'color'
2025-03-13 14:36:12,475 - ERROR - Error applying font properties: can't set attribute 'color'
2025-03-13 14:36:12,475 - ERROR - Error applying font properties: can't set attribute 'color'
2025-03-13 14:36:12,475 - ERROR - Error applying font properties: can't set attribute 'color'
2025-03-13 14:36:12,475 - ERROR - Error applying font properties: can't set attribute 'color'
2025-03-13 14:36:12,475 - ERROR - Error applying font properties: can't set attribute 'color'
2025-03-13 14:36:12,475 - ERROR - Error applying font properties: can't set attribute 'color'
2025-03-13 14:36:12,475 - ERROR - Error applying font properties: can't set attribute 'color'
2025-03-13 14:36:12,475 - ERROR - Error applying font properties: can't set attribute 'color'
2025-03-13 14:36:12,536 - INFO - Successfully saved processed document: 2. Cover Letter.docx
2025-03-13 14:36:13,882 - INFO - Converted 2. Cover Letter.docx to PDF
2025-03-13 14:36:14,986 - INFO - Created PDF: C:\Users\AbrahamCEO\Desktop\BUM\2. Cover Letter.pdf
2025-03-13 14:36:14,986 - INFO - Removed intermediate Word file: C:\Users\AbrahamCEO\Desktop\BUM\2. Cover Letter.docx
2025-03-13 14:36:14,986 - INFO - Successfully opened document: 3. Undertaking - Labour.docx
2025-03-13 14:36:14,986 - ERROR - Error applying font properties: can't set attribute 'color'
2025-03-13 14:36:14,986 - ERROR - Error applying font properties: can't set attribute 'color'
2025-03-13 14:36:15,001 - ERROR - Error applying font properties: can't set attribute 'color'
2025-03-13 14:36:15,001 - ERROR - Error applying font properties: can't set attribute 'color'
2025-03-13 14:36:15,001 - ERROR - Error applying font properties: can't set attribute 'color'
2025-03-13 14:36:15,001 - ERROR - Error applying font properties: can't set attribute 'color'
2025-03-13 14:36:15,034 - INFO - Successfully saved processed document: 3. Undertaking - Labour.docx
2025-03-13 14:36:16,256 - INFO - Converted 3. Undertaking - Labour.docx to PDF
2025-03-13 14:36:17,388 - INFO - Created PDF: C:\Users\AbrahamCEO\Desktop\BUM\3. Undertaking - Labour.pdf
2025-03-13 14:36:17,388 - INFO - Removed intermediate Word file: C:\Users\AbrahamCEO\Desktop\BUM\3. Undertaking - Labour.docx
2025-03-13 14:36:17,388 - INFO - Successfully opened document: 4. Undertaking - Salaries.docx
2025-03-13 14:36:17,388 - ERROR - Error applying font properties: can't set attribute 'color'
2025-03-13 14:36:17,404 - ERROR - Error applying font properties: can't set attribute 'color'
2025-03-13 14:36:17,404 - ERROR - Error applying font properties: can't set attribute 'color'
2025-03-13 14:36:17,404 - ERROR - Error applying font properties: can't set attribute 'color'
2025-03-13 14:36:17,404 - ERROR - Error applying font properties: can't set attribute 'color'
2025-03-13 14:36:17,404 - ERROR - Error applying font properties: can't set attribute 'color'
2025-03-13 14:36:17,436 - INFO - Successfully saved processed document: 4. Undertaking - Salaries.docx
2025-03-13 14:36:18,780 - INFO - Converted 4. Undertaking - Salaries.docx to PDF
2025-03-13 14:36:19,803 - INFO - Created PDF: C:\Users\AbrahamCEO\Desktop\BUM\4. Undertaking - Salaries.pdf
2025-03-13 14:36:19,803 - INFO - Removed intermediate Word file: C:\Users\AbrahamCEO\Desktop\BUM\4. Undertaking - Salaries.docx
2025-03-13 14:36:19,825 - INFO - Successfully opened document: 5. Local Content.docx
2025-03-13 14:36:19,827 - ERROR - Error applying font properties: can't set attribute 'color'
2025-03-13 14:36:19,827 - ERROR - Error applying font properties: can't set attribute 'color'
2025-03-13 14:36:19,827 - ERROR - Error applying font properties: can't set attribute 'color'
2025-03-13 14:36:19,833 - ERROR - Error applying font properties: can't set attribute 'color'
2025-03-13 14:36:19,833 - ERROR - Error applying font properties: can't set attribute 'color'
2025-03-13 14:36:19,833 - ERROR - Error applying font properties: can't set attribute 'color'
2025-03-13 14:36:19,877 - INFO - Successfully saved processed document: 5. Local Content.docx
2025-03-13 14:36:21,090 - INFO - Converted 5. Local Content.docx to PDF
2025-03-13 14:36:22,088 - INFO - Created PDF: C:\Users\AbrahamCEO\Desktop\BUM\5. Local Content.pdf
2025-03-13 14:36:22,088 - INFO - Removed intermediate Word file: C:\Users\AbrahamCEO\Desktop\BUM\5. Local Content.docx
2025-03-13 14:36:22,120 - INFO - Successfully opened document: 6. Employment.docx
2025-03-13 14:36:22,120 - ERROR - Error applying font properties: can't set attribute 'color'
2025-03-13 14:36:22,120 - ERROR - Error applying font properties: can't set attribute 'color'
2025-03-13 14:36:22,120 - ERROR - Error applying font properties: can't set attribute 'color'
2025-03-13 14:36:22,120 - ERROR - Error applying font properties: can't set attribute 'color'
2025-03-13 14:36:22,120 - ERROR - Error applying font properties: can't set attribute 'color'
2025-03-13 14:36:22,120 - ERROR - Error applying font properties: can't set attribute 'color'
2025-03-13 14:36:22,168 - INFO - Successfully saved processed document: 6. Employment.docx
2025-03-13 14:36:23,417 - INFO - Converted 6. Employment.docx to PDF
2025-03-13 14:36:24,418 - INFO - Created PDF: C:\Users\AbrahamCEO\Desktop\BUM\6. Employment.pdf
2025-03-13 14:36:24,420 - INFO - Removed intermediate Word file: C:\Users\AbrahamCEO\Desktop\BUM\6. Employment.docx
2025-03-13 14:36:24,433 - INFO - Successfully opened document: 7. Conflict Of Interest.docx
2025-03-13 14:36:24,433 - ERROR - Error applying font properties: can't set attribute 'color'
2025-03-13 14:36:24,433 - ERROR - Error applying font properties: can't set attribute 'color'
2025-03-13 14:36:24,433 - ERROR - Error applying font properties: can't set attribute 'color'
2025-03-13 14:36:24,439 - ERROR - Error applying font properties: can't set attribute 'color'
2025-03-13 14:36:24,439 - ERROR - Error applying font properties: can't set attribute 'color'
2025-03-13 14:36:24,439 - ERROR - Error applying font properties: can't set attribute 'color'
2025-03-13 14:36:24,480 - INFO - Successfully saved processed document: 7. Conflict Of Interest.docx
2025-03-13 14:36:25,665 - INFO - Converted 7. Conflict Of Interest.docx to PDF
2025-03-13 14:36:26,988 - INFO - Created PDF: C:\Users\AbrahamCEO\Desktop\BUM\7. Conflict Of Interest.pdf
2025-03-13 14:36:26,988 - INFO - Removed intermediate Word file: C:\Users\AbrahamCEO\Desktop\BUM\7. Conflict Of Interest.docx
2025-03-13 14:36:27,023 - INFO - Successfully opened document: 8. Bid Requirements.docx
2025-03-13 14:36:27,025 - ERROR - Error applying font properties: can't set attribute 'color'
2025-03-13 14:36:27,027 - ERROR - Error applying font properties: can't set attribute 'color'
2025-03-13 14:36:27,027 - ERROR - Error applying font properties: can't set attribute 'color'
2025-03-13 14:36:27,029 - ERROR - Error applying font properties: can't set attribute 'color'
2025-03-13 14:36:27,029 - ERROR - Error applying font properties: can't set attribute 'color'
2025-03-13 14:36:27,029 - ERROR - Error applying font properties: can't set attribute 'color'
2025-03-13 14:36:27,067 - INFO - Successfully saved processed document: 8. Bid Requirements.docx
2025-03-13 14:36:28,261 - INFO - Converted 8. Bid Requirements.docx to PDF
2025-03-13 14:36:29,696 - INFO - Created PDF: C:\Users\AbrahamCEO\Desktop\BUM\8. Bid Requirements.pdf
2025-03-13 14:36:29,696 - INFO - Removed intermediate Word file: C:\Users\AbrahamCEO\Desktop\BUM\8. Bid Requirements.docx
2025-03-13 14:36:29,743 - INFO - Successfully opened document: 9. All Declaration.docx
2025-03-13 14:36:29,743 - ERROR - Error applying font properties: can't set attribute 'color'
2025-03-13 14:36:29,743 - ERROR - Error applying font properties: can't set attribute 'color'
2025-03-13 14:36:29,743 - ERROR - Error applying font properties: can't set attribute 'color'
2025-03-13 14:36:29,743 - ERROR - Error applying font properties: can't set attribute 'color'
2025-03-13 14:36:29,743 - ERROR - Error applying font properties: can't set attribute 'color'
2025-03-13 14:36:29,743 - ERROR - Error applying font properties: can't set attribute 'color'
2025-03-13 14:36:29,791 - INFO - Successfully saved processed document: 9. All Declaration.docx
2025-03-13 14:36:31,051 - INFO - Converted 9. All Declaration.docx to PDF
2025-03-13 14:36:32,241 - INFO - Created PDF: C:\Users\AbrahamCEO\Desktop\BUM\9. All Declaration.pdf
2025-03-13 14:36:32,241 - INFO - Removed intermediate Word file: C:\Users\AbrahamCEO\Desktop\BUM\9. All Declaration.docx
2025-03-13 14:36:32,241 - INFO - Processing 2 extras documents...
2025-03-13 14:36:32,254 - INFO - Successfully opened document: 10. Twinrain Table of Contents Section Covers.docx
2025-03-13 14:36:32,254 - INFO - Found keywords in header
2025-03-13 14:36:32,256 - ERROR - Error applying font properties: can't set attribute 'color'
2025-03-13 14:36:32,256 - ERROR - Error applying font properties: can't set attribute 'color'
2025-03-13 14:36:32,256 - INFO - Found keywords in footer
2025-03-13 14:36:32,256 - ERROR - Error applying font properties: can't set attribute 'color'
2025-03-13 14:36:32,264 - ERROR - Error applying font properties: can't set attribute 'color'
2025-03-13 14:36:32,264 - ERROR - Error applying font properties: can't set attribute 'color'
2025-03-13 14:36:32,264 - ERROR - Error applying font properties: can't set attribute 'color'
2025-03-13 14:36:32,264 - ERROR - Error applying font properties: can't set attribute 'color'
2025-03-13 14:36:32,266 - ERROR - Error applying font properties: can't set attribute 'color'
2025-03-13 14:36:32,266 - ERROR - Error applying font properties: can't set attribute 'color'
2025-03-13 14:36:32,266 - ERROR - Error applying font properties: can't set attribute 'color'
2025-03-13 14:36:32,266 - ERROR - Error applying font properties: can't set attribute 'color'
2025-03-13 14:36:32,288 - INFO - Successfully saved processed document: 10. Twinrain Table of Contents Section Covers.docx
2025-03-13 14:36:32,304 - INFO - Successfully opened document: 11. Cover Page.docx
2025-03-13 14:36:32,304 - ERROR - Error applying font properties: can't set attribute 'color'
2025-03-13 14:36:32,304 - ERROR - Error applying font properties: can't set attribute 'color'
2025-03-13 14:36:32,304 - ERROR - Error applying font properties: can't set attribute 'color'
2025-03-13 14:36:32,304 - ERROR - Error applying font properties: can't set attribute 'color'
2025-03-13 14:36:32,304 - ERROR - Error applying font properties: can't set attribute 'color'
2025-03-13 14:36:32,304 - ERROR - Error applying font properties: can't set attribute 'color'
2025-03-13 14:36:32,304 - ERROR - Error applying font properties: can't set attribute 'color'
2025-03-13 14:36:32,304 - ERROR - Error applying font properties: can't set attribute 'color'
2025-03-13 14:36:32,304 - ERROR - Error applying font properties: can't set attribute 'color'
2025-03-13 14:36:32,304 - ERROR - Error applying font properties: can't set attribute 'color'
2025-03-13 14:36:32,304 - ERROR - Error applying font properties: can't set attribute 'color'
2025-03-13 14:36:32,304 - ERROR - Error applying font properties: can't set attribute 'color'
2025-03-13 14:36:32,352 - INFO - Successfully saved processed document: 11. Cover Page.docx
2025-03-13 14:36:32,352 - INFO - Merging 9 PDFs...
2025-03-13 14:36:32,862 - INFO - Merged 9 PDFs into C:\Users\AbrahamCEO\Desktop\BUM\Shitongeni_merged.pdf
2025-03-13 14:36:33,080 - ERROR - Error compressing PDF: Pdf.save() got an unexpected keyword argument 'optimize'
2025-03-13 14:40:13,753 - INFO - Formatted date: 13th March 2025
2025-03-13 14:40:13,753 - INFO - Processing 9 main documents...
2025-03-13 14:40:13,769 - INFO - Successfully opened document: 1. Power Of Attorney.docx
2025-03-13 14:40:13,833 - INFO - Successfully saved processed document: 1. Power Of Attorney.docx
2025-03-13 14:40:15,597 - INFO - Converted 1. Power Of Attorney.docx to PDF
2025-03-13 14:40:16,661 - INFO - Created PDF: C:\Users\AbrahamCEO\Desktop\G/RFQ\1. Power Of Attorney.pdf
2025-03-13 14:40:16,677 - INFO - Removed intermediate Word file: C:\Users\AbrahamCEO\Desktop\G/RFQ\1. Power Of Attorney.docx
2025-03-13 14:40:16,693 - INFO - Successfully opened document: 2. Cover Letter.docx
2025-03-13 14:40:16,756 - INFO - Successfully saved processed document: 2. Cover Letter.docx
2025-03-13 14:40:18,041 - INFO - Converted 2. Cover Letter.docx to PDF
2025-03-13 14:40:19,419 - INFO - Created PDF: C:\Users\AbrahamCEO\Desktop\G/RFQ\2. Cover Letter.pdf
2025-03-13 14:40:19,435 - INFO - Removed intermediate Word file: C:\Users\AbrahamCEO\Desktop\G/RFQ\2. Cover Letter.docx
2025-03-13 14:40:19,463 - INFO - Successfully opened document: 3. Undertaking - Labour.docx
2025-03-13 14:40:19,511 - INFO - Successfully saved processed document: 3. Undertaking - Labour.docx
2025-03-13 14:40:20,748 - INFO - Converted 3. Undertaking - Labour.docx to PDF
2025-03-13 14:40:21,893 - INFO - Created PDF: C:\Users\AbrahamCEO\Desktop\G/RFQ\3. Undertaking - Labour.pdf
2025-03-13 14:40:21,894 - INFO - Removed intermediate Word file: C:\Users\AbrahamCEO\Desktop\G/RFQ\3. Undertaking - Labour.docx
2025-03-13 14:40:21,910 - INFO - Successfully opened document: 4. Undertaking - Salaries.docx
2025-03-13 14:40:21,961 - INFO - Successfully saved processed document: 4. Undertaking - Salaries.docx
2025-03-13 14:40:23,138 - INFO - Converted 4. Undertaking - Salaries.docx to PDF
2025-03-13 14:40:24,244 - INFO - Created PDF: C:\Users\AbrahamCEO\Desktop\G/RFQ\4. Undertaking - Salaries.pdf
2025-03-13 14:40:24,244 - INFO - Removed intermediate Word file: C:\Users\AbrahamCEO\Desktop\G/RFQ\4. Undertaking - Salaries.docx
2025-03-13 14:40:24,279 - INFO - Successfully opened document: 5. Local Content.docx
2025-03-13 14:40:24,323 - INFO - Successfully saved processed document: 5. Local Content.docx
2025-03-13 14:40:27,058 - INFO - Converted 5. Local Content.docx to PDF
2025-03-13 14:40:28,401 - INFO - Created PDF: C:\Users\AbrahamCEO\Desktop\G/RFQ\5. Local Content.pdf
2025-03-13 14:40:28,417 - INFO - Removed intermediate Word file: C:\Users\AbrahamCEO\Desktop\G/RFQ\5. Local Content.docx
2025-03-13 14:40:28,449 - INFO - Successfully opened document: 6. Employment.docx
2025-03-13 14:40:28,497 - INFO - Successfully saved processed document: 6. Employment.docx
2025-03-13 14:40:29,681 - INFO - Converted 6. Employment.docx to PDF
2025-03-13 14:40:30,787 - INFO - Created PDF: C:\Users\AbrahamCEO\Desktop\G/RFQ\6. Employment.pdf
2025-03-13 14:40:30,787 - INFO - Removed intermediate Word file: C:\Users\AbrahamCEO\Desktop\G/RFQ\6. Employment.docx
2025-03-13 14:40:30,803 - INFO - Successfully opened document: 7. Conflict Of Interest.docx
2025-03-13 14:40:30,834 - INFO - Successfully saved processed document: 7. Conflict Of Interest.docx
2025-03-13 14:40:32,029 - INFO - Converted 7. Conflict Of Interest.docx to PDF
2025-03-13 14:40:33,373 - INFO - Created PDF: C:\Users\AbrahamCEO\Desktop\G/RFQ\7. Conflict Of Interest.pdf
2025-03-13 14:40:33,375 - INFO - Removed intermediate Word file: C:\Users\AbrahamCEO\Desktop\G/RFQ\7. Conflict Of Interest.docx
2025-03-13 14:40:33,410 - INFO - Successfully opened document: 8. Bid Requirements.docx
2025-03-13 14:40:33,457 - INFO - Successfully saved processed document: 8. Bid Requirements.docx
2025-03-13 14:40:34,647 - INFO - Converted 8. Bid Requirements.docx to PDF
2025-03-13 14:40:35,761 - INFO - Created PDF: C:\Users\AbrahamCEO\Desktop\G/RFQ\8. Bid Requirements.pdf
2025-03-13 14:40:35,761 - INFO - Removed intermediate Word file: C:\Users\AbrahamCEO\Desktop\G/RFQ\8. Bid Requirements.docx
2025-03-13 14:40:35,777 - INFO - Successfully opened document: 9. All Declaration.docx
2025-03-13 14:40:35,825 - INFO - Successfully saved processed document: 9. All Declaration.docx
2025-03-13 14:40:37,059 - INFO - Converted 9. All Declaration.docx to PDF
2025-03-13 14:40:38,275 - INFO - Created PDF: C:\Users\AbrahamCEO\Desktop\G/RFQ\9. All Declaration.pdf
2025-03-13 14:40:38,275 - INFO - Removed intermediate Word file: C:\Users\AbrahamCEO\Desktop\G/RFQ\9. All Declaration.docx
2025-03-13 14:40:38,275 - INFO - Processing 2 extras documents...
2025-03-13 14:40:38,291 - INFO - Successfully opened document: 10. Twinrain Table of Contents Section Covers.docx
2025-03-13 14:40:38,308 - INFO - Found keywords in header
2025-03-13 14:40:38,308 - INFO - Found keywords in footer
2025-03-13 14:40:38,339 - INFO - Successfully saved processed document: 10. Twinrain Table of Contents Section Covers.docx
2025-03-13 14:40:38,356 - INFO - Successfully opened document: 11. Cover Page.docx
2025-03-13 14:40:38,403 - INFO - Successfully saved processed document: 11. Cover Page.docx
2025-03-13 14:40:38,403 - INFO - Merging 9 PDFs...
2025-03-13 14:40:38,959 - INFO - Merged 9 PDFs into C:\Users\AbrahamCEO\Desktop\G/RFQ\Shitongeni_merged.pdf
2025-03-13 14:40:39,182 - ERROR - Error compressing PDF: Pdf.save() got an unexpected keyword argument 'optimize'
2025-03-13 14:46:53,348 - INFO - Formatted date: 13th March 2025
2025-03-13 14:46:53,348 - INFO - Created output directory: C:\Users\AbrahamCEO\Desktop\RFQ Automation\Supply  Delivery of Laptops
2025-03-13 14:46:53,348 - INFO - Processing 9 main documents...
2025-03-13 14:46:53,364 - INFO - Successfully opened document: 1. Power Of Attorney.docx
2025-03-13 14:46:53,438 - INFO - Successfully saved processed document: 1. Power Of Attorney.docx
2025-03-13 14:46:55,238 - INFO - Converted 1. Power Of Attorney.docx to PDF
2025-03-13 14:46:56,841 - INFO - Created PDF: C:\Users\AbrahamCEO\Desktop\RFQ Automation\Supply  Delivery of Laptops\1. Power Of Attorney.pdf
2025-03-13 14:46:56,841 - INFO - Removed intermediate Word file: C:\Users\AbrahamCEO\Desktop\RFQ Automation\Supply  Delivery of Laptops\1. Power Of Attorney.docx
2025-03-13 14:46:56,884 - INFO - Successfully opened document: 2. Cover Letter.docx
2025-03-13 14:46:56,932 - INFO - Successfully saved processed document: 2. Cover Letter.docx
2025-03-13 14:46:58,262 - INFO - Converted 2. Cover Letter.docx to PDF
2025-03-13 14:46:59,923 - INFO - Created PDF: C:\Users\AbrahamCEO\Desktop\RFQ Automation\Supply  Delivery of Laptops\2. Cover Letter.pdf
2025-03-13 14:46:59,923 - INFO - Removed intermediate Word file: C:\Users\AbrahamCEO\Desktop\RFQ Automation\Supply  Delivery of Laptops\2. Cover Letter.docx
2025-03-13 14:46:59,939 - INFO - Successfully opened document: 3. Undertaking - Labour.docx
2025-03-13 14:46:59,987 - INFO - Successfully saved processed document: 3. Undertaking - Labour.docx
2025-03-13 14:47:01,291 - INFO - Converted 3. Undertaking - Labour.docx to PDF
2025-03-13 14:47:02,920 - INFO - Created PDF: C:\Users\AbrahamCEO\Desktop\RFQ Automation\Supply  Delivery of Laptops\3. Undertaking - Labour.pdf
2025-03-13 14:47:02,937 - INFO - Removed intermediate Word file: C:\Users\AbrahamCEO\Desktop\RFQ Automation\Supply  Delivery of Laptops\3. Undertaking - Labour.docx
2025-03-13 14:47:02,937 - INFO - Successfully opened document: 4. Undertaking - Salaries.docx
2025-03-13 14:47:02,984 - INFO - Successfully saved processed document: 4. Undertaking - Salaries.docx
2025-03-13 14:47:04,279 - INFO - Converted 4. Undertaking - Salaries.docx to PDF
2025-03-13 14:47:04,342 - INFO - Created PDF: C:\Users\AbrahamCEO\Desktop\RFQ Automation\Supply  Delivery of Laptops\4. Undertaking - Salaries.pdf
2025-03-13 14:47:04,342 - INFO - Removed intermediate Word file: C:\Users\AbrahamCEO\Desktop\RFQ Automation\Supply  Delivery of Laptops\4. Undertaking - Salaries.docx
2025-03-13 14:47:04,373 - INFO - Successfully opened document: 5. Local Content.docx
2025-03-13 14:47:04,431 - INFO - Successfully saved processed document: 5. Local Content.docx
2025-03-13 14:47:05,671 - INFO - Converted 5. Local Content.docx to PDF
2025-03-13 14:47:07,229 - INFO - Created PDF: C:\Users\AbrahamCEO\Desktop\RFQ Automation\Supply  Delivery of Laptops\5. Local Content.pdf
2025-03-13 14:47:07,229 - INFO - Removed intermediate Word file: C:\Users\AbrahamCEO\Desktop\RFQ Automation\Supply  Delivery of Laptops\5. Local Content.docx
2025-03-13 14:47:07,235 - INFO - Successfully opened document: 6. Employment.docx
2025-03-13 14:47:07,277 - INFO - Successfully saved processed document: 6. Employment.docx
2025-03-13 14:47:08,476 - INFO - Converted 6. Employment.docx to PDF
2025-03-13 14:47:10,824 - INFO - Created PDF: C:\Users\AbrahamCEO\Desktop\RFQ Automation\Supply  Delivery of Laptops\6. Employment.pdf
2025-03-13 14:47:10,824 - INFO - Removed intermediate Word file: C:\Users\AbrahamCEO\Desktop\RFQ Automation\Supply  Delivery of Laptops\6. Employment.docx
2025-03-13 14:47:10,824 - INFO - Successfully opened document: 7. Conflict Of Interest.docx
2025-03-13 14:47:10,872 - INFO - Successfully saved processed document: 7. Conflict Of Interest.docx
2025-03-13 14:47:12,073 - INFO - Converted 7. Conflict Of Interest.docx to PDF
2025-03-13 14:47:13,640 - INFO - Created PDF: C:\Users\AbrahamCEO\Desktop\RFQ Automation\Supply  Delivery of Laptops\7. Conflict Of Interest.pdf
2025-03-13 14:47:13,640 - INFO - Removed intermediate Word file: C:\Users\AbrahamCEO\Desktop\RFQ Automation\Supply  Delivery of Laptops\7. Conflict Of Interest.docx
2025-03-13 14:47:13,655 - INFO - Successfully opened document: 8. Bid Requirements.docx
2025-03-13 14:47:13,704 - INFO - Successfully saved processed document: 8. Bid Requirements.docx
2025-03-13 14:47:14,901 - INFO - Converted 8. Bid Requirements.docx to PDF
2025-03-13 14:47:16,678 - INFO - Created PDF: C:\Users\AbrahamCEO\Desktop\RFQ Automation\Supply  Delivery of Laptops\8. Bid Requirements.pdf
2025-03-13 14:47:16,679 - INFO - Removed intermediate Word file: C:\Users\AbrahamCEO\Desktop\RFQ Automation\Supply  Delivery of Laptops\8. Bid Requirements.docx
2025-03-13 14:47:16,679 - INFO - Successfully opened document: 9. All Declaration.docx
2025-03-13 14:47:16,737 - INFO - Successfully saved processed document: 9. All Declaration.docx
2025-03-13 14:47:17,922 - INFO - Converted 9. All Declaration.docx to PDF
2025-03-13 14:47:19,130 - INFO - Created PDF: C:\Users\AbrahamCEO\Desktop\RFQ Automation\Supply  Delivery of Laptops\9. All Declaration.pdf
2025-03-13 14:47:19,130 - INFO - Removed intermediate Word file: C:\Users\AbrahamCEO\Desktop\RFQ Automation\Supply  Delivery of Laptops\9. All Declaration.docx
2025-03-13 14:47:19,130 - INFO - Processing 2 extras documents...
2025-03-13 14:47:19,130 - INFO - Successfully opened document: 10. Twinrain Table of Contents Section Covers.docx
2025-03-13 14:47:19,130 - INFO - Found keywords in header
2025-03-13 14:47:19,146 - INFO - Found keywords in footer
2025-03-13 14:47:19,177 - INFO - Successfully saved processed document: 10. Twinrain Table of Contents Section Covers.docx
2025-03-13 14:47:19,193 - INFO - Successfully opened document: 11. Cover Page.docx
2025-03-13 14:47:19,242 - INFO - Successfully saved processed document: 11. Cover Page.docx
2025-03-13 14:47:19,242 - INFO - Merging 9 PDFs...
2025-03-13 14:47:19,797 - INFO - Merged 9 PDFs into C:\Users\AbrahamCEO\Desktop\RFQ Automation\Supply  Delivery of Laptops\Supply  Delivery of Laptops_merged.pdf
2025-03-13 14:47:20,029 - ERROR - Error compressing PDF: Pdf.save() got an unexpected keyword argument 'optimize'
2025-03-13 14:47:26,019 - INFO - Formatted date: 13th March 2025
2025-03-13 14:47:26,019 - INFO - Created output directory: C:\Users\AbrahamCEO\Desktop\RFQ Automation\Supply  Delivery of Laptops 2
2025-03-13 14:47:26,019 - INFO - Processing 9 main documents...
2025-03-13 14:47:26,077 - INFO - Successfully opened document: 1. Power Of Attorney.docx
2025-03-13 14:47:26,131 - INFO - Successfully saved processed document: 1. Power Of Attorney.docx
2025-03-13 14:47:27,398 - INFO - Converted 1. Power Of Attorney.docx to PDF
2025-03-13 14:47:28,987 - INFO - Created PDF: C:\Users\AbrahamCEO\Desktop\RFQ Automation\Supply  Delivery of Laptops 2\1. Power Of Attorney.pdf
2025-03-13 14:47:28,987 - INFO - Removed intermediate Word file: C:\Users\AbrahamCEO\Desktop\RFQ Automation\Supply  Delivery of Laptops 2\1. Power Of Attorney.docx
2025-03-13 14:47:29,002 - INFO - Successfully opened document: 2. Cover Letter.docx
2025-03-13 14:47:29,065 - INFO - Successfully saved processed document: 2. Cover Letter.docx
2025-03-13 14:47:30,493 - INFO - Converted 2. Cover Letter.docx to PDF
2025-03-13 14:47:31,811 - INFO - Created PDF: C:\Users\AbrahamCEO\Desktop\RFQ Automation\Supply  Delivery of Laptops 2\2. Cover Letter.pdf
2025-03-13 14:47:31,811 - INFO - Removed intermediate Word file: C:\Users\AbrahamCEO\Desktop\RFQ Automation\Supply  Delivery of Laptops 2\2. Cover Letter.docx
2025-03-13 14:47:31,826 - INFO - Successfully opened document: 3. Undertaking - Labour.docx
2025-03-13 14:47:31,874 - INFO - Successfully saved processed document: 3. Undertaking - Labour.docx
2025-03-13 14:47:33,176 - INFO - Converted 3. Undertaking - Labour.docx to PDF
2025-03-13 14:47:35,315 - INFO - Created PDF: C:\Users\AbrahamCEO\Desktop\RFQ Automation\Supply  Delivery of Laptops 2\3. Undertaking - Labour.pdf
2025-03-13 14:47:35,315 - INFO - Removed intermediate Word file: C:\Users\AbrahamCEO\Desktop\RFQ Automation\Supply  Delivery of Laptops 2\3. Undertaking - Labour.docx
2025-03-13 14:47:35,347 - INFO - Successfully opened document: 4. Undertaking - Salaries.docx
2025-03-13 14:47:35,394 - INFO - Successfully saved processed document: 4. Undertaking - Salaries.docx
2025-03-13 14:47:36,592 - INFO - Converted 4. Undertaking - Salaries.docx to PDF
2025-03-13 14:47:38,020 - INFO - Created PDF: C:\Users\AbrahamCEO\Desktop\RFQ Automation\Supply  Delivery of Laptops 2\4. Undertaking - Salaries.pdf
2025-03-13 14:47:38,020 - INFO - Removed intermediate Word file: C:\Users\AbrahamCEO\Desktop\RFQ Automation\Supply  Delivery of Laptops 2\4. Undertaking - Salaries.docx
2025-03-13 14:47:38,036 - INFO - Successfully opened document: 5. Local Content.docx
2025-03-13 14:47:38,084 - INFO - Successfully saved processed document: 5. Local Content.docx
2025-03-13 14:47:39,240 - INFO - Converted 5. Local Content.docx to PDF
2025-03-13 14:47:40,499 - INFO - Created PDF: C:\Users\AbrahamCEO\Desktop\RFQ Automation\Supply  Delivery of Laptops 2\5. Local Content.pdf
2025-03-13 14:47:40,499 - INFO - Removed intermediate Word file: C:\Users\AbrahamCEO\Desktop\RFQ Automation\Supply  Delivery of Laptops 2\5. Local Content.docx
2025-03-13 14:47:40,531 - INFO - Successfully opened document: 6. Employment.docx
2025-03-13 14:47:40,579 - INFO - Successfully saved processed document: 6. Employment.docx
2025-03-13 14:47:41,861 - INFO - Converted 6. Employment.docx to PDF
2025-03-13 14:47:43,286 - INFO - Created PDF: C:\Users\AbrahamCEO\Desktop\RFQ Automation\Supply  Delivery of Laptops 2\6. Employment.pdf
2025-03-13 14:47:43,293 - INFO - Removed intermediate Word file: C:\Users\AbrahamCEO\Desktop\RFQ Automation\Supply  Delivery of Laptops 2\6. Employment.docx
2025-03-13 14:47:43,293 - INFO - Successfully opened document: 7. Conflict Of Interest.docx
2025-03-13 14:47:43,341 - INFO - Successfully saved processed document: 7. Conflict Of Interest.docx
2025-03-13 14:47:44,683 - INFO - Converted 7. Conflict Of Interest.docx to PDF
2025-03-13 14:47:45,893 - INFO - Created PDF: C:\Users\AbrahamCEO\Desktop\RFQ Automation\Supply  Delivery of Laptops 2\7. Conflict Of Interest.pdf
2025-03-13 14:47:45,895 - INFO - Removed intermediate Word file: C:\Users\AbrahamCEO\Desktop\RFQ Automation\Supply  Delivery of Laptops 2\7. Conflict Of Interest.docx
2025-03-13 14:47:45,911 - INFO - Successfully opened document: 8. Bid Requirements.docx
2025-03-13 14:47:45,970 - INFO - Successfully saved processed document: 8. Bid Requirements.docx
2025-03-13 14:47:47,511 - INFO - Converted 8. Bid Requirements.docx to PDF
2025-03-13 14:47:49,013 - INFO - Created PDF: C:\Users\AbrahamCEO\Desktop\RFQ Automation\Supply  Delivery of Laptops 2\8. Bid Requirements.pdf
2025-03-13 14:47:49,013 - INFO - Removed intermediate Word file: C:\Users\AbrahamCEO\Desktop\RFQ Automation\Supply  Delivery of Laptops 2\8. Bid Requirements.docx
2025-03-13 14:47:49,055 - INFO - Successfully opened document: 9. All Declaration.docx
2025-03-13 14:47:49,108 - INFO - Successfully saved processed document: 9. All Declaration.docx
2025-03-13 14:47:50,279 - INFO - Converted 9. All Declaration.docx to PDF
2025-03-13 14:47:51,529 - INFO - Created PDF: C:\Users\AbrahamCEO\Desktop\RFQ Automation\Supply  Delivery of Laptops 2\9. All Declaration.pdf
2025-03-13 14:47:51,529 - INFO - Removed intermediate Word file: C:\Users\AbrahamCEO\Desktop\RFQ Automation\Supply  Delivery of Laptops 2\9. All Declaration.docx
2025-03-13 14:47:51,529 - INFO - Processing 2 extras documents...
2025-03-13 14:47:51,529 - INFO - Successfully opened document: 10. Twinrain Table of Contents Section Covers.docx
2025-03-13 14:47:51,529 - INFO - Found keywords in header
2025-03-13 14:47:51,529 - INFO - Found keywords in footer
2025-03-13 14:47:51,560 - INFO - Successfully saved processed document: 10. Twinrain Table of Contents Section Covers.docx
2025-03-13 14:47:51,577 - INFO - Successfully opened document: 11. Cover Page.docx
2025-03-13 14:47:51,640 - INFO - Successfully saved processed document: 11. Cover Page.docx
2025-03-13 14:47:51,640 - INFO - Merging 9 PDFs...
2025-03-13 14:47:52,254 - INFO - Merged 9 PDFs into C:\Users\AbrahamCEO\Desktop\RFQ Automation\Supply  Delivery of Laptops 2\Supply  Delivery of Laptops 2_merged.pdf
2025-03-13 14:47:52,517 - ERROR - Error compressing PDF: Pdf.save() got an unexpected keyword argument 'optimize'
2025-03-13 14:52:52,764 - INFO - Formatted date: 13th March 2025
2025-03-13 14:52:52,780 - INFO - Created output directory: C:\Users\AbrahamCEO\Desktop\RFQ Automation\Supply of Cake
2025-03-13 14:52:52,780 - INFO - Processing 9 main documents...
2025-03-13 14:52:52,796 - INFO - Successfully opened document: 1. Power Of Attorney.docx
2025-03-13 14:52:52,844 - INFO - Successfully saved processed document: 1. Power Of Attorney.docx
2025-03-13 14:52:56,061 - INFO - Converted 1. Power Of Attorney.docx to PDF
2025-03-13 14:52:57,486 - INFO - Created PDF: C:\Users\AbrahamCEO\Desktop\RFQ Automation\Supply of Cake\1. Power Of Attorney.pdf
2025-03-13 14:52:57,486 - INFO - Removed intermediate Word file: C:\Users\AbrahamCEO\Desktop\RFQ Automation\Supply of Cake\1. Power Of Attorney.docx
2025-03-13 14:52:57,503 - INFO - Successfully opened document: 2. Cover Letter.docx
2025-03-13 14:52:57,564 - INFO - Successfully saved processed document: 2. Cover Letter.docx
2025-03-13 14:52:58,882 - INFO - Converted 2. Cover Letter.docx to PDF
2025-03-13 14:53:00,111 - INFO - Created PDF: C:\Users\AbrahamCEO\Desktop\RFQ Automation\Supply of Cake\2. Cover Letter.pdf
2025-03-13 14:53:00,111 - INFO - Removed intermediate Word file: C:\Users\AbrahamCEO\Desktop\RFQ Automation\Supply of Cake\2. Cover Letter.docx
2025-03-13 14:53:00,127 - INFO - Successfully opened document: 3. Undertaking - Labour.docx
2025-03-13 14:53:00,191 - INFO - Successfully saved processed document: 3. Undertaking - Labour.docx
2025-03-13 14:53:01,395 - INFO - Converted 3. Undertaking - Labour.docx to PDF
2025-03-13 14:53:02,777 - INFO - Created PDF: C:\Users\AbrahamCEO\Desktop\RFQ Automation\Supply of Cake\3. Undertaking - Labour.pdf
2025-03-13 14:53:02,777 - INFO - Removed intermediate Word file: C:\Users\AbrahamCEO\Desktop\RFQ Automation\Supply of Cake\3. Undertaking - Labour.docx
2025-03-13 14:53:02,795 - INFO - Successfully opened document: 4. Undertaking - Salaries.docx
2025-03-13 14:53:02,863 - INFO - Successfully saved processed document: 4. Undertaking - Salaries.docx
2025-03-13 14:53:04,055 - INFO - Converted 4. Undertaking - Salaries.docx to PDF
2025-03-13 14:53:05,418 - INFO - Created PDF: C:\Users\AbrahamCEO\Desktop\RFQ Automation\Supply of Cake\4. Undertaking - Salaries.pdf
2025-03-13 14:53:05,418 - INFO - Removed intermediate Word file: C:\Users\AbrahamCEO\Desktop\RFQ Automation\Supply of Cake\4. Undertaking - Salaries.docx
2025-03-13 14:53:05,451 - INFO - Successfully opened document: 5. Local Content.docx
2025-03-13 14:53:05,498 - INFO - Successfully saved processed document: 5. Local Content.docx
2025-03-13 14:53:06,690 - INFO - Converted 5. Local Content.docx to PDF
2025-03-13 14:53:07,708 - INFO - Created PDF: C:\Users\AbrahamCEO\Desktop\RFQ Automation\Supply of Cake\5. Local Content.pdf
2025-03-13 14:53:07,708 - INFO - Removed intermediate Word file: C:\Users\AbrahamCEO\Desktop\RFQ Automation\Supply of Cake\5. Local Content.docx
2025-03-13 14:53:07,740 - INFO - Successfully opened document: 6. Employment.docx
2025-03-13 14:53:07,803 - INFO - Successfully saved processed document: 6. Employment.docx
2025-03-13 14:53:09,008 - INFO - Converted 6. Employment.docx to PDF
2025-03-13 14:53:10,011 - INFO - Created PDF: C:\Users\AbrahamCEO\Desktop\RFQ Automation\Supply of Cake\6. Employment.pdf
2025-03-13 14:53:10,012 - INFO - Removed intermediate Word file: C:\Users\AbrahamCEO\Desktop\RFQ Automation\Supply of Cake\6. Employment.docx
2025-03-13 14:53:10,044 - INFO - Successfully opened document: 7. Conflict Of Interest.docx
2025-03-13 14:53:10,102 - INFO - Successfully saved processed document: 7. Conflict Of Interest.docx
2025-03-13 14:53:11,296 - INFO - Converted 7. Conflict Of Interest.docx to PDF
2025-03-13 14:53:12,397 - INFO - Created PDF: C:\Users\AbrahamCEO\Desktop\RFQ Automation\Supply of Cake\7. Conflict Of Interest.pdf
2025-03-13 14:53:12,397 - INFO - Removed intermediate Word file: C:\Users\AbrahamCEO\Desktop\RFQ Automation\Supply of Cake\7. Conflict Of Interest.docx
2025-03-13 14:53:12,417 - INFO - Successfully opened document: 8. Bid Requirements.docx
2025-03-13 14:53:12,460 - INFO - Successfully saved processed document: 8. Bid Requirements.docx
2025-03-13 14:53:13,636 - INFO - Converted 8. Bid Requirements.docx to PDF
2025-03-13 14:53:14,590 - INFO - Created PDF: C:\Users\AbrahamCEO\Desktop\RFQ Automation\Supply of Cake\8. Bid Requirements.pdf
2025-03-13 14:53:14,590 - INFO - Removed intermediate Word file: C:\Users\AbrahamCEO\Desktop\RFQ Automation\Supply of Cake\8. Bid Requirements.docx
2025-03-13 14:53:14,638 - INFO - Successfully opened document: 9. All Declaration.docx
2025-03-13 14:53:14,701 - INFO - Successfully saved processed document: 9. All Declaration.docx
2025-03-13 14:53:15,940 - INFO - Converted 9. All Declaration.docx to PDF
2025-03-13 14:53:17,199 - INFO - Created PDF: C:\Users\AbrahamCEO\Desktop\RFQ Automation\Supply of Cake\9. All Declaration.pdf
2025-03-13 14:53:17,199 - INFO - Removed intermediate Word file: C:\Users\AbrahamCEO\Desktop\RFQ Automation\Supply of Cake\9. All Declaration.docx
2025-03-13 14:53:17,199 - INFO - Processing 2 extras documents...
2025-03-13 14:53:17,230 - INFO - Successfully opened document: 10. Twinrain Table of Contents Section Covers.docx
2025-03-13 14:53:17,230 - INFO - Found keywords in header
2025-03-13 14:53:17,230 - INFO - Found keywords in footer
2025-03-13 14:53:17,262 - INFO - Successfully saved processed document: 10. Twinrain Table of Contents Section Covers.docx
2025-03-13 14:53:17,278 - INFO - Successfully opened document: 11. Cover Page.docx
2025-03-13 14:53:17,325 - INFO - Successfully saved processed document: 11. Cover Page.docx
2025-03-13 14:53:17,325 - INFO - Merging 9 PDFs...
2025-03-13 14:53:17,785 - INFO - Merged 9 PDFs into C:\Users\AbrahamCEO\Desktop\RFQ Automation\Supply of Cake\Supply of Cake_merged.pdf
2025-03-13 14:53:17,785 - INFO - PDF merge successful
2025-03-13 14:53:18,022 - ERROR - Error compressing PDF: Pdf.save() got an unexpected keyword argument 'optimize'
2025-03-13 14:53:18,022 - ERROR - Failed to compress merged PDF
2025-03-13 14:56:43,352 - INFO - Formatted date: 13th March 2025
2025-03-13 14:56:43,352 - INFO - Created output directory: C:\Users\AbrahamCEO\Desktop\RFQ Automation\Supplu ofe
2025-03-13 14:56:43,352 - INFO - Processing 9 main documents...
2025-03-13 14:56:43,386 - INFO - Successfully opened document: 1. Power Of Attorney.docx
2025-03-13 14:56:43,432 - INFO - Successfully saved processed document: 1. Power Of Attorney.docx
2025-03-13 14:56:45,437 - INFO - Converted 1. Power Of Attorney.docx to PDF
2025-03-13 14:56:45,502 - INFO - Created PDF: C:\Users\AbrahamCEO\Desktop\RFQ Automation\Supplu ofe\1. Power Of Attorney.pdf
2025-03-13 14:56:45,502 - INFO - Removed intermediate Word file: C:\Users\AbrahamCEO\Desktop\RFQ Automation\Supplu ofe\1. Power Of Attorney.docx
2025-03-13 14:56:45,536 - INFO - Successfully opened document: 2. Cover Letter.docx
2025-03-13 14:56:45,602 - INFO - Successfully saved processed document: 2. Cover Letter.docx
2025-03-13 14:56:46,940 - INFO - Converted 2. Cover Letter.docx to PDF
2025-03-13 14:56:47,004 - INFO - Created PDF: C:\Users\AbrahamCEO\Desktop\RFQ Automation\Supplu ofe\2. Cover Letter.pdf
2025-03-13 14:56:47,004 - INFO - Removed intermediate Word file: C:\Users\AbrahamCEO\Desktop\RFQ Automation\Supplu ofe\2. Cover Letter.docx
2025-03-13 14:56:47,051 - INFO - Successfully opened document: 3. Undertaking - Labour.docx
2025-03-13 14:56:47,098 - INFO - Successfully saved processed document: 3. Undertaking - Labour.docx
2025-03-13 14:56:48,398 - INFO - Converted 3. Undertaking - Labour.docx to PDF
2025-03-13 14:56:49,516 - INFO - Created PDF: C:\Users\AbrahamCEO\Desktop\RFQ Automation\Supplu ofe\3. Undertaking - Labour.pdf
2025-03-13 14:56:49,516 - INFO - Removed intermediate Word file: C:\Users\AbrahamCEO\Desktop\RFQ Automation\Supplu ofe\3. Undertaking - Labour.docx
2025-03-13 14:56:49,563 - INFO - Successfully opened document: 4. Undertaking - Salaries.docx
2025-03-13 14:56:49,611 - INFO - Successfully saved processed document: 4. Undertaking - Salaries.docx
2025-03-13 14:56:50,801 - INFO - Converted 4. Undertaking - Salaries.docx to PDF
2025-03-13 14:56:51,868 - INFO - Created PDF: C:\Users\AbrahamCEO\Desktop\RFQ Automation\Supplu ofe\4. Undertaking - Salaries.pdf
2025-03-13 14:56:51,868 - INFO - Removed intermediate Word file: C:\Users\AbrahamCEO\Desktop\RFQ Automation\Supplu ofe\4. Undertaking - Salaries.docx
2025-03-13 14:56:51,868 - INFO - Successfully opened document: 5. Local Content.docx
2025-03-13 14:56:51,932 - INFO - Successfully saved processed document: 5. Local Content.docx
2025-03-13 14:56:53,121 - INFO - Converted 5. Local Content.docx to PDF
2025-03-13 14:56:54,307 - INFO - Created PDF: C:\Users\AbrahamCEO\Desktop\RFQ Automation\Supplu ofe\5. Local Content.pdf
2025-03-13 14:56:54,307 - INFO - Removed intermediate Word file: C:\Users\AbrahamCEO\Desktop\RFQ Automation\Supplu ofe\5. Local Content.docx
2025-03-13 14:56:54,312 - INFO - Successfully opened document: 6. Employment.docx
2025-03-13 14:56:54,371 - INFO - Successfully saved processed document: 6. Employment.docx
2025-03-13 14:56:55,534 - INFO - Converted 6. Employment.docx to PDF
2025-03-13 14:56:56,736 - INFO - Created PDF: C:\Users\AbrahamCEO\Desktop\RFQ Automation\Supplu ofe\6. Employment.pdf
2025-03-13 14:56:56,752 - INFO - Removed intermediate Word file: C:\Users\AbrahamCEO\Desktop\RFQ Automation\Supplu ofe\6. Employment.docx
2025-03-13 14:56:56,778 - INFO - Successfully opened document: 7. Conflict Of Interest.docx
2025-03-13 14:56:56,816 - INFO - Successfully saved processed document: 7. Conflict Of Interest.docx
2025-03-13 14:56:58,097 - INFO - Converted 7. Conflict Of Interest.docx to PDF
2025-03-13 14:56:59,169 - INFO - Created PDF: C:\Users\AbrahamCEO\Desktop\RFQ Automation\Supplu ofe\7. Conflict Of Interest.pdf
2025-03-13 14:56:59,185 - INFO - Removed intermediate Word file: C:\Users\AbrahamCEO\Desktop\RFQ Automation\Supplu ofe\7. Conflict Of Interest.docx
2025-03-13 14:56:59,190 - INFO - Successfully opened document: 8. Bid Requirements.docx
2025-03-13 14:56:59,233 - INFO - Successfully saved processed document: 8. Bid Requirements.docx
2025-03-13 14:57:00,758 - INFO - Converted 8. Bid Requirements.docx to PDF
2025-03-13 14:57:02,840 - INFO - Created PDF: C:\Users\AbrahamCEO\Desktop\RFQ Automation\Supplu ofe\8. Bid Requirements.pdf
2025-03-13 14:57:02,840 - INFO - Removed intermediate Word file: C:\Users\AbrahamCEO\Desktop\RFQ Automation\Supplu ofe\8. Bid Requirements.docx
2025-03-13 14:57:02,844 - INFO - Successfully opened document: 9. All Declaration.docx
2025-03-13 14:57:02,908 - INFO - Successfully saved processed document: 9. All Declaration.docx
2025-03-13 14:57:04,103 - INFO - Converted 9. All Declaration.docx to PDF
2025-03-13 14:57:05,420 - INFO - Created PDF: C:\Users\AbrahamCEO\Desktop\RFQ Automation\Supplu ofe\9. All Declaration.pdf
2025-03-13 14:57:05,420 - INFO - Removed intermediate Word file: C:\Users\AbrahamCEO\Desktop\RFQ Automation\Supplu ofe\9. All Declaration.docx
2025-03-13 14:57:05,420 - INFO - Processing 2 extras documents...
2025-03-13 14:57:05,452 - INFO - Successfully opened document: 10. Twinrain Table of Contents Section Covers.docx
2025-03-13 14:57:05,452 - INFO - Found keywords in header
2025-03-13 14:57:05,452 - INFO - Found keywords in footer
2025-03-13 14:57:05,500 - INFO - Successfully saved processed document: 10. Twinrain Table of Contents Section Covers.docx
2025-03-13 14:57:05,516 - INFO - Successfully opened document: 11. Cover Page.docx
2025-03-13 14:57:05,564 - INFO - Successfully saved processed document: 11. Cover Page.docx
2025-03-13 14:57:05,564 - INFO - Merging 9 PDFs...
2025-03-13 14:57:06,326 - ERROR - Error compressing PDF: Pdf.save() got an unexpected keyword argument 'optimize'
2025-03-13 14:57:06,326 - INFO - Cleaning up intermediate files...
2025-03-13 14:57:06,326 - INFO - Removed intermediate PDF: C:\Users\AbrahamCEO\Desktop\RFQ Automation\Supplu ofe\1. Power Of Attorney.pdf
2025-03-13 14:57:06,326 - INFO - Removed intermediate PDF: C:\Users\AbrahamCEO\Desktop\RFQ Automation\Supplu ofe\2. Cover Letter.pdf
2025-03-13 14:57:06,326 - INFO - Removed intermediate PDF: C:\Users\AbrahamCEO\Desktop\RFQ Automation\Supplu ofe\3. Undertaking - Labour.pdf
2025-03-13 14:57:06,326 - INFO - Removed intermediate PDF: C:\Users\AbrahamCEO\Desktop\RFQ Automation\Supplu ofe\4. Undertaking - Salaries.pdf
2025-03-13 14:57:06,342 - INFO - Removed intermediate PDF: C:\Users\AbrahamCEO\Desktop\RFQ Automation\Supplu ofe\5. Local Content.pdf
2025-03-13 14:57:06,342 - INFO - Removed intermediate PDF: C:\Users\AbrahamCEO\Desktop\RFQ Automation\Supplu ofe\6. Employment.pdf
2025-03-13 14:57:06,342 - INFO - Removed intermediate PDF: C:\Users\AbrahamCEO\Desktop\RFQ Automation\Supplu ofe\7. Conflict Of Interest.pdf
2025-03-13 14:57:06,342 - INFO - Removed intermediate PDF: C:\Users\AbrahamCEO\Desktop\RFQ Automation\Supplu ofe\8. Bid Requirements.pdf
2025-03-13 14:57:06,342 - INFO - Removed intermediate PDF: C:\Users\AbrahamCEO\Desktop\RFQ Automation\Supplu ofe\9. All Declaration.pdf
2025-03-13 14:58:50,882 - INFO - Formatted date: 13th March 2025
2025-03-13 14:58:50,882 - INFO - Created output directory: C:\Users\AbrahamCEO\Desktop\RFQ Automation\Supply anbd
2025-03-13 14:58:50,882 - INFO - Processing 9 main documents...
2025-03-13 14:58:50,914 - INFO - Successfully opened document: 1. Power Of Attorney.docx
2025-03-13 14:58:50,984 - INFO - Successfully saved processed document: 1. Power Of Attorney.docx
2025-03-13 14:58:52,510 - INFO - Converted 1. Power Of Attorney.docx to PDF
2025-03-13 14:58:53,882 - INFO - Created PDF: C:\Users\AbrahamCEO\Desktop\RFQ Automation\Supply anbd\1. Power Of Attorney.pdf
2025-03-13 14:58:53,882 - INFO - Removed intermediate Word file: C:\Users\AbrahamCEO\Desktop\RFQ Automation\Supply anbd\1. Power Of Attorney.docx
2025-03-13 14:58:53,908 - INFO - Successfully opened document: 2. Cover Letter.docx
2025-03-13 14:58:53,971 - INFO - Successfully saved processed document: 2. Cover Letter.docx
2025-03-13 14:58:55,239 - INFO - Converted 2. Cover Letter.docx to PDF
2025-03-13 14:58:56,969 - INFO - Created PDF: C:\Users\AbrahamCEO\Desktop\RFQ Automation\Supply anbd\2. Cover Letter.pdf
2025-03-13 14:58:56,971 - INFO - Removed intermediate Word file: C:\Users\AbrahamCEO\Desktop\RFQ Automation\Supply anbd\2. Cover Letter.docx
2025-03-13 14:58:56,999 - INFO - Successfully opened document: 3. Undertaking - Labour.docx
2025-03-13 14:58:57,047 - INFO - Successfully saved processed document: 3. Undertaking - Labour.docx
2025-03-13 14:58:58,365 - INFO - Converted 3. Undertaking - Labour.docx to PDF
2025-03-13 14:58:59,587 - INFO - Created PDF: C:\Users\AbrahamCEO\Desktop\RFQ Automation\Supply anbd\3. Undertaking - Labour.pdf
2025-03-13 14:58:59,587 - INFO - Removed intermediate Word file: C:\Users\AbrahamCEO\Desktop\RFQ Automation\Supply anbd\3. Undertaking - Labour.docx
2025-03-13 14:58:59,595 - INFO - Successfully opened document: 4. Undertaking - Salaries.docx
2025-03-13 14:58:59,654 - INFO - Successfully saved processed document: 4. Undertaking - Salaries.docx
2025-03-13 14:59:00,796 - INFO - Converted 4. Undertaking - Salaries.docx to PDF
2025-03-13 14:59:01,912 - INFO - Created PDF: C:\Users\AbrahamCEO\Desktop\RFQ Automation\Supply anbd\4. Undertaking - Salaries.pdf
2025-03-13 14:59:01,912 - INFO - Removed intermediate Word file: C:\Users\AbrahamCEO\Desktop\RFQ Automation\Supply anbd\4. Undertaking - Salaries.docx
2025-03-13 14:59:01,912 - INFO - Successfully opened document: 5. Local Content.docx
2025-03-13 14:59:01,959 - INFO - Successfully saved processed document: 5. Local Content.docx
2025-03-13 14:59:03,179 - INFO - Converted 5. Local Content.docx to PDF
2025-03-13 14:59:04,343 - INFO - Created PDF: C:\Users\AbrahamCEO\Desktop\RFQ Automation\Supply anbd\5. Local Content.pdf
2025-03-13 14:59:04,343 - INFO - Removed intermediate Word file: C:\Users\AbrahamCEO\Desktop\RFQ Automation\Supply anbd\5. Local Content.docx
2025-03-13 14:59:04,382 - INFO - Successfully opened document: 6. Employment.docx
2025-03-13 14:59:04,422 - INFO - Successfully saved processed document: 6. Employment.docx
2025-03-13 14:59:05,593 - INFO - Converted 6. Employment.docx to PDF
2025-03-13 14:59:07,416 - INFO - Created PDF: C:\Users\AbrahamCEO\Desktop\RFQ Automation\Supply anbd\6. Employment.pdf
2025-03-13 14:59:07,416 - INFO - Removed intermediate Word file: C:\Users\AbrahamCEO\Desktop\RFQ Automation\Supply anbd\6. Employment.docx
2025-03-13 14:59:07,429 - INFO - Successfully opened document: 7. Conflict Of Interest.docx
2025-03-13 14:59:07,471 - INFO - Successfully saved processed document: 7. Conflict Of Interest.docx
2025-03-13 14:59:08,902 - INFO - Converted 7. Conflict Of Interest.docx to PDF
2025-03-13 14:59:10,151 - INFO - Created PDF: C:\Users\AbrahamCEO\Desktop\RFQ Automation\Supply anbd\7. Conflict Of Interest.pdf
2025-03-13 14:59:10,151 - INFO - Removed intermediate Word file: C:\Users\AbrahamCEO\Desktop\RFQ Automation\Supply anbd\7. Conflict Of Interest.docx
2025-03-13 14:59:10,182 - INFO - Successfully opened document: 8. Bid Requirements.docx
2025-03-13 14:59:10,229 - INFO - Successfully saved processed document: 8. Bid Requirements.docx
2025-03-13 14:59:11,507 - INFO - Converted 8. Bid Requirements.docx to PDF
2025-03-13 14:59:12,978 - INFO - Created PDF: C:\Users\AbrahamCEO\Desktop\RFQ Automation\Supply anbd\8. Bid Requirements.pdf
2025-03-13 14:59:12,978 - INFO - Removed intermediate Word file: C:\Users\AbrahamCEO\Desktop\RFQ Automation\Supply anbd\8. Bid Requirements.docx
2025-03-13 14:59:13,010 - INFO - Successfully opened document: 9. All Declaration.docx
2025-03-13 14:59:13,073 - INFO - Successfully saved processed document: 9. All Declaration.docx
2025-03-13 14:59:14,312 - INFO - Converted 9. All Declaration.docx to PDF
2025-03-13 14:59:15,989 - INFO - Created PDF: C:\Users\AbrahamCEO\Desktop\RFQ Automation\Supply anbd\9. All Declaration.pdf
2025-03-13 14:59:16,005 - INFO - Removed intermediate Word file: C:\Users\AbrahamCEO\Desktop\RFQ Automation\Supply anbd\9. All Declaration.docx
2025-03-13 14:59:16,005 - INFO - Processing 2 extras documents...
2025-03-13 14:59:16,037 - INFO - Successfully opened document: 10. Twinrain Table of Contents Section Covers.docx
2025-03-13 14:59:16,037 - INFO - Found keywords in header
2025-03-13 14:59:16,037 - INFO - Found keywords in footer
2025-03-13 14:59:16,085 - INFO - Successfully saved processed document: 10. Twinrain Table of Contents Section Covers.docx
2025-03-13 14:59:16,101 - INFO - Successfully opened document: 11. Cover Page.docx
2025-03-13 14:59:16,148 - INFO - Successfully saved processed document: 11. Cover Page.docx
2025-03-13 14:59:16,148 - INFO - Merging 9 PDFs...
2025-03-13 14:59:16,869 - ERROR - Error in PDF processing: Pdf.save() got an unexpected keyword argument 'optimize'
2025-03-13 14:59:16,869 - INFO - Cleaned up file after error: C:\Users\AbrahamCEO\Desktop\RFQ Automation\Supply anbd\1. Power Of Attorney.pdf
2025-03-13 14:59:16,869 - INFO - Cleaned up file after error: C:\Users\AbrahamCEO\Desktop\RFQ Automation\Supply anbd\2. Cover Letter.pdf
2025-03-13 14:59:16,869 - INFO - Cleaned up file after error: C:\Users\AbrahamCEO\Desktop\RFQ Automation\Supply anbd\3. Undertaking - Labour.pdf
2025-03-13 14:59:16,869 - INFO - Cleaned up file after error: C:\Users\AbrahamCEO\Desktop\RFQ Automation\Supply anbd\4. Undertaking - Salaries.pdf
2025-03-13 14:59:16,869 - INFO - Cleaned up file after error: C:\Users\AbrahamCEO\Desktop\RFQ Automation\Supply anbd\5. Local Content.pdf
2025-03-13 14:59:16,869 - INFO - Cleaned up file after error: C:\Users\AbrahamCEO\Desktop\RFQ Automation\Supply anbd\6. Employment.pdf
2025-03-13 14:59:16,869 - INFO - Cleaned up file after error: C:\Users\AbrahamCEO\Desktop\RFQ Automation\Supply anbd\7. Conflict Of Interest.pdf
2025-03-13 14:59:16,869 - INFO - Cleaned up file after error: C:\Users\AbrahamCEO\Desktop\RFQ Automation\Supply anbd\8. Bid Requirements.pdf
2025-03-13 14:59:16,869 - INFO - Cleaned up file after error: C:\Users\AbrahamCEO\Desktop\RFQ Automation\Supply anbd\9. All Declaration.pdf
2025-03-13 14:59:16,878 - INFO - Cleaned up file after error: C:\Users\AbrahamCEO\Desktop\RFQ Automation\Supply anbd\temp_merged.pdf
2025-03-13 14:59:36,224 - INFO - Formatted date: 13th March 2025
2025-03-13 14:59:36,226 - INFO - Created output directory: C:\Users\AbrahamCEO\Desktop\RFQ Automation\Supply anbd
2025-03-13 14:59:36,228 - INFO - Processing 9 main documents...
2025-03-13 14:59:36,262 - INFO - Successfully opened document: 1. Power Of Attorney.docx
2025-03-13 14:59:36,326 - INFO - Successfully saved processed document: 1. Power Of Attorney.docx
2025-03-13 14:59:37,530 - INFO - Converted 1. Power Of Attorney.docx to PDF
2025-03-13 14:59:39,104 - INFO - Created PDF: C:\Users\AbrahamCEO\Desktop\RFQ Automation\Supply anbd\1. Power Of Attorney.pdf
2025-03-13 14:59:39,104 - INFO - Removed intermediate Word file: C:\Users\AbrahamCEO\Desktop\RFQ Automation\Supply anbd\1. Power Of Attorney.docx
2025-03-13 14:59:39,119 - INFO - Successfully opened document: 2. Cover Letter.docx
2025-03-13 14:59:39,191 - INFO - Successfully saved processed document: 2. Cover Letter.docx
2025-03-13 14:59:40,524 - INFO - Converted 2. Cover Letter.docx to PDF
2025-03-13 14:59:41,704 - INFO - Created PDF: C:\Users\AbrahamCEO\Desktop\RFQ Automation\Supply anbd\2. Cover Letter.pdf
2025-03-13 14:59:41,704 - INFO - Removed intermediate Word file: C:\Users\AbrahamCEO\Desktop\RFQ Automation\Supply anbd\2. Cover Letter.docx
2025-03-13 14:59:41,736 - INFO - Successfully opened document: 3. Undertaking - Labour.docx
2025-03-13 14:59:41,784 - INFO - Successfully saved processed document: 3. Undertaking - Labour.docx
2025-03-13 14:59:43,087 - INFO - Converted 3. Undertaking - Labour.docx to PDF
2025-03-13 14:59:44,619 - INFO - Created PDF: C:\Users\AbrahamCEO\Desktop\RFQ Automation\Supply anbd\3. Undertaking - Labour.pdf
2025-03-13 14:59:44,620 - INFO - Removed intermediate Word file: C:\Users\AbrahamCEO\Desktop\RFQ Automation\Supply anbd\3. Undertaking - Labour.docx
2025-03-13 14:59:44,641 - INFO - Successfully opened document: 4. Undertaking - Salaries.docx
2025-03-13 14:59:44,704 - INFO - Successfully saved processed document: 4. Undertaking - Salaries.docx
2025-03-13 14:59:45,908 - INFO - Converted 4. Undertaking - Salaries.docx to PDF
2025-03-13 14:59:47,803 - INFO - Created PDF: C:\Users\AbrahamCEO\Desktop\RFQ Automation\Supply anbd\4. Undertaking - Salaries.pdf
2025-03-13 14:59:47,803 - INFO - Removed intermediate Word file: C:\Users\AbrahamCEO\Desktop\RFQ Automation\Supply anbd\4. Undertaking - Salaries.docx
2025-03-13 14:59:47,827 - INFO - Successfully opened document: 5. Local Content.docx
2025-03-13 14:59:47,886 - INFO - Successfully saved processed document: 5. Local Content.docx
2025-03-13 14:59:49,089 - INFO - Converted 5. Local Content.docx to PDF
2025-03-13 14:59:50,231 - INFO - Created PDF: C:\Users\AbrahamCEO\Desktop\RFQ Automation\Supply anbd\5. Local Content.pdf
2025-03-13 14:59:50,231 - INFO - Removed intermediate Word file: C:\Users\AbrahamCEO\Desktop\RFQ Automation\Supply anbd\5. Local Content.docx
2025-03-13 14:59:50,238 - INFO - Successfully opened document: 6. Employment.docx
2025-03-13 14:59:50,292 - INFO - Successfully saved processed document: 6. Employment.docx
2025-03-13 14:59:51,452 - INFO - Converted 6. Employment.docx to PDF
2025-03-13 14:59:52,605 - INFO - Created PDF: C:\Users\AbrahamCEO\Desktop\RFQ Automation\Supply anbd\6. Employment.pdf
2025-03-13 14:59:52,605 - INFO - Removed intermediate Word file: C:\Users\AbrahamCEO\Desktop\RFQ Automation\Supply anbd\6. Employment.docx
2025-03-13 14:59:52,615 - INFO - Successfully opened document: 7. Conflict Of Interest.docx
2025-03-13 14:59:52,670 - INFO - Successfully saved processed document: 7. Conflict Of Interest.docx
2025-03-13 14:59:53,818 - INFO - Converted 7. Conflict Of Interest.docx to PDF
2025-03-13 14:59:55,230 - INFO - Created PDF: C:\Users\AbrahamCEO\Desktop\RFQ Automation\Supply anbd\7. Conflict Of Interest.pdf
2025-03-13 14:59:55,231 - INFO - Removed intermediate Word file: C:\Users\AbrahamCEO\Desktop\RFQ Automation\Supply anbd\7. Conflict Of Interest.docx
2025-03-13 14:59:55,236 - INFO - Successfully opened document: 8. Bid Requirements.docx
2025-03-13 14:59:55,283 - INFO - Successfully saved processed document: 8. Bid Requirements.docx
2025-03-13 14:59:56,378 - INFO - Converted 8. Bid Requirements.docx to PDF
2025-03-13 14:59:58,240 - INFO - Created PDF: C:\Users\AbrahamCEO\Desktop\RFQ Automation\Supply anbd\8. Bid Requirements.pdf
2025-03-13 14:59:58,240 - INFO - Removed intermediate Word file: C:\Users\AbrahamCEO\Desktop\RFQ Automation\Supply anbd\8. Bid Requirements.docx
2025-03-13 14:59:58,316 - INFO - Successfully opened document: 9. All Declaration.docx
2025-03-13 14:59:58,392 - INFO - Successfully saved processed document: 9. All Declaration.docx
2025-03-13 14:59:59,747 - INFO - Converted 9. All Declaration.docx to PDF
2025-03-13 15:00:00,929 - INFO - Created PDF: C:\Users\AbrahamCEO\Desktop\RFQ Automation\Supply anbd\9. All Declaration.pdf
2025-03-13 15:00:00,929 - INFO - Removed intermediate Word file: C:\Users\AbrahamCEO\Desktop\RFQ Automation\Supply anbd\9. All Declaration.docx
2025-03-13 15:00:00,929 - INFO - Processing 2 extras documents...
2025-03-13 15:00:01,037 - INFO - Successfully opened document: 10. Twinrain Table of Contents Section Covers.docx
2025-03-13 15:00:01,037 - INFO - Found keywords in header
2025-03-13 15:00:01,040 - INFO - Found keywords in footer
2025-03-13 15:00:01,078 - INFO - Successfully saved processed document: 10. Twinrain Table of Contents Section Covers.docx
2025-03-13 15:00:01,078 - ERROR - Error in batch processing: invalid command name ".!ctkframe2.!canvas.!ctkscrollableframe.!ctkframe4.!ctkprogressbar.!ctkcanvas"
2025-03-13 15:00:14,597 - INFO - Formatted date: 13th March 2025
2025-03-13 15:00:14,597 - INFO - Created output directory: C:\Users\AbrahamCEO\Desktop\RFQ Automation\dsfsd
2025-03-13 15:00:14,597 - INFO - Processing 9 main documents...
2025-03-13 15:00:14,641 - INFO - Successfully opened document: 1. Power Of Attorney.docx
2025-03-13 15:00:14,715 - INFO - Successfully saved processed document: 1. Power Of Attorney.docx
2025-03-13 15:00:16,395 - INFO - Converted 1. Power Of Attorney.docx to PDF
2025-03-13 15:00:18,738 - INFO - Created PDF: C:\Users\AbrahamCEO\Desktop\RFQ Automation\dsfsd\1. Power Of Attorney.pdf
2025-03-13 15:00:18,738 - INFO - Removed intermediate Word file: C:\Users\AbrahamCEO\Desktop\RFQ Automation\dsfsd\1. Power Of Attorney.docx
2025-03-13 15:00:18,769 - INFO - Successfully opened document: 2. Cover Letter.docx
2025-03-13 15:00:18,819 - INFO - Successfully saved processed document: 2. Cover Letter.docx
2025-03-13 15:00:20,136 - INFO - Converted 2. Cover Letter.docx to PDF
2025-03-13 15:00:21,951 - INFO - Created PDF: C:\Users\AbrahamCEO\Desktop\RFQ Automation\dsfsd\2. Cover Letter.pdf
2025-03-13 15:00:21,966 - INFO - Removed intermediate Word file: C:\Users\AbrahamCEO\Desktop\RFQ Automation\dsfsd\2. Cover Letter.docx
2025-03-13 15:00:21,982 - INFO - Successfully opened document: 3. Undertaking - Labour.docx
2025-03-13 15:00:22,030 - INFO - Successfully saved processed document: 3. Undertaking - Labour.docx
2025-03-13 15:00:23,447 - INFO - Converted 3. Undertaking - Labour.docx to PDF
2025-03-13 15:00:25,757 - INFO - Created PDF: C:\Users\AbrahamCEO\Desktop\RFQ Automation\dsfsd\3. Undertaking - Labour.pdf
2025-03-13 15:00:25,773 - INFO - Removed intermediate Word file: C:\Users\AbrahamCEO\Desktop\RFQ Automation\dsfsd\3. Undertaking - Labour.docx
2025-03-13 15:00:25,773 - INFO - Successfully opened document: 4. Undertaking - Salaries.docx
2025-03-13 15:00:25,820 - INFO - Successfully saved processed document: 4. Undertaking - Salaries.docx
2025-03-13 15:00:27,024 - INFO - Converted 4. Undertaking - Salaries.docx to PDF
2025-03-13 15:00:28,680 - INFO - Created PDF: C:\Users\AbrahamCEO\Desktop\RFQ Automation\dsfsd\4. Undertaking - Salaries.pdf
2025-03-13 15:00:28,680 - INFO - Removed intermediate Word file: C:\Users\AbrahamCEO\Desktop\RFQ Automation\dsfsd\4. Undertaking - Salaries.docx
2025-03-13 15:00:28,680 - INFO - Successfully opened document: 5. Local Content.docx
2025-03-13 15:00:28,744 - INFO - Successfully saved processed document: 5. Local Content.docx
2025-03-13 15:00:30,041 - INFO - Converted 5. Local Content.docx to PDF
2025-03-13 15:00:31,351 - INFO - Created PDF: C:\Users\AbrahamCEO\Desktop\RFQ Automation\dsfsd\5. Local Content.pdf
2025-03-13 15:00:31,367 - INFO - Removed intermediate Word file: C:\Users\AbrahamCEO\Desktop\RFQ Automation\dsfsd\5. Local Content.docx
2025-03-13 15:00:31,383 - INFO - Successfully opened document: 6. Employment.docx
2025-03-13 15:00:31,447 - INFO - Successfully saved processed document: 6. Employment.docx
2025-03-13 15:00:32,618 - INFO - Converted 6. Employment.docx to PDF
2025-03-13 15:00:33,846 - INFO - Created PDF: C:\Users\AbrahamCEO\Desktop\RFQ Automation\dsfsd\6. Employment.pdf
2025-03-13 15:00:33,856 - INFO - Removed intermediate Word file: C:\Users\AbrahamCEO\Desktop\RFQ Automation\dsfsd\6. Employment.docx
2025-03-13 15:00:33,876 - INFO - Successfully opened document: 7. Conflict Of Interest.docx
2025-03-13 15:00:33,925 - INFO - Successfully saved processed document: 7. Conflict Of Interest.docx
2025-03-13 15:00:35,241 - INFO - Converted 7. Conflict Of Interest.docx to PDF
2025-03-13 15:00:36,309 - INFO - Created PDF: C:\Users\AbrahamCEO\Desktop\RFQ Automation\dsfsd\7. Conflict Of Interest.pdf
2025-03-13 15:00:36,316 - INFO - Removed intermediate Word file: C:\Users\AbrahamCEO\Desktop\RFQ Automation\dsfsd\7. Conflict Of Interest.docx
2025-03-13 15:00:36,328 - INFO - Successfully opened document: 8. Bid Requirements.docx
2025-03-13 15:00:36,380 - INFO - Successfully saved processed document: 8. Bid Requirements.docx
2025-03-13 15:00:37,606 - INFO - Converted 8. Bid Requirements.docx to PDF
2025-03-13 15:00:39,743 - INFO - Created PDF: C:\Users\AbrahamCEO\Desktop\RFQ Automation\dsfsd\8. Bid Requirements.pdf
2025-03-13 15:00:39,743 - INFO - Removed intermediate Word file: C:\Users\AbrahamCEO\Desktop\RFQ Automation\dsfsd\8. Bid Requirements.docx
2025-03-13 15:00:39,743 - INFO - Successfully opened document: 9. All Declaration.docx
2025-03-13 15:00:39,807 - INFO - Successfully saved processed document: 9. All Declaration.docx
2025-03-13 15:00:40,988 - INFO - Converted 9. All Declaration.docx to PDF
2025-03-13 15:00:42,216 - INFO - Created PDF: C:\Users\AbrahamCEO\Desktop\RFQ Automation\dsfsd\9. All Declaration.pdf
2025-03-13 15:00:42,223 - INFO - Removed intermediate Word file: C:\Users\AbrahamCEO\Desktop\RFQ Automation\dsfsd\9. All Declaration.docx
2025-03-13 15:00:42,223 - INFO - Processing 2 extras documents...
2025-03-13 15:00:42,239 - INFO - Successfully opened document: 10. Twinrain Table of Contents Section Covers.docx
2025-03-13 15:00:42,239 - INFO - Found keywords in header
2025-03-13 15:00:42,239 - INFO - Found keywords in footer
2025-03-13 15:00:42,270 - INFO - Successfully saved processed document: 10. Twinrain Table of Contents Section Covers.docx
2025-03-13 15:00:42,286 - INFO - Successfully opened document: 11. Cover Page.docx
2025-03-13 15:00:42,341 - INFO - Successfully saved processed document: 11. Cover Page.docx
2025-03-13 15:00:42,341 - INFO - Merging 9 PDFs...
2025-03-13 15:00:43,041 - ERROR - Error in PDF processing: Pdf.save() got an unexpected keyword argument 'optimize'
2025-03-13 15:00:43,041 - INFO - Cleaned up file after error: C:\Users\AbrahamCEO\Desktop\RFQ Automation\dsfsd\1. Power Of Attorney.pdf
2025-03-13 15:00:43,041 - INFO - Cleaned up file after error: C:\Users\AbrahamCEO\Desktop\RFQ Automation\dsfsd\2. Cover Letter.pdf
2025-03-13 15:00:43,041 - INFO - Cleaned up file after error: C:\Users\AbrahamCEO\Desktop\RFQ Automation\dsfsd\3. Undertaking - Labour.pdf
2025-03-13 15:00:43,041 - INFO - Cleaned up file after error: C:\Users\AbrahamCEO\Desktop\RFQ Automation\dsfsd\4. Undertaking - Salaries.pdf
2025-03-13 15:00:43,041 - INFO - Cleaned up file after error: C:\Users\AbrahamCEO\Desktop\RFQ Automation\dsfsd\5. Local Content.pdf
2025-03-13 15:00:43,041 - INFO - Cleaned up file after error: C:\Users\AbrahamCEO\Desktop\RFQ Automation\dsfsd\6. Employment.pdf
2025-03-13 15:00:43,041 - INFO - Cleaned up file after error: C:\Users\AbrahamCEO\Desktop\RFQ Automation\dsfsd\7. Conflict Of Interest.pdf
2025-03-13 15:00:43,041 - INFO - Cleaned up file after error: C:\Users\AbrahamCEO\Desktop\RFQ Automation\dsfsd\8. Bid Requirements.pdf
2025-03-13 15:00:43,041 - INFO - Cleaned up file after error: C:\Users\AbrahamCEO\Desktop\RFQ Automation\dsfsd\9. All Declaration.pdf
2025-03-13 15:00:43,041 - INFO - Cleaned up file after error: C:\Users\AbrahamCEO\Desktop\RFQ Automation\dsfsd\temp_merged.pdf
2025-03-13 15:02:03,978 - INFO - Formatted date: 13th March 2025
2025-03-13 15:02:03,978 - INFO - Created output directory: C:\Users\AbrahamCEO\Desktop\RFQ Automation\JAke the dog
2025-03-13 15:02:03,978 - INFO - Processing 9 main documents...
2025-03-13 15:02:04,009 - INFO - Successfully opened document: 1. Power Of Attorney.docx
2025-03-13 15:02:04,059 - INFO - Successfully saved processed document: 1. Power Of Attorney.docx
2025-03-13 15:02:05,546 - INFO - Converted 1. Power Of Attorney.docx to PDF
2025-03-13 15:02:07,906 - INFO - Created PDF: C:\Users\AbrahamCEO\Desktop\RFQ Automation\JAke the dog\1. Power Of Attorney.pdf
2025-03-13 15:02:07,906 - INFO - Removed intermediate Word file: C:\Users\AbrahamCEO\Desktop\RFQ Automation\JAke the dog\1. Power Of Attorney.docx
2025-03-13 15:02:07,922 - INFO - Successfully opened document: 2. Cover Letter.docx
2025-03-13 15:02:07,986 - INFO - Successfully saved processed document: 2. Cover Letter.docx
2025-03-13 15:02:09,555 - INFO - Converted 2. Cover Letter.docx to PDF
2025-03-13 15:02:11,966 - INFO - Created PDF: C:\Users\AbrahamCEO\Desktop\RFQ Automation\JAke the dog\2. Cover Letter.pdf
2025-03-13 15:02:11,968 - INFO - Removed intermediate Word file: C:\Users\AbrahamCEO\Desktop\RFQ Automation\JAke the dog\2. Cover Letter.docx
2025-03-13 15:02:11,977 - INFO - Successfully opened document: 3. Undertaking - Labour.docx
2025-03-13 15:02:12,033 - INFO - Successfully saved processed document: 3. Undertaking - Labour.docx
2025-03-13 15:02:13,318 - INFO - Converted 3. Undertaking - Labour.docx to PDF
2025-03-13 15:02:15,439 - INFO - Created PDF: C:\Users\AbrahamCEO\Desktop\RFQ Automation\JAke the dog\3. Undertaking - Labour.pdf
2025-03-13 15:02:15,444 - INFO - Removed intermediate Word file: C:\Users\AbrahamCEO\Desktop\RFQ Automation\JAke the dog\3. Undertaking - Labour.docx
2025-03-13 15:02:15,480 - INFO - Successfully opened document: 4. Undertaking - Salaries.docx
2025-03-13 15:02:15,528 - INFO - Successfully saved processed document: 4. Undertaking - Salaries.docx
2025-03-13 15:02:16,694 - INFO - Converted 4. Undertaking - Salaries.docx to PDF
2025-03-13 15:02:17,579 - INFO - Created PDF: C:\Users\AbrahamCEO\Desktop\RFQ Automation\JAke the dog\4. Undertaking - Salaries.pdf
2025-03-13 15:02:17,579 - INFO - Removed intermediate Word file: C:\Users\AbrahamCEO\Desktop\RFQ Automation\JAke the dog\4. Undertaking - Salaries.docx
2025-03-13 15:02:17,607 - INFO - Successfully opened document: 5. Local Content.docx
2025-03-13 15:02:17,658 - INFO - Successfully saved processed document: 5. Local Content.docx
2025-03-13 15:02:18,798 - INFO - Converted 5. Local Content.docx to PDF
2025-03-13 15:02:19,944 - INFO - Created PDF: C:\Users\AbrahamCEO\Desktop\RFQ Automation\JAke the dog\5. Local Content.pdf
2025-03-13 15:02:19,946 - INFO - Removed intermediate Word file: C:\Users\AbrahamCEO\Desktop\RFQ Automation\JAke the dog\5. Local Content.docx
2025-03-13 15:02:19,956 - INFO - Successfully opened document: 6. Employment.docx
2025-03-13 15:02:20,015 - INFO - Successfully saved processed document: 6. Employment.docx
2025-03-13 15:02:21,167 - INFO - Converted 6. Employment.docx to PDF
2025-03-13 15:02:22,063 - INFO - Created PDF: C:\Users\AbrahamCEO\Desktop\RFQ Automation\JAke the dog\6. Employment.pdf
2025-03-13 15:02:22,079 - INFO - Removed intermediate Word file: C:\Users\AbrahamCEO\Desktop\RFQ Automation\JAke the dog\6. Employment.docx
2025-03-13 15:02:22,095 - INFO - Successfully opened document: 7. Conflict Of Interest.docx
2025-03-13 15:02:22,158 - INFO - Successfully saved processed document: 7. Conflict Of Interest.docx
2025-03-13 15:02:23,384 - INFO - Converted 7. Conflict Of Interest.docx to PDF
2025-03-13 15:02:24,203 - INFO - Created PDF: C:\Users\AbrahamCEO\Desktop\RFQ Automation\JAke the dog\7. Conflict Of Interest.pdf
2025-03-13 15:02:24,219 - INFO - Removed intermediate Word file: C:\Users\AbrahamCEO\Desktop\RFQ Automation\JAke the dog\7. Conflict Of Interest.docx
2025-03-13 15:02:24,251 - INFO - Successfully opened document: 8. Bid Requirements.docx
2025-03-13 15:02:24,299 - INFO - Successfully saved processed document: 8. Bid Requirements.docx
2025-03-13 15:02:25,615 - INFO - Converted 8. Bid Requirements.docx to PDF
2025-03-13 15:02:26,930 - INFO - Created PDF: C:\Users\AbrahamCEO\Desktop\RFQ Automation\JAke the dog\8. Bid Requirements.pdf
2025-03-13 15:02:26,930 - INFO - Removed intermediate Word file: C:\Users\AbrahamCEO\Desktop\RFQ Automation\JAke the dog\8. Bid Requirements.docx
2025-03-13 15:02:26,946 - INFO - Successfully opened document: 9. All Declaration.docx
2025-03-13 15:02:26,994 - INFO - Successfully saved processed document: 9. All Declaration.docx
2025-03-13 15:02:28,171 - INFO - Converted 9. All Declaration.docx to PDF
2025-03-13 15:02:29,645 - INFO - Created PDF: C:\Users\AbrahamCEO\Desktop\RFQ Automation\JAke the dog\9. All Declaration.pdf
2025-03-13 15:02:29,645 - INFO - Removed intermediate Word file: C:\Users\AbrahamCEO\Desktop\RFQ Automation\JAke the dog\9. All Declaration.docx
2025-03-13 15:02:29,645 - INFO - Processing 2 extras documents...
2025-03-13 15:02:29,661 - INFO - Successfully opened document: 10. Twinrain Table of Contents Section Covers.docx
2025-03-13 15:02:29,661 - INFO - Found keywords in header
2025-03-13 15:02:29,661 - INFO - Found keywords in footer
2025-03-13 15:02:29,708 - INFO - Successfully saved processed document: 10. Twinrain Table of Contents Section Covers.docx
2025-03-13 15:02:29,724 - INFO - Successfully opened document: 11. Cover Page.docx
2025-03-13 15:02:29,772 - INFO - Successfully saved processed document: 11. Cover Page.docx
2025-03-13 15:02:29,772 - INFO - Merging 9 PDFs...
2025-03-13 15:02:30,517 - ERROR - Error in PDF processing: Pdf.save() got an unexpected keyword argument 'remove_unreferenced_resources'
2025-03-13 15:02:30,517 - INFO - Cleaned up file after error: C:\Users\AbrahamCEO\Desktop\RFQ Automation\JAke the dog\1. Power Of Attorney.pdf
2025-03-13 15:02:30,517 - INFO - Cleaned up file after error: C:\Users\AbrahamCEO\Desktop\RFQ Automation\JAke the dog\2. Cover Letter.pdf
2025-03-13 15:02:30,517 - INFO - Cleaned up file after error: C:\Users\AbrahamCEO\Desktop\RFQ Automation\JAke the dog\3. Undertaking - Labour.pdf
2025-03-13 15:02:30,517 - INFO - Cleaned up file after error: C:\Users\AbrahamCEO\Desktop\RFQ Automation\JAke the dog\4. Undertaking - Salaries.pdf
2025-03-13 15:02:30,517 - INFO - Cleaned up file after error: C:\Users\AbrahamCEO\Desktop\RFQ Automation\JAke the dog\5. Local Content.pdf
2025-03-13 15:02:30,517 - INFO - Cleaned up file after error: C:\Users\AbrahamCEO\Desktop\RFQ Automation\JAke the dog\6. Employment.pdf
2025-03-13 15:02:30,517 - INFO - Cleaned up file after error: C:\Users\AbrahamCEO\Desktop\RFQ Automation\JAke the dog\7. Conflict Of Interest.pdf
2025-03-13 15:02:30,517 - INFO - Cleaned up file after error: C:\Users\AbrahamCEO\Desktop\RFQ Automation\JAke the dog\8. Bid Requirements.pdf
2025-03-13 15:02:30,517 - INFO - Cleaned up file after error: C:\Users\AbrahamCEO\Desktop\RFQ Automation\JAke the dog\9. All Declaration.pdf
2025-03-13 15:02:30,517 - INFO - Cleaned up file after error: C:\Users\AbrahamCEO\Desktop\RFQ Automation\JAke the dog\temp_merged.pdf
2025-03-13 15:04:07,677 - INFO - Formatted date: 13th March 2025
2025-03-13 15:04:07,677 - INFO - Created output directory: C:\Users\AbrahamCEO\Desktop\RFQ Automation\dsffsds
2025-03-13 15:04:07,677 - INFO - Processing 9 main documents...
2025-03-13 15:04:07,709 - INFO - Successfully opened document: 1. Power Of Attorney.docx
2025-03-13 15:04:07,756 - INFO - Successfully saved processed document: 1. Power Of Attorney.docx
2025-03-13 15:04:09,260 - INFO - Converted 1. Power Of Attorney.docx to PDF
2025-03-13 15:04:09,351 - INFO - Created PDF: C:\Users\AbrahamCEO\Desktop\RFQ Automation\dsffsds\1. Power Of Attorney.pdf
2025-03-13 15:04:09,353 - INFO - Removed intermediate Word file: C:\Users\AbrahamCEO\Desktop\RFQ Automation\dsffsds\1. Power Of Attorney.docx
2025-03-13 15:04:09,380 - INFO - Successfully opened document: 2. Cover Letter.docx
2025-03-13 15:04:09,453 - INFO - Successfully saved processed document: 2. Cover Letter.docx
2025-03-13 15:04:12,127 - INFO - Converted 2. Cover Letter.docx to PDF
2025-03-13 15:04:13,277 - INFO - Created PDF: C:\Users\AbrahamCEO\Desktop\RFQ Automation\dsffsds\2. Cover Letter.pdf
2025-03-13 15:04:13,277 - INFO - Removed intermediate Word file: C:\Users\AbrahamCEO\Desktop\RFQ Automation\dsffsds\2. Cover Letter.docx
2025-03-13 15:04:13,297 - INFO - Successfully opened document: 3. Undertaking - Labour.docx
2025-03-13 15:04:13,351 - INFO - Successfully saved processed document: 3. Undertaking - Labour.docx
2025-03-13 15:04:14,572 - INFO - Converted 3. Undertaking - Labour.docx to PDF
2025-03-13 15:04:15,667 - INFO - Created PDF: C:\Users\AbrahamCEO\Desktop\RFQ Automation\dsffsds\3. Undertaking - Labour.pdf
2025-03-13 15:04:15,667 - INFO - Removed intermediate Word file: C:\Users\AbrahamCEO\Desktop\RFQ Automation\dsffsds\3. Undertaking - Labour.docx
2025-03-13 15:04:15,667 - INFO - Successfully opened document: 4. Undertaking - Salaries.docx
2025-03-13 15:04:15,731 - INFO - Successfully saved processed document: 4. Undertaking - Salaries.docx
2025-03-13 15:04:16,879 - INFO - Converted 4. Undertaking - Salaries.docx to PDF
2025-03-13 15:04:18,338 - INFO - Created PDF: C:\Users\AbrahamCEO\Desktop\RFQ Automation\dsffsds\4. Undertaking - Salaries.pdf
2025-03-13 15:04:18,338 - INFO - Removed intermediate Word file: C:\Users\AbrahamCEO\Desktop\RFQ Automation\dsffsds\4. Undertaking - Salaries.docx
2025-03-13 15:04:18,348 - INFO - Successfully opened document: 5. Local Content.docx
2025-03-13 15:04:18,397 - INFO - Successfully saved processed document: 5. Local Content.docx
2025-03-13 15:04:19,655 - INFO - Converted 5. Local Content.docx to PDF
2025-03-13 15:04:20,905 - INFO - Created PDF: C:\Users\AbrahamCEO\Desktop\RFQ Automation\dsffsds\5. Local Content.pdf
2025-03-13 15:04:20,905 - INFO - Removed intermediate Word file: C:\Users\AbrahamCEO\Desktop\RFQ Automation\dsffsds\5. Local Content.docx
2025-03-13 15:04:20,921 - INFO - Successfully opened document: 6. Employment.docx
2025-03-13 15:04:20,969 - INFO - Successfully saved processed document: 6. Employment.docx
2025-03-13 15:04:22,127 - INFO - Converted 6. Employment.docx to PDF
2025-03-13 15:04:23,583 - INFO - Created PDF: C:\Users\AbrahamCEO\Desktop\RFQ Automation\dsffsds\6. Employment.pdf
2025-03-13 15:04:23,583 - INFO - Removed intermediate Word file: C:\Users\AbrahamCEO\Desktop\RFQ Automation\dsffsds\6. Employment.docx
2025-03-13 15:04:23,593 - INFO - Successfully opened document: 7. Conflict Of Interest.docx
2025-03-13 15:04:23,640 - INFO - Successfully saved processed document: 7. Conflict Of Interest.docx
2025-03-13 15:04:24,865 - INFO - Converted 7. Conflict Of Interest.docx to PDF
2025-03-13 15:04:25,905 - INFO - Created PDF: C:\Users\AbrahamCEO\Desktop\RFQ Automation\dsffsds\7. Conflict Of Interest.pdf
2025-03-13 15:04:25,905 - INFO - Removed intermediate Word file: C:\Users\AbrahamCEO\Desktop\RFQ Automation\dsffsds\7. Conflict Of Interest.docx
2025-03-13 15:04:25,913 - INFO - Successfully opened document: 8. Bid Requirements.docx
2025-03-13 15:04:25,970 - INFO - Successfully saved processed document: 8. Bid Requirements.docx
2025-03-13 15:04:27,159 - INFO - Converted 8. Bid Requirements.docx to PDF
2025-03-13 15:04:28,228 - INFO - Created PDF: C:\Users\AbrahamCEO\Desktop\RFQ Automation\dsffsds\8. Bid Requirements.pdf
2025-03-13 15:04:28,243 - INFO - Removed intermediate Word file: C:\Users\AbrahamCEO\Desktop\RFQ Automation\dsffsds\8. Bid Requirements.docx
2025-03-13 15:04:28,260 - INFO - Successfully opened document: 9. All Declaration.docx
2025-03-13 15:04:28,308 - INFO - Successfully saved processed document: 9. All Declaration.docx
2025-03-13 15:04:29,512 - INFO - Converted 9. All Declaration.docx to PDF
2025-03-13 15:04:30,626 - INFO - Created PDF: C:\Users\AbrahamCEO\Desktop\RFQ Automation\dsffsds\9. All Declaration.pdf
2025-03-13 15:04:30,626 - INFO - Removed intermediate Word file: C:\Users\AbrahamCEO\Desktop\RFQ Automation\dsffsds\9. All Declaration.docx
2025-03-13 15:04:30,628 - INFO - Processing 2 extras documents...
2025-03-13 15:04:30,646 - INFO - Successfully opened document: 10. Twinrain Table of Contents Section Covers.docx
2025-03-13 15:04:30,646 - INFO - Found keywords in header
2025-03-13 15:04:30,646 - INFO - Found keywords in footer
2025-03-13 15:04:30,678 - INFO - Successfully saved processed document: 10. Twinrain Table of Contents Section Covers.docx
2025-03-13 15:04:30,705 - INFO - Successfully opened document: 11. Cover Page.docx
2025-03-13 15:04:30,741 - INFO - Successfully saved processed document: 11. Cover Page.docx
2025-03-13 15:04:30,757 - INFO - Merging 9 PDFs...
2025-03-13 15:04:31,597 - INFO - Successfully created final PDF: C:\Users\AbrahamCEO\Desktop\RFQ Automation\dsffsds\dsffsds_final.pdf
2025-03-13 15:04:31,597 - INFO - Cleaning up intermediate files...
2025-03-13 15:04:31,597 - INFO - Removed intermediate PDF: C:\Users\AbrahamCEO\Desktop\RFQ Automation\dsffsds\1. Power Of Attorney.pdf
2025-03-13 15:04:31,597 - INFO - Removed intermediate PDF: C:\Users\AbrahamCEO\Desktop\RFQ Automation\dsffsds\2. Cover Letter.pdf
2025-03-13 15:04:31,597 - INFO - Removed intermediate PDF: C:\Users\AbrahamCEO\Desktop\RFQ Automation\dsffsds\3. Undertaking - Labour.pdf
2025-03-13 15:04:31,597 - INFO - Removed intermediate PDF: C:\Users\AbrahamCEO\Desktop\RFQ Automation\dsffsds\4. Undertaking - Salaries.pdf
2025-03-13 15:04:31,597 - INFO - Removed intermediate PDF: C:\Users\AbrahamCEO\Desktop\RFQ Automation\dsffsds\5. Local Content.pdf
2025-03-13 15:04:31,597 - INFO - Removed intermediate PDF: C:\Users\AbrahamCEO\Desktop\RFQ Automation\dsffsds\6. Employment.pdf
2025-03-13 15:04:31,597 - INFO - Removed intermediate PDF: C:\Users\AbrahamCEO\Desktop\RFQ Automation\dsffsds\7. Conflict Of Interest.pdf
2025-03-13 15:04:31,597 - INFO - Removed intermediate PDF: C:\Users\AbrahamCEO\Desktop\RFQ Automation\dsffsds\8. Bid Requirements.pdf
2025-03-13 15:04:31,597 - INFO - Removed intermediate PDF: C:\Users\AbrahamCEO\Desktop\RFQ Automation\dsffsds\9. All Declaration.pdf
2025-03-13 15:04:31,597 - INFO - Removed temporary merged PDF
2025-03-13 15:06:48,679 - INFO - Formatted date: 13th March 2025
2025-03-13 15:06:48,679 - INFO - Created output directory: C:\Users\AbrahamCEO\Desktop\RFQ Automation\fdsfshghdsfhdfhdfshfds
2025-03-13 15:06:48,679 - INFO - Processing 9 main documents...
2025-03-13 15:06:48,693 - INFO - Successfully opened document: 1. Power Of Attorney.docx
2025-03-13 15:06:48,765 - INFO - Successfully saved processed document: 1. Power Of Attorney.docx
2025-03-13 15:06:50,516 - INFO - Converted 1. Power Of Attorney.docx to PDF
2025-03-13 15:06:52,181 - INFO - Created PDF: C:\Users\AbrahamCEO\Desktop\RFQ Automation\fdsfshghdsfhdfhdfshfds\1. Power Of Attorney.pdf
2025-03-13 15:06:52,181 - INFO - Removed intermediate Word file: C:\Users\AbrahamCEO\Desktop\RFQ Automation\fdsfshghdsfhdfhdfshfds\1. Power Of Attorney.docx
2025-03-13 15:06:52,212 - INFO - Successfully opened document: 2. Cover Letter.docx
2025-03-13 15:06:52,260 - INFO - Successfully saved processed document: 2. Cover Letter.docx
2025-03-13 15:06:53,580 - INFO - Converted 2. Cover Letter.docx to PDF
2025-03-13 15:06:55,903 - INFO - Created PDF: C:\Users\AbrahamCEO\Desktop\RFQ Automation\fdsfshghdsfhdfhdfshfds\2. Cover Letter.pdf
2025-03-13 15:06:55,903 - INFO - Removed intermediate Word file: C:\Users\AbrahamCEO\Desktop\RFQ Automation\fdsfshghdsfhdfhdfshfds\2. Cover Letter.docx
2025-03-13 15:06:55,923 - INFO - Successfully opened document: 3. Undertaking - Labour.docx
2025-03-13 15:06:55,972 - INFO - Successfully saved processed document: 3. Undertaking - Labour.docx
2025-03-13 15:06:57,169 - INFO - Converted 3. Undertaking - Labour.docx to PDF
2025-03-13 15:06:58,167 - INFO - Created PDF: C:\Users\AbrahamCEO\Desktop\RFQ Automation\fdsfshghdsfhdfhdfshfds\3. Undertaking - Labour.pdf
2025-03-13 15:06:58,176 - INFO - Removed intermediate Word file: C:\Users\AbrahamCEO\Desktop\RFQ Automation\fdsfshghdsfhdfhdfshfds\3. Undertaking - Labour.docx
2025-03-13 15:06:58,192 - INFO - Successfully opened document: 4. Undertaking - Salaries.docx
2025-03-13 15:06:58,239 - INFO - Successfully saved processed document: 4. Undertaking - Salaries.docx
2025-03-13 15:06:59,349 - INFO - Converted 4. Undertaking - Salaries.docx to PDF
2025-03-13 15:07:00,887 - INFO - Created PDF: C:\Users\AbrahamCEO\Desktop\RFQ Automation\fdsfshghdsfhdfhdfshfds\4. Undertaking - Salaries.pdf
2025-03-13 15:07:00,887 - INFO - Removed intermediate Word file: C:\Users\AbrahamCEO\Desktop\RFQ Automation\fdsfshghdsfhdfhdfshfds\4. Undertaking - Salaries.docx
2025-03-13 15:07:00,903 - INFO - Successfully opened document: 5. Local Content.docx
2025-03-13 15:07:00,951 - INFO - Successfully saved processed document: 5. Local Content.docx
2025-03-13 15:07:02,205 - INFO - Converted 5. Local Content.docx to PDF
2025-03-13 15:07:03,335 - INFO - Created PDF: C:\Users\AbrahamCEO\Desktop\RFQ Automation\fdsfshghdsfhdfhdfshfds\5. Local Content.pdf
2025-03-13 15:07:03,335 - INFO - Removed intermediate Word file: C:\Users\AbrahamCEO\Desktop\RFQ Automation\fdsfshghdsfhdfhdfshfds\5. Local Content.docx
2025-03-13 15:07:03,383 - INFO - Successfully opened document: 6. Employment.docx
2025-03-13 15:07:03,431 - INFO - Successfully saved processed document: 6. Employment.docx
2025-03-13 15:07:04,588 - INFO - Converted 6. Employment.docx to PDF
2025-03-13 15:07:05,481 - INFO - Created PDF: C:\Users\AbrahamCEO\Desktop\RFQ Automation\fdsfshghdsfhdfhdfshfds\6. Employment.pdf
2025-03-13 15:07:05,497 - INFO - Removed intermediate Word file: C:\Users\AbrahamCEO\Desktop\RFQ Automation\fdsfshghdsfhdfhdfshfds\6. Employment.docx
2025-03-13 15:07:05,545 - INFO - Successfully opened document: 7. Conflict Of Interest.docx
2025-03-13 15:07:05,592 - INFO - Successfully saved processed document: 7. Conflict Of Interest.docx
2025-03-13 15:07:06,783 - INFO - Converted 7. Conflict Of Interest.docx to PDF
2025-03-13 15:07:07,992 - INFO - Created PDF: C:\Users\AbrahamCEO\Desktop\RFQ Automation\fdsfshghdsfhdfhdfshfds\7. Conflict Of Interest.pdf
2025-03-13 15:07:07,992 - INFO - Removed intermediate Word file: C:\Users\AbrahamCEO\Desktop\RFQ Automation\fdsfshghdsfhdfhdfshfds\7. Conflict Of Interest.docx
2025-03-13 15:07:08,024 - INFO - Successfully opened document: 8. Bid Requirements.docx
2025-03-13 15:07:08,072 - INFO - Successfully saved processed document: 8. Bid Requirements.docx
2025-03-13 15:07:09,229 - INFO - Converted 8. Bid Requirements.docx to PDF
2025-03-13 15:07:10,328 - INFO - Created PDF: C:\Users\AbrahamCEO\Desktop\RFQ Automation\fdsfshghdsfhdfhdfshfds\8. Bid Requirements.pdf
2025-03-13 15:07:10,328 - INFO - Removed intermediate Word file: C:\Users\AbrahamCEO\Desktop\RFQ Automation\fdsfshghdsfhdfhdfshfds\8. Bid Requirements.docx
2025-03-13 15:07:10,343 - INFO - Successfully opened document: 9. All Declaration.docx
2025-03-13 15:07:10,391 - INFO - Successfully saved processed document: 9. All Declaration.docx
2025-03-13 15:07:11,594 - INFO - Converted 9. All Declaration.docx to PDF
2025-03-13 15:07:13,984 - INFO - Created PDF: C:\Users\AbrahamCEO\Desktop\RFQ Automation\fdsfshghdsfhdfhdfshfds\9. All Declaration.pdf
2025-03-13 15:07:13,985 - INFO - Removed intermediate Word file: C:\Users\AbrahamCEO\Desktop\RFQ Automation\fdsfshghdsfhdfhdfshfds\9. All Declaration.docx
2025-03-13 15:07:13,985 - INFO - Processing 2 extras documents...
2025-03-13 15:07:13,985 - INFO - Successfully opened document: 10. Twinrain Table of Contents Section Covers.docx
2025-03-13 15:07:13,985 - INFO - Found keywords in header
2025-03-13 15:07:13,985 - INFO - Found keywords in footer
2025-03-13 15:07:14,032 - INFO - Successfully saved processed document: 10. Twinrain Table of Contents Section Covers.docx
2025-03-13 15:07:14,048 - INFO - Successfully opened document: 11. Cover Page.docx
2025-03-13 15:07:14,101 - INFO - Successfully saved processed document: 11. Cover Page.docx
2025-03-13 15:07:14,101 - INFO - Merging 9 PDFs...
2025-03-13 15:07:14,894 - INFO - Successfully created final PDF: C:\Users\AbrahamCEO\Desktop\RFQ Automation\fdsfshghdsfhdfhdfshfds\fdsfshghdsfhdfhdfshfds_final.pdf
2025-03-13 15:07:14,894 - INFO - Cleaning up intermediate files...
2025-03-13 15:07:14,894 - INFO - Removed intermediate PDF: C:\Users\AbrahamCEO\Desktop\RFQ Automation\fdsfshghdsfhdfhdfshfds\1. Power Of Attorney.pdf
2025-03-13 15:07:14,894 - INFO - Removed intermediate PDF: C:\Users\AbrahamCEO\Desktop\RFQ Automation\fdsfshghdsfhdfhdfshfds\2. Cover Letter.pdf
2025-03-13 15:07:14,896 - INFO - Removed intermediate PDF: C:\Users\AbrahamCEO\Desktop\RFQ Automation\fdsfshghdsfhdfhdfshfds\3. Undertaking - Labour.pdf
2025-03-13 15:07:14,896 - INFO - Removed intermediate PDF: C:\Users\AbrahamCEO\Desktop\RFQ Automation\fdsfshghdsfhdfhdfshfds\4. Undertaking - Salaries.pdf
2025-03-13 15:07:14,896 - INFO - Removed intermediate PDF: C:\Users\AbrahamCEO\Desktop\RFQ Automation\fdsfshghdsfhdfhdfshfds\5. Local Content.pdf
2025-03-13 15:07:14,896 - INFO - Removed intermediate PDF: C:\Users\AbrahamCEO\Desktop\RFQ Automation\fdsfshghdsfhdfhdfshfds\6. Employment.pdf
2025-03-13 15:07:14,896 - INFO - Removed intermediate PDF: C:\Users\AbrahamCEO\Desktop\RFQ Automation\fdsfshghdsfhdfhdfshfds\7. Conflict Of Interest.pdf
2025-03-13 15:07:14,898 - INFO - Removed intermediate PDF: C:\Users\AbrahamCEO\Desktop\RFQ Automation\fdsfshghdsfhdfhdfshfds\8. Bid Requirements.pdf
2025-03-13 15:07:14,898 - INFO - Removed intermediate PDF: C:\Users\AbrahamCEO\Desktop\RFQ Automation\fdsfshghdsfhdfhdfshfds\9. All Declaration.pdf
2025-03-13 15:07:14,898 - INFO - Removed temporary merged PDF
2025-03-13 15:16:49,142 - INFO - Formatted date: 13th March 2025
2025-03-13 15:16:49,142 - INFO - Created output directory: C:\Users\AbrahamCEO\Desktop\RFQ Automation\ytytfi
2025-03-13 15:16:49,142 - INFO - Processing 9 main documents...
2025-03-13 15:16:49,168 - INFO - Successfully opened document: 1. Power Of Attorney.docx
2025-03-13 15:16:49,221 - INFO - Successfully saved processed document: 1. Power Of Attorney.docx
2025-03-13 15:16:51,019 - INFO - Converted 1. Power Of Attorney.docx to PDF
2025-03-13 15:16:52,404 - INFO - Created PDF: C:\Users\AbrahamCEO\Desktop\RFQ Automation\ytytfi\1. Power Of Attorney.pdf
2025-03-13 15:16:52,404 - INFO - Removed intermediate Word file: C:\Users\AbrahamCEO\Desktop\RFQ Automation\ytytfi\1. Power Of Attorney.docx
2025-03-13 15:16:52,410 - INFO - Successfully opened document: 2. Cover Letter.docx
2025-03-13 15:16:52,480 - INFO - Successfully saved processed document: 2. Cover Letter.docx
2025-03-13 15:16:53,756 - INFO - Converted 2. Cover Letter.docx to PDF
2025-03-13 15:16:54,865 - INFO - Created PDF: C:\Users\AbrahamCEO\Desktop\RFQ Automation\ytytfi\2. Cover Letter.pdf
2025-03-13 15:16:54,865 - INFO - Removed intermediate Word file: C:\Users\AbrahamCEO\Desktop\RFQ Automation\ytytfi\2. Cover Letter.docx
2025-03-13 15:16:54,881 - INFO - Successfully opened document: 3. Undertaking - Labour.docx
2025-03-13 15:16:54,929 - INFO - Successfully saved processed document: 3. Undertaking - Labour.docx
2025-03-13 15:16:56,212 - INFO - Converted 3. Undertaking - Labour.docx to PDF
2025-03-13 15:16:57,667 - INFO - Created PDF: C:\Users\AbrahamCEO\Desktop\RFQ Automation\ytytfi\3. Undertaking - Labour.pdf
2025-03-13 15:16:57,667 - INFO - Removed intermediate Word file: C:\Users\AbrahamCEO\Desktop\RFQ Automation\ytytfi\3. Undertaking - Labour.docx
2025-03-13 15:16:57,699 - INFO - Successfully opened document: 4. Undertaking - Salaries.docx
2025-03-13 15:16:57,762 - INFO - Successfully saved processed document: 4. Undertaking - Salaries.docx
2025-03-13 15:16:58,963 - INFO - Converted 4. Undertaking - Salaries.docx to PDF
2025-03-13 15:17:00,082 - INFO - Created PDF: C:\Users\AbrahamCEO\Desktop\RFQ Automation\ytytfi\4. Undertaking - Salaries.pdf
2025-03-13 15:17:00,082 - INFO - Removed intermediate Word file: C:\Users\AbrahamCEO\Desktop\RFQ Automation\ytytfi\4. Undertaking - Salaries.docx
2025-03-13 15:17:00,084 - INFO - Successfully opened document: 5. Local Content.docx
2025-03-13 15:17:00,146 - INFO - Successfully saved processed document: 5. Local Content.docx
2025-03-13 15:17:01,348 - INFO - Converted 5. Local Content.docx to PDF
2025-03-13 15:17:02,514 - INFO - Created PDF: C:\Users\AbrahamCEO\Desktop\RFQ Automation\ytytfi\5. Local Content.pdf
2025-03-13 15:17:02,530 - INFO - Removed intermediate Word file: C:\Users\AbrahamCEO\Desktop\RFQ Automation\ytytfi\5. Local Content.docx
2025-03-13 15:17:02,538 - INFO - Successfully opened document: 6. Employment.docx
2025-03-13 15:17:02,596 - INFO - Successfully saved processed document: 6. Employment.docx
2025-03-13 15:17:03,778 - INFO - Converted 6. Employment.docx to PDF
2025-03-13 15:17:04,891 - INFO - Created PDF: C:\Users\AbrahamCEO\Desktop\RFQ Automation\ytytfi\6. Employment.pdf
2025-03-13 15:17:04,891 - INFO - Removed intermediate Word file: C:\Users\AbrahamCEO\Desktop\RFQ Automation\ytytfi\6. Employment.docx
2025-03-13 15:17:04,899 - INFO - Successfully opened document: 7. Conflict Of Interest.docx
2025-03-13 15:17:04,946 - INFO - Successfully saved processed document: 7. Conflict Of Interest.docx
2025-03-13 15:17:06,231 - INFO - Converted 7. Conflict Of Interest.docx to PDF
2025-03-13 15:17:07,991 - INFO - Created PDF: C:\Users\AbrahamCEO\Desktop\RFQ Automation\ytytfi\7. Conflict Of Interest.pdf
2025-03-13 15:17:07,991 - INFO - Removed intermediate Word file: C:\Users\AbrahamCEO\Desktop\RFQ Automation\ytytfi\7. Conflict Of Interest.docx
2025-03-13 15:17:08,007 - INFO - Successfully opened document: 8. Bid Requirements.docx
2025-03-13 15:17:08,055 - INFO - Successfully saved processed document: 8. Bid Requirements.docx
2025-03-13 15:17:09,245 - INFO - Converted 8. Bid Requirements.docx to PDF
2025-03-13 15:17:10,444 - INFO - Created PDF: C:\Users\AbrahamCEO\Desktop\RFQ Automation\ytytfi\8. Bid Requirements.pdf
2025-03-13 15:17:10,444 - INFO - Removed intermediate Word file: C:\Users\AbrahamCEO\Desktop\RFQ Automation\ytytfi\8. Bid Requirements.docx
2025-03-13 15:17:10,459 - INFO - Successfully opened document: 9. All Declaration.docx
2025-03-13 15:17:10,523 - INFO - Successfully saved processed document: 9. All Declaration.docx
2025-03-13 15:17:11,657 - INFO - Converted 9. All Declaration.docx to PDF
2025-03-13 15:17:12,986 - INFO - Created PDF: C:\Users\AbrahamCEO\Desktop\RFQ Automation\ytytfi\9. All Declaration.pdf
2025-03-13 15:17:12,986 - INFO - Removed intermediate Word file: C:\Users\AbrahamCEO\Desktop\RFQ Automation\ytytfi\9. All Declaration.docx
2025-03-13 15:17:12,986 - INFO - Processing 2 extras documents...
2025-03-13 15:17:13,017 - INFO - Successfully opened document: 10. Twinrain Table of Contents Section Covers.docx
2025-03-13 15:17:13,017 - INFO - Found keywords in header
2025-03-13 15:17:13,017 - INFO - Found keywords in footer
2025-03-13 15:17:13,058 - INFO - Successfully saved processed document: 10. Twinrain Table of Contents Section Covers.docx
2025-03-13 15:17:13,075 - INFO - Successfully opened document: 11. Cover Page.docx
2025-03-13 15:17:13,127 - INFO - Successfully saved processed document: 11. Cover Page.docx
2025-03-13 15:17:13,127 - INFO - Merging 9 PDFs...
2025-03-13 15:17:13,954 - INFO - Successfully created final PDF: C:\Users\AbrahamCEO\Desktop\RFQ Automation\ytytfi\ytytfi_final.pdf
2025-03-13 15:17:13,954 - INFO - Cleaning up intermediate files...
2025-03-13 15:17:13,954 - INFO - Removed intermediate PDF: C:\Users\AbrahamCEO\Desktop\RFQ Automation\ytytfi\1. Power Of Attorney.pdf
2025-03-13 15:17:13,954 - INFO - Removed intermediate PDF: C:\Users\AbrahamCEO\Desktop\RFQ Automation\ytytfi\2. Cover Letter.pdf
2025-03-13 15:17:13,954 - INFO - Removed intermediate PDF: C:\Users\AbrahamCEO\Desktop\RFQ Automation\ytytfi\3. Undertaking - Labour.pdf
2025-03-13 15:17:13,956 - INFO - Removed intermediate PDF: C:\Users\AbrahamCEO\Desktop\RFQ Automation\ytytfi\4. Undertaking - Salaries.pdf
2025-03-13 15:17:13,956 - INFO - Removed intermediate PDF: C:\Users\AbrahamCEO\Desktop\RFQ Automation\ytytfi\5. Local Content.pdf
2025-03-13 15:17:13,956 - INFO - Removed intermediate PDF: C:\Users\AbrahamCEO\Desktop\RFQ Automation\ytytfi\6. Employment.pdf
2025-03-13 15:17:13,956 - INFO - Removed intermediate PDF: C:\Users\AbrahamCEO\Desktop\RFQ Automation\ytytfi\7. Conflict Of Interest.pdf
2025-03-13 15:17:13,956 - INFO - Removed intermediate PDF: C:\Users\AbrahamCEO\Desktop\RFQ Automation\ytytfi\8. Bid Requirements.pdf
2025-03-13 15:17:13,956 - INFO - Removed intermediate PDF: C:\Users\AbrahamCEO\Desktop\RFQ Automation\ytytfi\9. All Declaration.pdf
2025-03-13 15:17:13,958 - INFO - Removed temporary merged PDF
2025-03-13 15:21:38,343 - INFO - Formatted date: 13th March 2025
2025-03-13 15:21:38,343 - INFO - Created output directory: C:\Users\AbrahamCEO\Desktop\RFQ Automation\fdgffgdgfgfdgdfgfdgdfgdfgfdgdfgffdg
2025-03-13 15:21:38,343 - INFO - Processing 9 main documents...
2025-03-13 15:21:38,371 - INFO - Successfully opened document: 1. Power Of Attorney.docx
2025-03-13 15:21:38,378 - ERROR - Error during text replacement: 'NoneType' object has no attribute 'set'
2025-03-13 15:21:38,384 - ERROR - Error during text replacement: 'NoneType' object has no attribute 'set'
2025-03-13 15:21:38,386 - ERROR - Error during text replacement: 'NoneType' object has no attribute 'set'
2025-03-13 15:21:38,428 - INFO - Successfully saved processed document: 1. Power Of Attorney.docx
2025-03-13 15:21:40,183 - INFO - Converted 1. Power Of Attorney.docx to PDF
2025-03-13 15:21:42,425 - INFO - Created PDF: C:\Users\AbrahamCEO\Desktop\RFQ Automation\fdgffgdgfgfdgdfgfdgdfgdfgfdgdfgffdg\1. Power Of Attorney.pdf
2025-03-13 15:21:42,425 - INFO - Removed intermediate Word file: C:\Users\AbrahamCEO\Desktop\RFQ Automation\fdgffgdgfgfdgdfgfdgdfgdfgfdgdfgffdg\1. Power Of Attorney.docx
2025-03-13 15:21:42,443 - INFO - Successfully opened document: 2. Cover Letter.docx
2025-03-13 15:21:42,445 - ERROR - Error during text replacement: 'NoneType' object has no attribute 'set'
2025-03-13 15:21:42,445 - ERROR - Error during text replacement: 'NoneType' object has no attribute 'set'
2025-03-13 15:21:42,447 - ERROR - Error during text replacement: 'NoneType' object has no attribute 'set'
2025-03-13 15:21:42,451 - ERROR - Error during text replacement: 'NoneType' object has no attribute 'set'
2025-03-13 15:21:42,463 - ERROR - Error during text replacement: 'NoneType' object has no attribute 'set'
2025-03-13 15:21:42,465 - ERROR - Error during text replacement: 'NoneType' object has no attribute 'set'
2025-03-13 15:21:42,504 - INFO - Successfully saved processed document: 2. Cover Letter.docx
2025-03-13 15:21:43,819 - INFO - Converted 2. Cover Letter.docx to PDF
2025-03-13 15:21:44,768 - INFO - Created PDF: C:\Users\AbrahamCEO\Desktop\RFQ Automation\fdgffgdgfgfdgdfgfdgdfgdfgfdgdfgffdg\2. Cover Letter.pdf
2025-03-13 15:21:44,768 - INFO - Removed intermediate Word file: C:\Users\AbrahamCEO\Desktop\RFQ Automation\fdgffgdgfgfdgdfgfdgdfgdfgfdgdfgffdg\2. Cover Letter.docx
2025-03-13 15:21:44,777 - INFO - Successfully opened document: 3. Undertaking - Labour.docx
2025-03-13 15:21:44,788 - ERROR - Error during text replacement: 'NoneType' object has no attribute 'set'
2025-03-13 15:21:44,831 - INFO - Successfully saved processed document: 3. Undertaking - Labour.docx
2025-03-13 15:21:46,041 - INFO - Converted 3. Undertaking - Labour.docx to PDF
2025-03-13 15:21:47,415 - INFO - Created PDF: C:\Users\AbrahamCEO\Desktop\RFQ Automation\fdgffgdgfgfdgdfgfdgdfgdfgfdgdfgffdg\3. Undertaking - Labour.pdf
2025-03-13 15:21:47,415 - INFO - Removed intermediate Word file: C:\Users\AbrahamCEO\Desktop\RFQ Automation\fdgffgdgfgfdgdfgfdgdfgdfgfdgdfgffdg\3. Undertaking - Labour.docx
2025-03-13 15:21:47,426 - INFO - Successfully opened document: 4. Undertaking - Salaries.docx
2025-03-13 15:21:47,426 - ERROR - Error during text replacement: 'NoneType' object has no attribute 'set'
2025-03-13 15:21:47,442 - ERROR - Error during text replacement: 'NoneType' object has no attribute 'set'
2025-03-13 15:21:47,492 - INFO - Successfully saved processed document: 4. Undertaking - Salaries.docx
2025-03-13 15:21:48,679 - INFO - Converted 4. Undertaking - Salaries.docx to PDF
2025-03-13 15:21:49,874 - INFO - Created PDF: C:\Users\AbrahamCEO\Desktop\RFQ Automation\fdgffgdgfgfdgdfgfdgdfgdfgfdgdfgffdg\4. Undertaking - Salaries.pdf
2025-03-13 15:21:49,875 - INFO - Removed intermediate Word file: C:\Users\AbrahamCEO\Desktop\RFQ Automation\fdgffgdgfgfdgdfgfdgdfgdfgfdgdfgffdg\4. Undertaking - Salaries.docx
2025-03-13 15:21:49,891 - INFO - Successfully opened document: 5. Local Content.docx
2025-03-13 15:21:49,891 - ERROR - Error during text replacement: 'NoneType' object has no attribute 'set'
2025-03-13 15:21:49,948 - INFO - Successfully saved processed document: 5. Local Content.docx
2025-03-13 15:21:51,077 - INFO - Converted 5. Local Content.docx to PDF
2025-03-13 15:21:52,154 - INFO - Created PDF: C:\Users\AbrahamCEO\Desktop\RFQ Automation\fdgffgdgfgfdgdfgfdgdfgdfgfdgdfgffdg\5. Local Content.pdf
2025-03-13 15:21:52,162 - INFO - Removed intermediate Word file: C:\Users\AbrahamCEO\Desktop\RFQ Automation\fdgffgdgfgfdgdfgfdgdfgdfgfdgdfgffdg\5. Local Content.docx
2025-03-13 15:21:52,175 - INFO - Successfully opened document: 6. Employment.docx
2025-03-13 15:21:52,183 - ERROR - Error during text replacement: 'NoneType' object has no attribute 'set'
2025-03-13 15:21:52,225 - INFO - Successfully saved processed document: 6. Employment.docx
2025-03-13 15:21:53,351 - INFO - Converted 6. Employment.docx to PDF
2025-03-13 15:21:54,544 - INFO - Created PDF: C:\Users\AbrahamCEO\Desktop\RFQ Automation\fdgffgdgfgfdgdfgfdgdfgdfgfdgdfgffdg\6. Employment.pdf
2025-03-13 15:21:54,559 - INFO - Removed intermediate Word file: C:\Users\AbrahamCEO\Desktop\RFQ Automation\fdgffgdgfgfdgdfgfdgdfgdfgfdgdfgffdg\6. Employment.docx
2025-03-13 15:21:54,577 - INFO - Successfully opened document: 7. Conflict Of Interest.docx
2025-03-13 15:21:54,591 - ERROR - Error during text replacement: 'NoneType' object has no attribute 'set'
2025-03-13 15:21:54,623 - INFO - Successfully saved processed document: 7. Conflict Of Interest.docx
2025-03-13 15:21:55,842 - INFO - Converted 7. Conflict Of Interest.docx to PDF
2025-03-13 15:21:56,946 - INFO - Created PDF: C:\Users\AbrahamCEO\Desktop\RFQ Automation\fdgffgdgfgfdgdfgfdgdfgdfgfdgdfgffdg\7. Conflict Of Interest.pdf
2025-03-13 15:21:56,946 - INFO - Removed intermediate Word file: C:\Users\AbrahamCEO\Desktop\RFQ Automation\fdgffgdgfgfdgdfgfdgdfgdfgfdgdfgffdg\7. Conflict Of Interest.docx
2025-03-13 15:21:56,958 - INFO - Successfully opened document: 8. Bid Requirements.docx
2025-03-13 15:21:56,972 - ERROR - Error during text replacement: 'NoneType' object has no attribute 'set'
2025-03-13 15:21:57,019 - INFO - Successfully saved processed document: 8. Bid Requirements.docx
2025-03-13 15:21:58,236 - INFO - Converted 8. Bid Requirements.docx to PDF
2025-03-13 15:21:59,129 - INFO - Created PDF: C:\Users\AbrahamCEO\Desktop\RFQ Automation\fdgffgdgfgfdgdfgfdgdfgdfgfdgdfgffdg\8. Bid Requirements.pdf
2025-03-13 15:21:59,129 - INFO - Removed intermediate Word file: C:\Users\AbrahamCEO\Desktop\RFQ Automation\fdgffgdgfgfdgdfgfdgdfgdfgfdgdfgffdg\8. Bid Requirements.docx
2025-03-13 15:21:59,152 - INFO - Successfully opened document: 9. All Declaration.docx
2025-03-13 15:21:59,160 - ERROR - Error during text replacement: 'NoneType' object has no attribute 'set'
2025-03-13 15:21:59,192 - INFO - Successfully saved processed document: 9. All Declaration.docx
2025-03-13 15:22:00,451 - INFO - Converted 9. All Declaration.docx to PDF
2025-03-13 15:22:01,286 - INFO - Created PDF: C:\Users\AbrahamCEO\Desktop\RFQ Automation\fdgffgdgfgfdgdfgfdgdfgdfgfdgdfgffdg\9. All Declaration.pdf
2025-03-13 15:22:01,287 - INFO - Removed intermediate Word file: C:\Users\AbrahamCEO\Desktop\RFQ Automation\fdgffgdgfgfdgdfgfdgdfgdfgfdgdfgffdg\9. All Declaration.docx
2025-03-13 15:22:01,287 - INFO - Processing 2 extras documents...
2025-03-13 15:22:01,295 - INFO - Successfully opened document: 10. Twinrain Table of Contents Section Covers.docx
2025-03-13 15:22:01,295 - INFO - Found keywords in header
2025-03-13 15:22:01,303 - ERROR - Error during text replacement: 'NoneType' object has no attribute 'set'
2025-03-13 15:22:01,303 - INFO - Found keywords in footer
2025-03-13 15:22:01,303 - ERROR - Error during text replacement: 'NoneType' object has no attribute 'set'
2025-03-13 15:22:01,303 - ERROR - Error during text replacement: 'NoneType' object has no attribute 'set'
2025-03-13 15:22:01,303 - ERROR - Error during text replacement: 'NoneType' object has no attribute 'set'
2025-03-13 15:22:01,343 - INFO - Successfully saved processed document: 10. Twinrain Table of Contents Section Covers.docx
2025-03-13 15:22:01,361 - INFO - Successfully opened document: 11. Cover Page.docx
2025-03-13 15:22:01,365 - ERROR - Error during text replacement: 'NoneType' object has no attribute 'set'
2025-03-13 15:22:01,366 - ERROR - Error during text replacement: 'NoneType' object has no attribute 'set'
2025-03-13 15:22:01,370 - ERROR - Error during text replacement: 'NoneType' object has no attribute 'set'
2025-03-13 15:22:01,374 - ERROR - Error during text replacement: 'NoneType' object has no attribute 'set'
2025-03-13 15:22:01,420 - INFO - Successfully saved processed document: 11. Cover Page.docx
2025-03-13 15:22:01,420 - INFO - Merging 9 PDFs...
2025-03-13 15:22:02,230 - INFO - Successfully created final PDF: C:\Users\AbrahamCEO\Desktop\RFQ Automation\fdgffgdgfgfdgdfgfdgdfgdfgfdgdfgffdg\fdgffgdgfgfdgdfgfdgdfgdfgfdgdfgffdg_final.pdf
2025-03-13 15:22:02,230 - INFO - Cleaning up intermediate files...
2025-03-13 15:22:02,232 - INFO - Removed intermediate PDF: C:\Users\AbrahamCEO\Desktop\RFQ Automation\fdgffgdgfgfdgdfgfdgdfgdfgfdgdfgffdg\1. Power Of Attorney.pdf
2025-03-13 15:22:02,232 - INFO - Removed intermediate PDF: C:\Users\AbrahamCEO\Desktop\RFQ Automation\fdgffgdgfgfdgdfgfdgdfgdfgfdgdfgffdg\2. Cover Letter.pdf
2025-03-13 15:22:02,232 - INFO - Removed intermediate PDF: C:\Users\AbrahamCEO\Desktop\RFQ Automation\fdgffgdgfgfdgdfgfdgdfgdfgfdgdfgffdg\3. Undertaking - Labour.pdf
2025-03-13 15:22:02,232 - INFO - Removed intermediate PDF: C:\Users\AbrahamCEO\Desktop\RFQ Automation\fdgffgdgfgfdgdfgfdgdfgdfgfdgdfgffdg\4. Undertaking - Salaries.pdf
2025-03-13 15:22:02,234 - INFO - Removed intermediate PDF: C:\Users\AbrahamCEO\Desktop\RFQ Automation\fdgffgdgfgfdgdfgfdgdfgdfgfdgdfgffdg\5. Local Content.pdf
2025-03-13 15:22:02,234 - INFO - Removed intermediate PDF: C:\Users\AbrahamCEO\Desktop\RFQ Automation\fdgffgdgfgfdgdfgfdgdfgdfgfdgdfgffdg\6. Employment.pdf
2025-03-13 15:22:02,234 - INFO - Removed intermediate PDF: C:\Users\AbrahamCEO\Desktop\RFQ Automation\fdgffgdgfgfdgdfgfdgdfgdfgfdgdfgffdg\7. Conflict Of Interest.pdf
2025-03-13 15:22:02,234 - INFO - Removed intermediate PDF: C:\Users\AbrahamCEO\Desktop\RFQ Automation\fdgffgdgfgfdgdfgfdgdfgdfgfdgdfgffdg\8. Bid Requirements.pdf
2025-03-13 15:22:02,234 - INFO - Removed intermediate PDF: C:\Users\AbrahamCEO\Desktop\RFQ Automation\fdgffgdgfgfdgdfgfdgdfgdfgfdgdfgffdg\9. All Declaration.pdf
2025-03-13 15:22:02,234 - INFO - Removed temporary merged PDF
2025-03-13 15:33:22,526 - INFO - Formatted date: 13th March 2025
2025-03-13 15:33:22,528 - INFO - Created output directory: C:\Users\AbrahamCEO\Desktop\RFQ Automation\Testing 9
2025-03-13 15:33:22,528 - INFO - Processing 9 main documents...
2025-03-13 15:33:22,547 - INFO - Successfully opened document: 1. Power Of Attorney.docx
2025-03-13 15:33:22,616 - INFO - Successfully saved processed document: 1. Power Of Attorney.docx
2025-03-13 15:33:24,561 - INFO - Converted 1. Power Of Attorney.docx to PDF
2025-03-13 15:33:25,770 - INFO - Created PDF: C:\Users\AbrahamCEO\Desktop\RFQ Automation\Testing 9\1. Power Of Attorney.pdf
2025-03-13 15:33:25,770 - INFO - Removed intermediate Word file: C:\Users\AbrahamCEO\Desktop\RFQ Automation\Testing 9\1. Power Of Attorney.docx
2025-03-13 15:33:25,786 - INFO - Successfully opened document: 2. Cover Letter.docx
2025-03-13 15:33:25,841 - INFO - Successfully saved processed document: 2. Cover Letter.docx
2025-03-13 15:33:27,127 - INFO - Converted 2. Cover Letter.docx to PDF
2025-03-13 15:33:28,249 - INFO - Created PDF: C:\Users\AbrahamCEO\Desktop\RFQ Automation\Testing 9\2. Cover Letter.pdf
2025-03-13 15:33:28,249 - INFO - Removed intermediate Word file: C:\Users\AbrahamCEO\Desktop\RFQ Automation\Testing 9\2. Cover Letter.docx
2025-03-13 15:33:28,265 - INFO - Successfully opened document: 3. Undertaking - Labour.docx
2025-03-13 15:33:28,328 - INFO - Successfully saved processed document: 3. Undertaking - Labour.docx
2025-03-13 15:33:29,554 - INFO - Converted 3. Undertaking - Labour.docx to PDF
2025-03-13 15:33:30,637 - INFO - Created PDF: C:\Users\AbrahamCEO\Desktop\RFQ Automation\Testing 9\3. Undertaking - Labour.pdf
2025-03-13 15:33:30,637 - INFO - Removed intermediate Word file: C:\Users\AbrahamCEO\Desktop\RFQ Automation\Testing 9\3. Undertaking - Labour.docx
2025-03-13 15:33:30,650 - INFO - Successfully opened document: 4. Undertaking - Salaries.docx
2025-03-13 15:33:30,701 - INFO - Successfully saved processed document: 4. Undertaking - Salaries.docx
2025-03-13 15:33:31,883 - INFO - Converted 4. Undertaking - Salaries.docx to PDF
2025-03-13 15:33:33,696 - INFO - Created PDF: C:\Users\AbrahamCEO\Desktop\RFQ Automation\Testing 9\4. Undertaking - Salaries.pdf
2025-03-13 15:33:33,698 - INFO - Removed intermediate Word file: C:\Users\AbrahamCEO\Desktop\RFQ Automation\Testing 9\4. Undertaking - Salaries.docx
2025-03-13 15:33:33,710 - INFO - Successfully opened document: 5. Local Content.docx
2025-03-13 15:33:33,781 - INFO - Successfully saved processed document: 5. Local Content.docx
2025-03-13 15:33:34,971 - INFO - Converted 5. Local Content.docx to PDF
2025-03-13 15:33:36,552 - INFO - Created PDF: C:\Users\AbrahamCEO\Desktop\RFQ Automation\Testing 9\5. Local Content.pdf
2025-03-13 15:33:36,552 - INFO - Removed intermediate Word file: C:\Users\AbrahamCEO\Desktop\RFQ Automation\Testing 9\5. Local Content.docx
2025-03-13 15:33:36,584 - INFO - Successfully opened document: 6. Employment.docx
2025-03-13 15:33:36,632 - INFO - Successfully saved processed document: 6. Employment.docx
2025-03-13 15:33:37,803 - INFO - Converted 6. Employment.docx to PDF
2025-03-13 15:33:38,982 - INFO - Created PDF: C:\Users\AbrahamCEO\Desktop\RFQ Automation\Testing 9\6. Employment.pdf
2025-03-13 15:33:38,984 - INFO - Removed intermediate Word file: C:\Users\AbrahamCEO\Desktop\RFQ Automation\Testing 9\6. Employment.docx
2025-03-13 15:33:38,998 - INFO - Successfully opened document: 7. Conflict Of Interest.docx
2025-03-13 15:33:39,047 - INFO - Successfully saved processed document: 7. Conflict Of Interest.docx
2025-03-13 15:33:40,220 - INFO - Converted 7. Conflict Of Interest.docx to PDF
2025-03-13 15:33:41,435 - INFO - Created PDF: C:\Users\AbrahamCEO\Desktop\RFQ Automation\Testing 9\7. Conflict Of Interest.pdf
2025-03-13 15:33:41,435 - INFO - Removed intermediate Word file: C:\Users\AbrahamCEO\Desktop\RFQ Automation\Testing 9\7. Conflict Of Interest.docx
2025-03-13 15:33:41,451 - INFO - Successfully opened document: 8. Bid Requirements.docx
2025-03-13 15:33:41,498 - INFO - Successfully saved processed document: 8. Bid Requirements.docx
2025-03-13 15:33:42,682 - INFO - Converted 8. Bid Requirements.docx to PDF
2025-03-13 15:33:43,950 - INFO - Created PDF: C:\Users\AbrahamCEO\Desktop\RFQ Automation\Testing 9\8. Bid Requirements.pdf
2025-03-13 15:33:43,950 - INFO - Removed intermediate Word file: C:\Users\AbrahamCEO\Desktop\RFQ Automation\Testing 9\8. Bid Requirements.docx
2025-03-13 15:33:43,965 - INFO - Successfully opened document: 9. All Declaration.docx
2025-03-13 15:33:44,013 - INFO - Successfully saved processed document: 9. All Declaration.docx
2025-03-13 15:33:45,319 - INFO - Converted 9. All Declaration.docx to PDF
2025-03-13 15:33:46,897 - INFO - Created PDF: C:\Users\AbrahamCEO\Desktop\RFQ Automation\Testing 9\9. All Declaration.pdf
2025-03-13 15:33:46,897 - INFO - Removed intermediate Word file: C:\Users\AbrahamCEO\Desktop\RFQ Automation\Testing 9\9. All Declaration.docx
2025-03-13 15:33:46,897 - INFO - Processing 2 extras documents...
2025-03-13 15:33:46,919 - INFO - Successfully opened document: 10. Twinrain Table of Contents Section Covers.docx
2025-03-13 15:33:46,951 - INFO - Successfully saved processed document: 10. Twinrain Table of Contents Section Covers.docx
2025-03-13 15:33:46,960 - INFO - Successfully opened document: 11. Cover Page.docx
2025-03-13 15:33:47,024 - INFO - Successfully saved processed document: 11. Cover Page.docx
2025-03-13 15:33:47,024 - INFO - Merging 9 PDFs...
2025-03-13 15:33:47,826 - INFO - Successfully created final PDF: C:\Users\AbrahamCEO\Desktop\RFQ Automation\Testing 9\Testing 9_final.pdf
2025-03-13 15:33:47,826 - INFO - Cleaning up intermediate files...
2025-03-13 15:33:47,828 - INFO - Removed intermediate PDF: C:\Users\AbrahamCEO\Desktop\RFQ Automation\Testing 9\1. Power Of Attorney.pdf
2025-03-13 15:33:47,828 - INFO - Removed intermediate PDF: C:\Users\AbrahamCEO\Desktop\RFQ Automation\Testing 9\2. Cover Letter.pdf
2025-03-13 15:33:47,828 - INFO - Removed intermediate PDF: C:\Users\AbrahamCEO\Desktop\RFQ Automation\Testing 9\3. Undertaking - Labour.pdf
2025-03-13 15:33:47,828 - INFO - Removed intermediate PDF: C:\Users\AbrahamCEO\Desktop\RFQ Automation\Testing 9\4. Undertaking - Salaries.pdf
2025-03-13 15:33:47,830 - INFO - Removed intermediate PDF: C:\Users\AbrahamCEO\Desktop\RFQ Automation\Testing 9\5. Local Content.pdf
2025-03-13 15:33:47,830 - INFO - Removed intermediate PDF: C:\Users\AbrahamCEO\Desktop\RFQ Automation\Testing 9\6. Employment.pdf
2025-03-13 15:33:47,830 - INFO - Removed intermediate PDF: C:\Users\AbrahamCEO\Desktop\RFQ Automation\Testing 9\7. Conflict Of Interest.pdf
2025-03-13 15:33:47,830 - INFO - Removed intermediate PDF: C:\Users\AbrahamCEO\Desktop\RFQ Automation\Testing 9\8. Bid Requirements.pdf
2025-03-13 15:33:47,830 - INFO - Removed intermediate PDF: C:\Users\AbrahamCEO\Desktop\RFQ Automation\Testing 9\9. All Declaration.pdf
2025-03-13 15:33:47,832 - INFO - Removed temporary merged PDF
2025-03-13 15:43:27,361 - INFO - Formatted date: 13th March 2025
2025-03-13 15:43:27,361 - INFO - Created output directory: C:\Users\AbrahamCEO\Desktop\RFQ Automation\Test 10
2025-03-13 15:43:27,361 - INFO - Processing 9 main documents...
2025-03-13 15:43:27,393 - INFO - Successfully opened document: 1. Power Of Attorney.docx
2025-03-13 15:43:27,441 - INFO - Successfully saved processed document: 1. Power Of Attorney.docx
2025-03-13 15:43:29,236 - INFO - Converted 1. Power Of Attorney.docx to PDF
2025-03-13 15:43:30,411 - INFO - Created PDF: C:\Users\AbrahamCEO\Desktop\RFQ Automation\Test 10\1. Power Of Attorney.pdf
2025-03-13 15:43:30,411 - INFO - Removed intermediate Word file: C:\Users\AbrahamCEO\Desktop\RFQ Automation\Test 10\1. Power Of Attorney.docx
2025-03-13 15:43:30,443 - INFO - Successfully opened document: 2. Cover Letter.docx
2025-03-13 15:43:30,490 - INFO - Successfully saved processed document: 2. Cover Letter.docx
2025-03-13 15:43:31,775 - INFO - Converted 2. Cover Letter.docx to PDF
2025-03-13 15:43:32,933 - INFO - Created PDF: C:\Users\AbrahamCEO\Desktop\RFQ Automation\Test 10\2. Cover Letter.pdf
2025-03-13 15:43:32,935 - INFO - Removed intermediate Word file: C:\Users\AbrahamCEO\Desktop\RFQ Automation\Test 10\2. Cover Letter.docx
2025-03-13 15:43:32,952 - INFO - Successfully opened document: 3. Undertaking - Labour.docx
2025-03-13 15:43:32,999 - INFO - Successfully saved processed document: 3. Undertaking - Labour.docx
2025-03-13 15:43:34,155 - INFO - Converted 3. Undertaking - Labour.docx to PDF
2025-03-13 15:43:35,320 - INFO - Created PDF: C:\Users\AbrahamCEO\Desktop\RFQ Automation\Test 10\3. Undertaking - Labour.pdf
2025-03-13 15:43:35,322 - INFO - Removed intermediate Word file: C:\Users\AbrahamCEO\Desktop\RFQ Automation\Test 10\3. Undertaking - Labour.docx
2025-03-13 15:43:35,336 - INFO - Successfully opened document: 4. Undertaking - Salaries.docx
2025-03-13 15:43:35,383 - INFO - Successfully saved processed document: 4. Undertaking - Salaries.docx
2025-03-13 15:43:36,512 - INFO - Converted 4. Undertaking - Salaries.docx to PDF
2025-03-13 15:43:38,123 - INFO - Created PDF: C:\Users\AbrahamCEO\Desktop\RFQ Automation\Test 10\4. Undertaking - Salaries.pdf
2025-03-13 15:43:38,125 - INFO - Removed intermediate Word file: C:\Users\AbrahamCEO\Desktop\RFQ Automation\Test 10\4. Undertaking - Salaries.docx
2025-03-13 15:43:38,140 - INFO - Successfully opened document: 5. Local Content.docx
2025-03-13 15:43:38,189 - INFO - Successfully saved processed document: 5. Local Content.docx
2025-03-13 15:43:39,301 - INFO - Converted 5. Local Content.docx to PDF
2025-03-13 15:43:40,677 - INFO - Created PDF: C:\Users\AbrahamCEO\Desktop\RFQ Automation\Test 10\5. Local Content.pdf
2025-03-13 15:43:40,677 - INFO - Removed intermediate Word file: C:\Users\AbrahamCEO\Desktop\RFQ Automation\Test 10\5. Local Content.docx
2025-03-13 15:43:40,709 - INFO - Successfully opened document: 6. Employment.docx
2025-03-13 15:43:40,756 - INFO - Successfully saved processed document: 6. Employment.docx
2025-03-13 15:43:41,805 - INFO - Converted 6. Employment.docx to PDF
2025-03-13 15:43:43,195 - INFO - Created PDF: C:\Users\AbrahamCEO\Desktop\RFQ Automation\Test 10\6. Employment.pdf
2025-03-13 15:43:43,195 - INFO - Removed intermediate Word file: C:\Users\AbrahamCEO\Desktop\RFQ Automation\Test 10\6. Employment.docx
2025-03-13 15:43:43,197 - INFO - Successfully opened document: 7. Conflict Of Interest.docx
2025-03-13 15:43:43,254 - INFO - Successfully saved processed document: 7. Conflict Of Interest.docx
2025-03-13 15:43:44,395 - INFO - Converted 7. Conflict Of Interest.docx to PDF
2025-03-13 15:43:45,711 - INFO - Created PDF: C:\Users\AbrahamCEO\Desktop\RFQ Automation\Test 10\7. Conflict Of Interest.pdf
2025-03-13 15:43:45,711 - INFO - Removed intermediate Word file: C:\Users\AbrahamCEO\Desktop\RFQ Automation\Test 10\7. Conflict Of Interest.docx
2025-03-13 15:43:45,724 - INFO - Successfully opened document: 8. Bid Requirements.docx
2025-03-13 15:43:45,771 - INFO - Successfully saved processed document: 8. Bid Requirements.docx
2025-03-13 15:43:46,905 - INFO - Converted 8. Bid Requirements.docx to PDF
2025-03-13 15:43:48,452 - INFO - Created PDF: C:\Users\AbrahamCEO\Desktop\RFQ Automation\Test 10\8. Bid Requirements.pdf
2025-03-13 15:43:48,468 - INFO - Removed intermediate Word file: C:\Users\AbrahamCEO\Desktop\RFQ Automation\Test 10\8. Bid Requirements.docx
2025-03-13 15:43:48,468 - INFO - Successfully opened document: 9. All Declaration.docx
2025-03-13 15:43:48,515 - INFO - Successfully saved processed document: 9. All Declaration.docx
2025-03-13 15:43:49,671 - INFO - Converted 9. All Declaration.docx to PDF
2025-03-13 15:43:50,839 - INFO - Created PDF: C:\Users\AbrahamCEO\Desktop\RFQ Automation\Test 10\9. All Declaration.pdf
2025-03-13 15:43:50,839 - INFO - Removed intermediate Word file: C:\Users\AbrahamCEO\Desktop\RFQ Automation\Test 10\9. All Declaration.docx
2025-03-13 15:43:50,839 - INFO - Processing 2 extras documents...
2025-03-13 15:43:50,871 - INFO - Successfully opened document: 10. Twinrain Table of Contents Section Covers.docx
2025-03-13 15:43:50,902 - INFO - Successfully saved processed document: 10. Twinrain Table of Contents Section Covers.docx
2025-03-13 15:43:50,918 - INFO - Successfully opened document: 11. Cover Page.docx
2025-03-13 15:43:50,966 - INFO - Successfully saved processed document: 11. Cover Page.docx
2025-03-13 15:43:50,966 - INFO - Merging 9 PDFs...
2025-03-13 15:43:51,820 - INFO - Successfully created final PDF: C:\Users\AbrahamCEO\Desktop\RFQ Automation\Test 10\Test 10_final.pdf
2025-03-13 15:43:51,820 - INFO - Cleaning up intermediate files...
2025-03-13 15:43:51,820 - INFO - Removed intermediate PDF: C:\Users\AbrahamCEO\Desktop\RFQ Automation\Test 10\1. Power Of Attorney.pdf
2025-03-13 15:43:51,820 - INFO - Removed intermediate PDF: C:\Users\AbrahamCEO\Desktop\RFQ Automation\Test 10\2. Cover Letter.pdf
2025-03-13 15:43:51,820 - INFO - Removed intermediate PDF: C:\Users\AbrahamCEO\Desktop\RFQ Automation\Test 10\3. Undertaking - Labour.pdf
2025-03-13 15:43:51,820 - INFO - Removed intermediate PDF: C:\Users\AbrahamCEO\Desktop\RFQ Automation\Test 10\4. Undertaking - Salaries.pdf
2025-03-13 15:43:51,820 - INFO - Removed intermediate PDF: C:\Users\AbrahamCEO\Desktop\RFQ Automation\Test 10\5. Local Content.pdf
2025-03-13 15:43:51,832 - INFO - Removed intermediate PDF: C:\Users\AbrahamCEO\Desktop\RFQ Automation\Test 10\6. Employment.pdf
2025-03-13 15:43:51,832 - INFO - Removed intermediate PDF: C:\Users\AbrahamCEO\Desktop\RFQ Automation\Test 10\7. Conflict Of Interest.pdf
2025-03-13 15:43:51,832 - INFO - Removed intermediate PDF: C:\Users\AbrahamCEO\Desktop\RFQ Automation\Test 10\8. Bid Requirements.pdf
2025-03-13 15:43:51,832 - INFO - Removed intermediate PDF: C:\Users\AbrahamCEO\Desktop\RFQ Automation\Test 10\9. All Declaration.pdf
2025-03-13 15:43:51,832 - INFO - Removed temporary merged PDF
2025-03-13 15:51:22,973 - INFO - Successfully opened document: 1. Power Of Attorney.docx
2025-03-13 15:51:22,973 - ERROR - Error processing document 1. Power Of Attorney.docx: 'Paragraph' object has no attribute 'paragraphs'
2025-03-13 15:51:22,989 - INFO - Successfully opened document: 2. Cover Letter.docx
2025-03-13 15:51:22,989 - ERROR - Error processing document 2. Cover Letter.docx: 'Paragraph' object has no attribute 'paragraphs'
2025-03-13 15:51:23,005 - INFO - Successfully opened document: 3. Undertaking - Labour.docx
2025-03-13 15:51:23,005 - ERROR - Error processing document 3. Undertaking - Labour.docx: 'Paragraph' object has no attribute 'paragraphs'
2025-03-13 15:51:23,005 - INFO - Successfully opened document: 4. Undertaking - Salaries.docx
2025-03-13 15:51:23,005 - ERROR - Error processing document 4. Undertaking - Salaries.docx: 'Paragraph' object has no attribute 'paragraphs'
2025-03-13 15:51:23,021 - INFO - Successfully opened document: 5. Local Content.docx
2025-03-13 15:51:23,021 - ERROR - Error processing document 5. Local Content.docx: 'Paragraph' object has no attribute 'paragraphs'
2025-03-13 15:51:23,037 - INFO - Successfully opened document: 6. Employment.docx
2025-03-13 15:51:23,037 - ERROR - Error processing document 6. Employment.docx: 'Paragraph' object has no attribute 'paragraphs'
2025-03-13 15:51:23,037 - INFO - Successfully opened document: 7. Conflict Of Interest.docx
2025-03-13 15:51:23,037 - ERROR - Error processing document 7. Conflict Of Interest.docx: 'Paragraph' object has no attribute 'paragraphs'
2025-03-13 15:51:23,053 - INFO - Successfully opened document: 8. Bid Requirements.docx
2025-03-13 15:51:23,053 - ERROR - Error processing document 8. Bid Requirements.docx: 'Paragraph' object has no attribute 'paragraphs'
2025-03-13 15:51:23,069 - INFO - Successfully opened document: 9. All Declaration.docx
2025-03-13 15:51:23,069 - ERROR - Error processing document 9. All Declaration.docx: 'Paragraph' object has no attribute 'paragraphs'
2025-03-13 15:51:34,387 - INFO - Successfully opened document: 1. Power Of Attorney.docx
2025-03-13 15:51:34,387 - ERROR - Error processing document 1. Power Of Attorney.docx: 'Paragraph' object has no attribute 'paragraphs'
2025-03-13 15:51:34,403 - INFO - Successfully opened document: 2. Cover Letter.docx
2025-03-13 15:51:34,403 - ERROR - Error processing document 2. Cover Letter.docx: 'Paragraph' object has no attribute 'paragraphs'
2025-03-13 15:51:34,403 - INFO - Successfully opened document: 3. Undertaking - Labour.docx
2025-03-13 15:51:34,403 - ERROR - Error processing document 3. Undertaking - Labour.docx: 'Paragraph' object has no attribute 'paragraphs'
2025-03-13 15:51:34,419 - INFO - Successfully opened document: 4. Undertaking - Salaries.docx
2025-03-13 15:51:34,419 - ERROR - Error processing document 4. Undertaking - Salaries.docx: 'Paragraph' object has no attribute 'paragraphs'
2025-03-13 15:51:34,435 - INFO - Successfully opened document: 5. Local Content.docx
2025-03-13 15:51:34,435 - ERROR - Error processing document 5. Local Content.docx: 'Paragraph' object has no attribute 'paragraphs'
2025-03-13 15:51:34,435 - INFO - Successfully opened document: 6. Employment.docx
2025-03-13 15:51:34,435 - ERROR - Error processing document 6. Employment.docx: 'Paragraph' object has no attribute 'paragraphs'
2025-03-13 15:51:34,457 - INFO - Successfully opened document: 7. Conflict Of Interest.docx
2025-03-13 15:51:34,457 - ERROR - Error processing document 7. Conflict Of Interest.docx: 'Paragraph' object has no attribute 'paragraphs'
2025-03-13 15:51:34,466 - INFO - Successfully opened document: 8. Bid Requirements.docx
2025-03-13 15:51:34,466 - ERROR - Error processing document 8. Bid Requirements.docx: 'Paragraph' object has no attribute 'paragraphs'
2025-03-13 15:51:34,479 - INFO - Successfully opened document: 9. All Declaration.docx
2025-03-13 15:51:34,479 - ERROR - Error processing document 9. All Declaration.docx: 'Paragraph' object has no attribute 'paragraphs'
2025-03-13 15:53:07,179 - INFO - Processing document: 1. Power Of Attorney.docx
2025-03-13 15:53:07,248 - INFO - Successfully saved document: 1. Power Of Attorney.docx
2025-03-13 15:53:10,281 - INFO - Processing document: 2. Cover Letter.docx
2025-03-13 15:53:10,328 - INFO - Successfully saved document: 2. Cover Letter.docx
2025-03-13 15:53:12,934 - INFO - Processing document: 3. Undertaking - Labour.docx
2025-03-13 15:53:12,992 - INFO - Successfully saved document: 3. Undertaking - Labour.docx
2025-03-13 15:53:15,693 - INFO - Processing document: 4. Undertaking - Salaries.docx
2025-03-13 15:53:15,731 - INFO - Successfully saved document: 4. Undertaking - Salaries.docx
2025-03-13 15:53:17,982 - INFO - Processing document: 5. Local Content.docx
2025-03-13 15:53:18,030 - INFO - Successfully saved document: 5. Local Content.docx
2025-03-13 15:53:20,129 - INFO - Processing document: 6. Employment.docx
2025-03-13 15:53:20,177 - INFO - Successfully saved document: 6. Employment.docx
2025-03-13 15:53:22,251 - INFO - Processing document: 7. Conflict Of Interest.docx
2025-03-13 15:53:22,292 - INFO - Successfully saved document: 7. Conflict Of Interest.docx
2025-03-13 15:53:24,657 - INFO - Processing document: 8. Bid Requirements.docx
2025-03-13 15:53:24,704 - INFO - Successfully saved document: 8. Bid Requirements.docx
2025-03-13 15:53:26,864 - INFO - Processing document: 9. All Declaration.docx
2025-03-13 15:53:26,912 - INFO - Successfully saved document: 9. All Declaration.docx
2025-03-13 15:53:29,816 - ERROR - Error compressing PDF: Pdf.save() got an unexpected keyword argument 'optimize'
2025-03-13 15:55:53,842 - INFO - Formatted date: 13th March 2025
2025-03-13 15:55:53,844 - INFO - Created output directory: C:\Users\AbrahamCEO\Desktop\RFQ Automation\Supply of Dogs
2025-03-13 15:55:53,846 - INFO - Processing 9 main documents...
2025-03-13 15:55:53,874 - INFO - Processing document: 1. Power Of Attorney.docx
2025-03-13 15:55:53,922 - INFO - Successfully saved document: 1. Power Of Attorney.docx
2025-03-13 15:55:56,945 - INFO - Created PDF: C:\Users\AbrahamCEO\Desktop\RFQ Automation\Supply of Dogs\1. Power Of Attorney.pdf
2025-03-13 15:55:56,961 - INFO - Removed intermediate Word file: C:\Users\AbrahamCEO\Desktop\RFQ Automation\Supply of Dogs\1. Power Of Attorney.docx
2025-03-13 15:55:56,977 - INFO - Processing document: 2. Cover Letter.docx
2025-03-13 15:55:57,024 - INFO - Successfully saved document: 2. Cover Letter.docx
2025-03-13 15:55:59,408 - INFO - Created PDF: C:\Users\AbrahamCEO\Desktop\RFQ Automation\Supply of Dogs\2. Cover Letter.pdf
2025-03-13 15:55:59,415 - INFO - Removed intermediate Word file: C:\Users\AbrahamCEO\Desktop\RFQ Automation\Supply of Dogs\2. Cover Letter.docx
2025-03-13 15:55:59,430 - INFO - Processing document: 3. Undertaking - Labour.docx
2025-03-13 15:55:59,478 - INFO - Successfully saved document: 3. Undertaking - Labour.docx
2025-03-13 15:56:01,798 - INFO - Created PDF: C:\Users\AbrahamCEO\Desktop\RFQ Automation\Supply of Dogs\3. Undertaking - Labour.pdf
2025-03-13 15:56:01,798 - INFO - Removed intermediate Word file: C:\Users\AbrahamCEO\Desktop\RFQ Automation\Supply of Dogs\3. Undertaking - Labour.docx
2025-03-13 15:56:01,808 - INFO - Processing document: 4. Undertaking - Salaries.docx
2025-03-13 15:56:01,860 - INFO - Successfully saved document: 4. Undertaking - Salaries.docx
2025-03-13 15:56:04,141 - INFO - Created PDF: C:\Users\AbrahamCEO\Desktop\RFQ Automation\Supply of Dogs\4. Undertaking - Salaries.pdf
2025-03-13 15:56:04,157 - INFO - Removed intermediate Word file: C:\Users\AbrahamCEO\Desktop\RFQ Automation\Supply of Dogs\4. Undertaking - Salaries.docx
2025-03-13 15:56:04,157 - INFO - Processing document: 5. Local Content.docx
2025-03-13 15:56:04,204 - INFO - Successfully saved document: 5. Local Content.docx
2025-03-13 15:56:06,688 - INFO - Created PDF: C:\Users\AbrahamCEO\Desktop\RFQ Automation\Supply of Dogs\5. Local Content.pdf
2025-03-13 15:56:06,688 - INFO - Removed intermediate Word file: C:\Users\AbrahamCEO\Desktop\RFQ Automation\Supply of Dogs\5. Local Content.docx
2025-03-13 15:56:06,720 - INFO - Processing document: 6. Employment.docx
2025-03-13 15:56:06,768 - INFO - Successfully saved document: 6. Employment.docx
2025-03-13 15:56:09,063 - INFO - Created PDF: C:\Users\AbrahamCEO\Desktop\RFQ Automation\Supply of Dogs\6. Employment.pdf
2025-03-13 15:56:09,076 - INFO - Removed intermediate Word file: C:\Users\AbrahamCEO\Desktop\RFQ Automation\Supply of Dogs\6. Employment.docx
2025-03-13 15:56:09,088 - INFO - Processing document: 7. Conflict Of Interest.docx
2025-03-13 15:56:09,124 - INFO - Successfully saved document: 7. Conflict Of Interest.docx
2025-03-13 15:56:11,190 - INFO - Created PDF: C:\Users\AbrahamCEO\Desktop\RFQ Automation\Supply of Dogs\7. Conflict Of Interest.pdf
2025-03-13 15:56:11,203 - INFO - Removed intermediate Word file: C:\Users\AbrahamCEO\Desktop\RFQ Automation\Supply of Dogs\7. Conflict Of Interest.docx
2025-03-13 15:56:11,219 - INFO - Processing document: 8. Bid Requirements.docx
2025-03-13 15:56:11,266 - INFO - Successfully saved document: 8. Bid Requirements.docx
2025-03-13 15:56:13,655 - INFO - Created PDF: C:\Users\AbrahamCEO\Desktop\RFQ Automation\Supply of Dogs\8. Bid Requirements.pdf
2025-03-13 15:56:13,655 - INFO - Removed intermediate Word file: C:\Users\AbrahamCEO\Desktop\RFQ Automation\Supply of Dogs\8. Bid Requirements.docx
2025-03-13 15:56:13,655 - INFO - Processing document: 9. All Declaration.docx
2025-03-13 15:56:13,702 - INFO - Successfully saved document: 9. All Declaration.docx
2025-03-13 15:56:16,167 - INFO - Created PDF: C:\Users\AbrahamCEO\Desktop\RFQ Automation\Supply of Dogs\9. All Declaration.pdf
2025-03-13 15:56:16,169 - INFO - Removed intermediate Word file: C:\Users\AbrahamCEO\Desktop\RFQ Automation\Supply of Dogs\9. All Declaration.docx
2025-03-13 15:56:16,169 - INFO - Processing 2 extras documents...
2025-03-13 15:56:16,185 - INFO - Processing document: 10. Twinrain Table of Contents Section Covers.docx
2025-03-13 15:56:16,226 - INFO - Successfully saved document: 10. Twinrain Table of Contents Section Covers.docx
2025-03-13 15:56:16,243 - INFO - Processing document: 11. Cover Page.docx
2025-03-13 15:56:16,295 - INFO - Successfully saved document: 11. Cover Page.docx
2025-03-13 15:56:16,295 - INFO - Merging 9 PDFs...
2025-03-13 15:56:17,079 - INFO - Successfully created final PDF: C:\Users\AbrahamCEO\Desktop\RFQ Automation\Supply of Dogs\Supply of Dogs_final.pdf
2025-03-13 15:56:17,079 - INFO - Cleaning up intermediate files...
2025-03-13 15:56:17,081 - INFO - Removed intermediate PDF: C:\Users\AbrahamCEO\Desktop\RFQ Automation\Supply of Dogs\1. Power Of Attorney.pdf
2025-03-13 15:56:17,081 - INFO - Removed intermediate PDF: C:\Users\AbrahamCEO\Desktop\RFQ Automation\Supply of Dogs\2. Cover Letter.pdf
2025-03-13 15:56:17,081 - INFO - Removed intermediate PDF: C:\Users\AbrahamCEO\Desktop\RFQ Automation\Supply of Dogs\3. Undertaking - Labour.pdf
2025-03-13 15:56:17,081 - INFO - Removed intermediate PDF: C:\Users\AbrahamCEO\Desktop\RFQ Automation\Supply of Dogs\4. Undertaking - Salaries.pdf
2025-03-13 15:56:17,083 - INFO - Removed intermediate PDF: C:\Users\AbrahamCEO\Desktop\RFQ Automation\Supply of Dogs\5. Local Content.pdf
2025-03-13 15:56:17,083 - INFO - Removed intermediate PDF: C:\Users\AbrahamCEO\Desktop\RFQ Automation\Supply of Dogs\6. Employment.pdf
2025-03-13 15:56:17,083 - INFO - Removed intermediate PDF: C:\Users\AbrahamCEO\Desktop\RFQ Automation\Supply of Dogs\7. Conflict Of Interest.pdf
2025-03-13 15:56:17,083 - INFO - Removed intermediate PDF: C:\Users\AbrahamCEO\Desktop\RFQ Automation\Supply of Dogs\8. Bid Requirements.pdf
2025-03-13 15:56:17,083 - INFO - Removed intermediate PDF: C:\Users\AbrahamCEO\Desktop\RFQ Automation\Supply of Dogs\9. All Declaration.pdf
2025-03-13 15:56:17,215 - INFO - Removed temporary merged PDF
2025-03-13 16:08:04,740 - INFO - Formatted date: 13th March 2025
2025-03-13 16:08:04,740 - INFO - Created output directory: C:\Users\AbrahamCEO\Desktop\RFQ Automation\IT Support Services for 3 Years
2025-03-13 16:08:04,740 - INFO - Processing 9 main documents...
2025-03-13 16:08:04,771 - INFO - Processing document: 1. Power Of Attorney.docx
2025-03-13 16:08:04,833 - INFO - Successfully saved document: 1. Power Of Attorney.docx
2025-03-13 16:08:09,330 - INFO - Created PDF: C:\Users\AbrahamCEO\Desktop\RFQ Automation\IT Support Services for 3 Years\1. Power Of Attorney.pdf
2025-03-13 16:08:09,330 - INFO - Removed intermediate Word file: C:\Users\AbrahamCEO\Desktop\RFQ Automation\IT Support Services for 3 Years\1. Power Of Attorney.docx
2025-03-13 16:08:09,345 - INFO - Processing document: 2. Cover Letter.docx
2025-03-13 16:08:09,393 - INFO - Successfully saved document: 2. Cover Letter.docx
2025-03-13 16:08:12,052 - INFO - Created PDF: C:\Users\AbrahamCEO\Desktop\RFQ Automation\IT Support Services for 3 Years\2. Cover Letter.pdf
2025-03-13 16:08:12,052 - INFO - Removed intermediate Word file: C:\Users\AbrahamCEO\Desktop\RFQ Automation\IT Support Services for 3 Years\2. Cover Letter.docx
2025-03-13 16:08:12,068 - INFO - Processing document: 3. Undertaking - Labour.docx
2025-03-13 16:08:12,115 - INFO - Successfully saved document: 3. Undertaking - Labour.docx
2025-03-13 16:08:14,603 - INFO - Created PDF: C:\Users\AbrahamCEO\Desktop\RFQ Automation\IT Support Services for 3 Years\3. Undertaking - Labour.pdf
2025-03-13 16:08:14,603 - INFO - Removed intermediate Word file: C:\Users\AbrahamCEO\Desktop\RFQ Automation\IT Support Services for 3 Years\3. Undertaking - Labour.docx
2025-03-13 16:08:14,619 - INFO - Processing document: 4. Undertaking - Salaries.docx
2025-03-13 16:08:14,667 - INFO - Successfully saved document: 4. Undertaking - Salaries.docx
2025-03-13 16:08:17,038 - INFO - Created PDF: C:\Users\AbrahamCEO\Desktop\RFQ Automation\IT Support Services for 3 Years\4. Undertaking - Salaries.pdf
2025-03-13 16:08:17,038 - INFO - Removed intermediate Word file: C:\Users\AbrahamCEO\Desktop\RFQ Automation\IT Support Services for 3 Years\4. Undertaking - Salaries.docx
2025-03-13 16:08:17,070 - INFO - Processing document: 5. Local Content.docx
2025-03-13 16:08:17,118 - INFO - Successfully saved document: 5. Local Content.docx
2025-03-13 16:08:19,550 - INFO - Created PDF: C:\Users\AbrahamCEO\Desktop\RFQ Automation\IT Support Services for 3 Years\5. Local Content.pdf
2025-03-13 16:08:19,550 - INFO - Removed intermediate Word file: C:\Users\AbrahamCEO\Desktop\RFQ Automation\IT Support Services for 3 Years\5. Local Content.docx
2025-03-13 16:08:19,566 - INFO - Processing document: 6. Employment.docx
2025-03-13 16:08:19,621 - INFO - Successfully saved document: 6. Employment.docx
2025-03-13 16:08:22,100 - INFO - Created PDF: C:\Users\AbrahamCEO\Desktop\RFQ Automation\IT Support Services for 3 Years\6. Employment.pdf
2025-03-13 16:08:22,102 - INFO - Removed intermediate Word file: C:\Users\AbrahamCEO\Desktop\RFQ Automation\IT Support Services for 3 Years\6. Employment.docx
2025-03-13 16:08:22,118 - INFO - Processing document: 7. Conflict Of Interest.docx
2025-03-13 16:08:22,163 - INFO - Successfully saved document: 7. Conflict Of Interest.docx
2025-03-13 16:08:24,586 - INFO - Created PDF: C:\Users\AbrahamCEO\Desktop\RFQ Automation\IT Support Services for 3 Years\7. Conflict Of Interest.pdf
2025-03-13 16:08:24,586 - INFO - Removed intermediate Word file: C:\Users\AbrahamCEO\Desktop\RFQ Automation\IT Support Services for 3 Years\7. Conflict Of Interest.docx
2025-03-13 16:08:24,618 - INFO - Processing document: 8. Bid Requirements.docx
2025-03-13 16:08:24,649 - INFO - Successfully saved document: 8. Bid Requirements.docx
2025-03-13 16:08:27,119 - INFO - Created PDF: C:\Users\AbrahamCEO\Desktop\RFQ Automation\IT Support Services for 3 Years\8. Bid Requirements.pdf
2025-03-13 16:08:27,119 - INFO - Removed intermediate Word file: C:\Users\AbrahamCEO\Desktop\RFQ Automation\IT Support Services for 3 Years\8. Bid Requirements.docx
2025-03-13 16:08:27,135 - INFO - Processing document: 9. All Declaration.docx
2025-03-13 16:08:27,167 - INFO - Successfully saved document: 9. All Declaration.docx
2025-03-13 16:08:30,199 - INFO - Created PDF: C:\Users\AbrahamCEO\Desktop\RFQ Automation\IT Support Services for 3 Years\9. All Declaration.pdf
2025-03-13 16:08:30,199 - INFO - Removed intermediate Word file: C:\Users\AbrahamCEO\Desktop\RFQ Automation\IT Support Services for 3 Years\9. All Declaration.docx
2025-03-13 16:08:30,199 - INFO - Processing 2 extras documents...
2025-03-13 16:08:30,199 - INFO - Processing document: 10. Twinrain Table of Contents Section Covers.docx
2025-03-13 16:08:30,251 - INFO - Successfully saved document: 10. Twinrain Table of Contents Section Covers.docx
2025-03-13 16:08:30,268 - INFO - Processing document: 11. Cover Page.docx
2025-03-13 16:08:30,318 - INFO - Successfully saved document: 11. Cover Page.docx
2025-03-13 16:08:30,318 - INFO - Merging 9 PDFs...
2025-03-13 16:08:31,068 - INFO - Successfully created final PDF: C:\Users\AbrahamCEO\Desktop\RFQ Automation\IT Support Services for 3 Years\IT Support Services for 3 Years_final.pdf
2025-03-13 16:08:31,068 - INFO - Cleaning up intermediate files...
2025-03-13 16:08:31,068 - INFO - Removed intermediate PDF: C:\Users\AbrahamCEO\Desktop\RFQ Automation\IT Support Services for 3 Years\1. Power Of Attorney.pdf
2025-03-13 16:08:31,068 - INFO - Removed intermediate PDF: C:\Users\AbrahamCEO\Desktop\RFQ Automation\IT Support Services for 3 Years\2. Cover Letter.pdf
2025-03-13 16:08:31,068 - INFO - Removed intermediate PDF: C:\Users\AbrahamCEO\Desktop\RFQ Automation\IT Support Services for 3 Years\3. Undertaking - Labour.pdf
2025-03-13 16:08:31,068 - INFO - Removed intermediate PDF: C:\Users\AbrahamCEO\Desktop\RFQ Automation\IT Support Services for 3 Years\4. Undertaking - Salaries.pdf
2025-03-13 16:08:31,068 - INFO - Removed intermediate PDF: C:\Users\AbrahamCEO\Desktop\RFQ Automation\IT Support Services for 3 Years\5. Local Content.pdf
2025-03-13 16:08:31,068 - INFO - Removed intermediate PDF: C:\Users\AbrahamCEO\Desktop\RFQ Automation\IT Support Services for 3 Years\6. Employment.pdf
2025-03-13 16:08:31,068 - INFO - Removed intermediate PDF: C:\Users\AbrahamCEO\Desktop\RFQ Automation\IT Support Services for 3 Years\7. Conflict Of Interest.pdf
2025-03-13 16:08:31,068 - INFO - Removed intermediate PDF: C:\Users\AbrahamCEO\Desktop\RFQ Automation\IT Support Services for 3 Years\8. Bid Requirements.pdf
2025-03-13 16:08:31,068 - INFO - Removed intermediate PDF: C:\Users\AbrahamCEO\Desktop\RFQ Automation\IT Support Services for 3 Years\9. All Declaration.pdf
2025-03-13 16:08:31,068 - INFO - Removed temporary merged PDF
2025-03-13 16:19:08,451 - INFO - Formatted date: 13th March 2025
2025-03-13 16:19:08,451 - INFO - Created output directory: C:\Users\AbrahamCEO\Desktop\RFQ Automation\ytytyty
2025-03-13 16:19:08,467 - INFO - Processing 9 main documents...
2025-03-13 16:19:08,499 - INFO - Processing document: 1. Power Of Attorney.docx
2025-03-13 16:19:08,546 - INFO - Successfully saved document: 1. Power Of Attorney.docx
2025-03-13 16:19:11,444 - INFO - Created PDF: C:\Users\AbrahamCEO\Desktop\RFQ Automation\ytytyty\1. Power Of Attorney.pdf
2025-03-13 16:19:11,459 - INFO - Removed intermediate Word file: C:\Users\AbrahamCEO\Desktop\RFQ Automation\ytytyty\1. Power Of Attorney.docx
2025-03-13 16:19:11,475 - INFO - Processing document: 2. Cover Letter.docx
2025-03-13 16:19:11,523 - INFO - Successfully saved document: 2. Cover Letter.docx
2025-03-13 16:19:13,829 - INFO - Created PDF: C:\Users\AbrahamCEO\Desktop\RFQ Automation\ytytyty\2. Cover Letter.pdf
2025-03-13 16:19:13,829 - INFO - Removed intermediate Word file: C:\Users\AbrahamCEO\Desktop\RFQ Automation\ytytyty\2. Cover Letter.docx
2025-03-13 16:19:13,842 - INFO - Processing document: 3. Undertaking - Labour.docx
2025-03-13 16:19:13,887 - INFO - Successfully saved document: 3. Undertaking - Labour.docx
2025-03-13 16:19:16,233 - INFO - Created PDF: C:\Users\AbrahamCEO\Desktop\RFQ Automation\ytytyty\3. Undertaking - Labour.pdf
2025-03-13 16:19:16,233 - INFO - Removed intermediate Word file: C:\Users\AbrahamCEO\Desktop\RFQ Automation\ytytyty\3. Undertaking - Labour.docx
2025-03-13 16:19:16,265 - INFO - Processing document: 4. Undertaking - Salaries.docx
2025-03-13 16:19:16,312 - INFO - Successfully saved document: 4. Undertaking - Salaries.docx
2025-03-13 16:19:18,476 - INFO - Created PDF: C:\Users\AbrahamCEO\Desktop\RFQ Automation\ytytyty\4. Undertaking - Salaries.pdf
2025-03-13 16:19:18,476 - INFO - Removed intermediate Word file: C:\Users\AbrahamCEO\Desktop\RFQ Automation\ytytyty\4. Undertaking - Salaries.docx
2025-03-13 16:19:18,507 - INFO - Processing document: 5. Local Content.docx
2025-03-13 16:19:18,552 - INFO - Successfully saved document: 5. Local Content.docx
2025-03-13 16:19:20,861 - INFO - Created PDF: C:\Users\AbrahamCEO\Desktop\RFQ Automation\ytytyty\5. Local Content.pdf
2025-03-13 16:19:20,861 - INFO - Removed intermediate Word file: C:\Users\AbrahamCEO\Desktop\RFQ Automation\ytytyty\5. Local Content.docx
2025-03-13 16:19:20,877 - INFO - Processing document: 6. Employment.docx
2025-03-13 16:19:20,925 - INFO - Successfully saved document: 6. Employment.docx
2025-03-13 16:19:23,215 - INFO - Created PDF: C:\Users\AbrahamCEO\Desktop\RFQ Automation\ytytyty\6. Employment.pdf
2025-03-13 16:19:23,217 - INFO - Removed intermediate Word file: C:\Users\AbrahamCEO\Desktop\RFQ Automation\ytytyty\6. Employment.docx
2025-03-13 16:19:23,233 - INFO - Processing document: 7. Conflict Of Interest.docx
2025-03-13 16:19:23,284 - INFO - Successfully saved document: 7. Conflict Of Interest.docx
2025-03-13 16:19:25,749 - INFO - Created PDF: C:\Users\AbrahamCEO\Desktop\RFQ Automation\ytytyty\7. Conflict Of Interest.pdf
2025-03-13 16:19:25,749 - INFO - Removed intermediate Word file: C:\Users\AbrahamCEO\Desktop\RFQ Automation\ytytyty\7. Conflict Of Interest.docx
2025-03-13 16:19:25,781 - INFO - Processing document: 8. Bid Requirements.docx
2025-03-13 16:19:25,838 - INFO - Successfully saved document: 8. Bid Requirements.docx
2025-03-13 16:19:28,133 - INFO - Created PDF: C:\Users\AbrahamCEO\Desktop\RFQ Automation\ytytyty\8. Bid Requirements.pdf
2025-03-13 16:19:28,133 - INFO - Removed intermediate Word file: C:\Users\AbrahamCEO\Desktop\RFQ Automation\ytytyty\8. Bid Requirements.docx
2025-03-13 16:19:28,165 - INFO - Processing document: 9. All Declaration.docx
2025-03-13 16:19:28,219 - INFO - Successfully saved document: 9. All Declaration.docx
2025-03-13 16:19:30,487 - INFO - Created PDF: C:\Users\AbrahamCEO\Desktop\RFQ Automation\ytytyty\9. All Declaration.pdf
2025-03-13 16:19:30,487 - INFO - Removed intermediate Word file: C:\Users\AbrahamCEO\Desktop\RFQ Automation\ytytyty\9. All Declaration.docx
2025-03-13 16:19:30,487 - INFO - Processing 2 extras documents...
2025-03-13 16:19:30,503 - INFO - Processing document: 10. Twinrain Table of Contents Section Covers.docx
2025-03-13 16:19:30,548 - INFO - Successfully saved document: 10. Twinrain Table of Contents Section Covers.docx
2025-03-13 16:19:30,565 - INFO - Processing document: 11. Cover Page.docx
2025-03-13 16:19:30,617 - INFO - Successfully saved document: 11. Cover Page.docx
2025-03-13 16:19:30,617 - INFO - Merging 9 PDFs...
2025-03-13 16:19:31,308 - INFO - Successfully created final PDF: C:\Users\AbrahamCEO\Desktop\RFQ Automation\ytytyty\ytytyty_final.pdf
2025-03-13 16:19:31,308 - INFO - Cleaning up intermediate files...
2025-03-13 16:19:31,308 - INFO - Removed intermediate PDF: C:\Users\AbrahamCEO\Desktop\RFQ Automation\ytytyty\1. Power Of Attorney.pdf
2025-03-13 16:19:31,308 - INFO - Removed intermediate PDF: C:\Users\AbrahamCEO\Desktop\RFQ Automation\ytytyty\2. Cover Letter.pdf
2025-03-13 16:19:31,308 - INFO - Removed intermediate PDF: C:\Users\AbrahamCEO\Desktop\RFQ Automation\ytytyty\3. Undertaking - Labour.pdf
2025-03-13 16:19:31,308 - INFO - Removed intermediate PDF: C:\Users\AbrahamCEO\Desktop\RFQ Automation\ytytyty\4. Undertaking - Salaries.pdf
2025-03-13 16:19:31,308 - INFO - Removed intermediate PDF: C:\Users\AbrahamCEO\Desktop\RFQ Automation\ytytyty\5. Local Content.pdf
2025-03-13 16:19:31,308 - INFO - Removed intermediate PDF: C:\Users\AbrahamCEO\Desktop\RFQ Automation\ytytyty\6. Employment.pdf
2025-03-13 16:19:31,308 - INFO - Removed intermediate PDF: C:\Users\AbrahamCEO\Desktop\RFQ Automation\ytytyty\7. Conflict Of Interest.pdf
2025-03-13 16:19:31,308 - INFO - Removed intermediate PDF: C:\Users\AbrahamCEO\Desktop\RFQ Automation\ytytyty\8. Bid Requirements.pdf
2025-03-13 16:19:31,308 - INFO - Removed intermediate PDF: C:\Users\AbrahamCEO\Desktop\RFQ Automation\ytytyty\9. All Declaration.pdf
2025-03-13 16:19:31,308 - INFO - Removed temporary merged PDF
2025-03-13 16:22:05,850 - INFO - Formatted date: 13th March 2025
2025-03-13 16:22:05,850 - INFO - Created output directory: C:\Users\AbrahamCEO\Desktop\RFQ Automation\ytytyty
2025-03-13 16:22:05,850 - INFO - Processing 9 main documents...
2025-03-13 16:22:05,882 - INFO - Processing document: 1. Power Of Attorney.docx
2025-03-13 16:22:05,939 - INFO - Successfully saved document: 1. Power Of Attorney.docx
2025-03-13 16:22:08,380 - INFO - Created PDF: C:\Users\AbrahamCEO\Desktop\RFQ Automation\ytytyty\1. Power Of Attorney.pdf
2025-03-13 16:22:08,380 - INFO - Removed intermediate Word file: C:\Users\AbrahamCEO\Desktop\RFQ Automation\ytytyty\1. Power Of Attorney.docx
2025-03-13 16:22:08,380 - INFO - Processing document: 2. Cover Letter.docx
2025-03-13 16:22:08,444 - INFO - Successfully saved document: 2. Cover Letter.docx
2025-03-13 16:22:09,759 - INFO - Created PDF: C:\Users\AbrahamCEO\Desktop\RFQ Automation\ytytyty\2. Cover Letter.pdf
2025-03-13 16:22:09,769 - INFO - Removed intermediate Word file: C:\Users\AbrahamCEO\Desktop\RFQ Automation\ytytyty\2. Cover Letter.docx
2025-03-13 16:22:09,807 - INFO - Processing document: 3. Undertaking - Labour.docx
2025-03-13 16:22:09,854 - INFO - Successfully saved document: 3. Undertaking - Labour.docx
2025-03-13 16:22:12,353 - INFO - Created PDF: C:\Users\AbrahamCEO\Desktop\RFQ Automation\ytytyty\3. Undertaking - Labour.pdf
2025-03-13 16:22:12,353 - INFO - Removed intermediate Word file: C:\Users\AbrahamCEO\Desktop\RFQ Automation\ytytyty\3. Undertaking - Labour.docx
2025-03-13 16:22:12,370 - INFO - Processing document: 4. Undertaking - Salaries.docx
2025-03-13 16:22:12,417 - INFO - Successfully saved document: 4. Undertaking - Salaries.docx
2025-03-13 16:22:14,772 - INFO - Created PDF: C:\Users\AbrahamCEO\Desktop\RFQ Automation\ytytyty\4. Undertaking - Salaries.pdf
2025-03-13 16:22:14,772 - INFO - Removed intermediate Word file: C:\Users\AbrahamCEO\Desktop\RFQ Automation\ytytyty\4. Undertaking - Salaries.docx
2025-03-13 16:22:14,787 - INFO - Processing document: 5. Local Content.docx
2025-03-13 16:22:14,835 - INFO - Successfully saved document: 5. Local Content.docx
2025-03-13 16:22:17,393 - INFO - Created PDF: C:\Users\AbrahamCEO\Desktop\RFQ Automation\ytytyty\5. Local Content.pdf
2025-03-13 16:22:17,393 - INFO - Removed intermediate Word file: C:\Users\AbrahamCEO\Desktop\RFQ Automation\ytytyty\5. Local Content.docx
2025-03-13 16:22:17,398 - INFO - Processing document: 6. Employment.docx
2025-03-13 16:22:17,454 - INFO - Successfully saved document: 6. Employment.docx
2025-03-13 16:22:19,730 - INFO - Created PDF: C:\Users\AbrahamCEO\Desktop\RFQ Automation\ytytyty\6. Employment.pdf
2025-03-13 16:22:19,730 - INFO - Removed intermediate Word file: C:\Users\AbrahamCEO\Desktop\RFQ Automation\ytytyty\6. Employment.docx
2025-03-13 16:22:19,738 - INFO - Processing document: 7. Conflict Of Interest.docx
2025-03-13 16:22:19,778 - INFO - Successfully saved document: 7. Conflict Of Interest.docx
2025-03-13 16:22:22,517 - INFO - Created PDF: C:\Users\AbrahamCEO\Desktop\RFQ Automation\ytytyty\7. Conflict Of Interest.pdf
2025-03-13 16:22:22,517 - INFO - Removed intermediate Word file: C:\Users\AbrahamCEO\Desktop\RFQ Automation\ytytyty\7. Conflict Of Interest.docx
2025-03-13 16:22:22,537 - INFO - Processing document: 8. Bid Requirements.docx
2025-03-13 16:22:22,584 - INFO - Successfully saved document: 8. Bid Requirements.docx
2025-03-13 16:22:24,731 - INFO - Created PDF: C:\Users\AbrahamCEO\Desktop\RFQ Automation\ytytyty\8. Bid Requirements.pdf
2025-03-13 16:22:24,746 - INFO - Removed intermediate Word file: C:\Users\AbrahamCEO\Desktop\RFQ Automation\ytytyty\8. Bid Requirements.docx
2025-03-13 16:22:24,751 - INFO - Processing document: 9. All Declaration.docx
2025-03-13 16:22:24,806 - INFO - Successfully saved document: 9. All Declaration.docx
2025-03-13 16:22:27,028 - INFO - Created PDF: C:\Users\AbrahamCEO\Desktop\RFQ Automation\ytytyty\9. All Declaration.pdf
2025-03-13 16:22:27,028 - INFO - Removed intermediate Word file: C:\Users\AbrahamCEO\Desktop\RFQ Automation\ytytyty\9. All Declaration.docx
2025-03-13 16:22:27,028 - INFO - Processing 2 extras documents...
2025-03-13 16:22:27,044 - INFO - Processing document: 10. Twinrain Table of Contents Section Covers.docx
2025-03-13 16:22:27,080 - INFO - Successfully saved document: 10. Twinrain Table of Contents Section Covers.docx
2025-03-13 16:22:27,101 - INFO - Processing document: 11. Cover Page.docx
2025-03-13 16:22:27,155 - INFO - Successfully saved document: 11. Cover Page.docx
2025-03-13 16:22:27,155 - INFO - Merging 9 PDFs...
2025-03-13 16:22:27,927 - INFO - Successfully created final PDF: C:\Users\AbrahamCEO\Desktop\RFQ Automation\ytytyty\ytytyty_final.pdf
2025-03-13 16:22:27,927 - INFO - Cleaning up intermediate files...
2025-03-13 16:22:27,927 - INFO - Removed intermediate PDF: C:\Users\AbrahamCEO\Desktop\RFQ Automation\ytytyty\1. Power Of Attorney.pdf
2025-03-13 16:22:27,927 - INFO - Removed intermediate PDF: C:\Users\AbrahamCEO\Desktop\RFQ Automation\ytytyty\2. Cover Letter.pdf
2025-03-13 16:22:27,927 - INFO - Removed intermediate PDF: C:\Users\AbrahamCEO\Desktop\RFQ Automation\ytytyty\3. Undertaking - Labour.pdf
2025-03-13 16:22:27,927 - INFO - Removed intermediate PDF: C:\Users\AbrahamCEO\Desktop\RFQ Automation\ytytyty\4. Undertaking - Salaries.pdf
2025-03-13 16:22:27,927 - INFO - Removed intermediate PDF: C:\Users\AbrahamCEO\Desktop\RFQ Automation\ytytyty\5. Local Content.pdf
2025-03-13 16:22:27,929 - INFO - Removed intermediate PDF: C:\Users\AbrahamCEO\Desktop\RFQ Automation\ytytyty\6. Employment.pdf
2025-03-13 16:22:27,929 - INFO - Removed intermediate PDF: C:\Users\AbrahamCEO\Desktop\RFQ Automation\ytytyty\7. Conflict Of Interest.pdf
2025-03-13 16:22:27,929 - INFO - Removed intermediate PDF: C:\Users\AbrahamCEO\Desktop\RFQ Automation\ytytyty\8. Bid Requirements.pdf
2025-03-13 16:22:27,929 - INFO - Removed intermediate PDF: C:\Users\AbrahamCEO\Desktop\RFQ Automation\ytytyty\9. All Declaration.pdf
2025-03-13 16:22:27,929 - INFO - Removed temporary merged PDF
2025-03-13 16:29:33,107 - INFO - Formatted date: 13th March 2025
2025-03-13 16:29:33,109 - INFO - Created output directory: C:\Users\AbrahamCEO\Desktop\RFQ Automation\Fisheries Observer Agency\Supply  delivery of Laptops (13th March 2025)
2025-03-13 16:29:33,111 - INFO - Processing 9 main documents...
2025-03-13 16:29:33,139 - INFO - Processing document: 1. Power Of Attorney.docx
2025-03-13 16:29:33,196 - INFO - Successfully saved document: 1. Power Of Attorney.docx
2025-03-13 16:29:36,131 - INFO - Created PDF: C:\Users\AbrahamCEO\Desktop\RFQ Automation\Fisheries Observer Agency\Supply  delivery of Laptops (13th March 2025)\1. Power Of Attorney.pdf
2025-03-13 16:29:36,131 - INFO - Removed intermediate Word file: C:\Users\AbrahamCEO\Desktop\RFQ Automation\Fisheries Observer Agency\Supply  delivery of Laptops (13th March 2025)\1. Power Of Attorney.docx
2025-03-13 16:29:36,147 - INFO - Processing document: 2. Cover Letter.docx
2025-03-13 16:29:36,194 - INFO - Successfully saved document: 2. Cover Letter.docx
2025-03-13 16:29:39,053 - INFO - Created PDF: C:\Users\AbrahamCEO\Desktop\RFQ Automation\Fisheries Observer Agency\Supply  delivery of Laptops (13th March 2025)\2. Cover Letter.pdf
2025-03-13 16:29:39,069 - INFO - Removed intermediate Word file: C:\Users\AbrahamCEO\Desktop\RFQ Automation\Fisheries Observer Agency\Supply  delivery of Laptops (13th March 2025)\2. Cover Letter.docx
2025-03-13 16:29:39,069 - INFO - Processing document: 3. Undertaking - Labour.docx
2025-03-13 16:29:39,123 - INFO - Successfully saved document: 3. Undertaking - Labour.docx
2025-03-13 16:29:41,774 - INFO - Created PDF: C:\Users\AbrahamCEO\Desktop\RFQ Automation\Fisheries Observer Agency\Supply  delivery of Laptops (13th March 2025)\3. Undertaking - Labour.pdf
2025-03-13 16:29:41,774 - INFO - Removed intermediate Word file: C:\Users\AbrahamCEO\Desktop\RFQ Automation\Fisheries Observer Agency\Supply  delivery of Laptops (13th March 2025)\3. Undertaking - Labour.docx
2025-03-13 16:29:41,785 - INFO - Processing document: 4. Undertaking - Salaries.docx
2025-03-13 16:29:41,833 - INFO - Successfully saved document: 4. Undertaking - Salaries.docx
2025-03-13 16:29:44,166 - INFO - Created PDF: C:\Users\AbrahamCEO\Desktop\RFQ Automation\Fisheries Observer Agency\Supply  delivery of Laptops (13th March 2025)\4. Undertaking - Salaries.pdf
2025-03-13 16:29:44,166 - INFO - Removed intermediate Word file: C:\Users\AbrahamCEO\Desktop\RFQ Automation\Fisheries Observer Agency\Supply  delivery of Laptops (13th March 2025)\4. Undertaking - Salaries.docx
2025-03-13 16:29:44,182 - INFO - Processing document: 5. Local Content.docx
2025-03-13 16:29:44,229 - INFO - Successfully saved document: 5. Local Content.docx
2025-03-13 16:29:46,832 - INFO - Created PDF: C:\Users\AbrahamCEO\Desktop\RFQ Automation\Fisheries Observer Agency\Supply  delivery of Laptops (13th March 2025)\5. Local Content.pdf
2025-03-13 16:29:46,832 - INFO - Removed intermediate Word file: C:\Users\AbrahamCEO\Desktop\RFQ Automation\Fisheries Observer Agency\Supply  delivery of Laptops (13th March 2025)\5. Local Content.docx
2025-03-13 16:29:46,832 - INFO - Processing document: 6. Employment.docx
2025-03-13 16:29:46,880 - INFO - Successfully saved document: 6. Employment.docx
2025-03-13 16:29:50,464 - INFO - Created PDF: C:\Users\AbrahamCEO\Desktop\RFQ Automation\Fisheries Observer Agency\Supply  delivery of Laptops (13th March 2025)\6. Employment.pdf
2025-03-13 16:29:50,464 - INFO - Removed intermediate Word file: C:\Users\AbrahamCEO\Desktop\RFQ Automation\Fisheries Observer Agency\Supply  delivery of Laptops (13th March 2025)\6. Employment.docx
2025-03-13 16:29:50,496 - INFO - Processing document: 7. Conflict Of Interest.docx
2025-03-13 16:29:50,544 - INFO - Successfully saved document: 7. Conflict Of Interest.docx
2025-03-13 16:29:53,245 - INFO - Created PDF: C:\Users\AbrahamCEO\Desktop\RFQ Automation\Fisheries Observer Agency\Supply  delivery of Laptops (13th March 2025)\7. Conflict Of Interest.pdf
2025-03-13 16:29:53,245 - ERROR - Error removing Word file: [WinError 3] The system cannot find the path specified: 'C:\\Users\\AbrahamCEO\\Desktop\\RFQ Automation\\Fisheries Observer Agency\\Supply  delivery of Laptops (13th March 2025)\\7. Conflict Of Interest.docx'
2025-03-13 16:29:53,276 - INFO - Processing document: 8. Bid Requirements.docx
2025-03-13 16:29:53,324 - INFO - Successfully saved document: 8. Bid Requirements.docx
2025-03-13 16:29:55,855 - INFO - Created PDF: C:\Users\AbrahamCEO\Desktop\RFQ Automation\Fisheries Observer Agency\Supply  delivery of Laptops (13th March 2025)\8. Bid Requirements.pdf
2025-03-13 16:29:55,855 - INFO - Removed intermediate Word file: C:\Users\AbrahamCEO\Desktop\RFQ Automation\Fisheries Observer Agency\Supply  delivery of Laptops (13th March 2025)\8. Bid Requirements.docx
2025-03-13 16:29:55,871 - INFO - Processing document: 9. All Declaration.docx
2025-03-13 16:29:55,919 - INFO - Successfully saved document: 9. All Declaration.docx
2025-03-13 16:29:58,619 - INFO - Created PDF: C:\Users\AbrahamCEO\Desktop\RFQ Automation\Fisheries Observer Agency\Supply  delivery of Laptops (13th March 2025)\9. All Declaration.pdf
2025-03-13 16:29:58,619 - INFO - Removed intermediate Word file: C:\Users\AbrahamCEO\Desktop\RFQ Automation\Fisheries Observer Agency\Supply  delivery of Laptops (13th March 2025)\9. All Declaration.docx
2025-03-13 16:29:58,619 - INFO - Processing 2 extras documents...
2025-03-13 16:29:58,632 - INFO - Processing document: 10. Twinrain Table of Contents Section Covers.docx
2025-03-13 16:29:58,668 - INFO - Successfully saved document: 10. Twinrain Table of Contents Section Covers.docx
2025-03-13 16:29:58,682 - INFO - Processing document: 11. Cover Page.docx
2025-03-13 16:29:58,730 - INFO - Successfully saved document: 11. Cover Page.docx
2025-03-13 16:29:58,730 - INFO - Merging 9 PDFs...
2025-03-13 16:29:58,745 - ERROR - Error in PDF processing: [Errno 2] No such file or directory: 'C:\\Users\\AbrahamCEO\\Desktop\\RFQ Automation\\Fisheries Observer Agency\\Supply  delivery of Laptops (13th March 2025)\\1. Power Of Attorney.pdf'
2025-03-13 16:29:58,745 - ERROR - Error in batch processing: local variable 'temp_merged_path' referenced before assignment
2025-03-13 16:30:15,038 - INFO - Formatted date: 13th March 2025
2025-03-13 16:30:15,042 - INFO - Created output directory: C:\Users\AbrahamCEO\Desktop\RFQ Automation\Fisheries Observer Agency\Supply  delivery of Laptops (13th March 2025)
2025-03-13 16:30:15,042 - INFO - Processing 9 main documents...
2025-03-13 16:30:15,071 - INFO - Processing document: 1. Power Of Attorney.docx
2025-03-13 16:30:15,130 - INFO - Successfully saved document: 1. Power Of Attorney.docx
2025-03-13 16:30:17,606 - INFO - Created PDF: C:\Users\AbrahamCEO\Desktop\RFQ Automation\Fisheries Observer Agency\Supply  delivery of Laptops (13th March 2025)\1. Power Of Attorney.pdf
2025-03-13 16:30:17,616 - INFO - Removed intermediate Word file: C:\Users\AbrahamCEO\Desktop\RFQ Automation\Fisheries Observer Agency\Supply  delivery of Laptops (13th March 2025)\1. Power Of Attorney.docx
2025-03-13 16:30:17,634 - INFO - Processing document: 2. Cover Letter.docx
2025-03-13 16:30:17,679 - INFO - Successfully saved document: 2. Cover Letter.docx
2025-03-13 16:30:20,527 - INFO - Created PDF: C:\Users\AbrahamCEO\Desktop\RFQ Automation\Fisheries Observer Agency\Supply  delivery of Laptops (13th March 2025)\2. Cover Letter.pdf
2025-03-13 16:30:20,534 - INFO - Removed intermediate Word file: C:\Users\AbrahamCEO\Desktop\RFQ Automation\Fisheries Observer Agency\Supply  delivery of Laptops (13th March 2025)\2. Cover Letter.docx
2025-03-13 16:30:20,559 - INFO - Processing document: 3. Undertaking - Labour.docx
2025-03-13 16:30:20,607 - INFO - Successfully saved document: 3. Undertaking - Labour.docx
2025-03-13 16:30:23,297 - INFO - Created PDF: C:\Users\AbrahamCEO\Desktop\RFQ Automation\Fisheries Observer Agency\Supply  delivery of Laptops (13th March 2025)\3. Undertaking - Labour.pdf
2025-03-13 16:30:23,313 - INFO - Removed intermediate Word file: C:\Users\AbrahamCEO\Desktop\RFQ Automation\Fisheries Observer Agency\Supply  delivery of Laptops (13th March 2025)\3. Undertaking - Labour.docx
2025-03-13 16:30:23,313 - INFO - Processing document: 4. Undertaking - Salaries.docx
2025-03-13 16:30:23,361 - INFO - Successfully saved document: 4. Undertaking - Salaries.docx
2025-03-13 16:30:25,949 - INFO - Created PDF: C:\Users\AbrahamCEO\Desktop\RFQ Automation\Fisheries Observer Agency\Supply  delivery of Laptops (13th March 2025)\4. Undertaking - Salaries.pdf
2025-03-13 16:30:25,949 - INFO - Removed intermediate Word file: C:\Users\AbrahamCEO\Desktop\RFQ Automation\Fisheries Observer Agency\Supply  delivery of Laptops (13th March 2025)\4. Undertaking - Salaries.docx
2025-03-13 16:30:25,971 - INFO - Processing document: 5. Local Content.docx
2025-03-13 16:30:26,018 - INFO - Successfully saved document: 5. Local Content.docx
2025-03-13 16:30:28,809 - INFO - Created PDF: C:\Users\AbrahamCEO\Desktop\RFQ Automation\Fisheries Observer Agency\Supply  delivery of Laptops (13th March 2025)\5. Local Content.pdf
2025-03-13 16:30:28,809 - INFO - Removed intermediate Word file: C:\Users\AbrahamCEO\Desktop\RFQ Automation\Fisheries Observer Agency\Supply  delivery of Laptops (13th March 2025)\5. Local Content.docx
2025-03-13 16:30:28,809 - INFO - Processing document: 6. Employment.docx
2025-03-13 16:30:28,872 - INFO - Successfully saved document: 6. Employment.docx
2025-03-13 16:30:32,835 - INFO - Created PDF: C:\Users\AbrahamCEO\Desktop\RFQ Automation\Fisheries Observer Agency\Supply  delivery of Laptops (13th March 2025)\6. Employment.pdf
2025-03-13 16:30:32,843 - INFO - Removed intermediate Word file: C:\Users\AbrahamCEO\Desktop\RFQ Automation\Fisheries Observer Agency\Supply  delivery of Laptops (13th March 2025)\6. Employment.docx
2025-03-13 16:30:32,859 - INFO - Processing document: 7. Conflict Of Interest.docx
2025-03-13 16:30:32,906 - INFO - Successfully saved document: 7. Conflict Of Interest.docx
2025-03-13 16:30:35,216 - INFO - Created PDF: C:\Users\AbrahamCEO\Desktop\RFQ Automation\Fisheries Observer Agency\Supply  delivery of Laptops (13th March 2025)\7. Conflict Of Interest.pdf
2025-03-13 16:30:35,231 - INFO - Removed intermediate Word file: C:\Users\AbrahamCEO\Desktop\RFQ Automation\Fisheries Observer Agency\Supply  delivery of Laptops (13th March 2025)\7. Conflict Of Interest.docx
2025-03-13 16:30:35,231 - INFO - Processing document: 8. Bid Requirements.docx
2025-03-13 16:30:35,279 - INFO - Successfully saved document: 8. Bid Requirements.docx
2025-03-13 16:30:37,715 - INFO - Created PDF: C:\Users\AbrahamCEO\Desktop\RFQ Automation\Fisheries Observer Agency\Supply  delivery of Laptops (13th March 2025)\8. Bid Requirements.pdf
2025-03-13 16:30:37,715 - INFO - Removed intermediate Word file: C:\Users\AbrahamCEO\Desktop\RFQ Automation\Fisheries Observer Agency\Supply  delivery of Laptops (13th March 2025)\8. Bid Requirements.docx
2025-03-13 16:30:37,727 - INFO - Processing document: 9. All Declaration.docx
2025-03-13 16:30:37,762 - INFO - Successfully saved document: 9. All Declaration.docx
2025-03-13 16:30:40,201 - INFO - Created PDF: C:\Users\AbrahamCEO\Desktop\RFQ Automation\Fisheries Observer Agency\Supply  delivery of Laptops (13th March 2025)\9. All Declaration.pdf
2025-03-13 16:30:40,201 - INFO - Removed intermediate Word file: C:\Users\AbrahamCEO\Desktop\RFQ Automation\Fisheries Observer Agency\Supply  delivery of Laptops (13th March 2025)\9. All Declaration.docx
2025-03-13 16:30:40,201 - INFO - Processing 2 extras documents...
2025-03-13 16:30:40,217 - INFO - Processing document: 10. Twinrain Table of Contents Section Covers.docx
2025-03-13 16:30:40,271 - INFO - Successfully saved document: 10. Twinrain Table of Contents Section Covers.docx
2025-03-13 16:30:40,280 - INFO - Processing document: 11. Cover Page.docx
2025-03-13 16:30:40,341 - INFO - Successfully saved document: 11. Cover Page.docx
2025-03-13 16:30:40,341 - INFO - Merging 9 PDFs...
2025-03-13 16:30:41,139 - INFO - Successfully created final PDF: C:\Users\AbrahamCEO\Desktop\RFQ Automation\Fisheries Observer Agency\Supply  delivery of Laptops (13th March 2025)\Supply  delivery of Laptops_final.pdf
2025-03-13 16:30:41,139 - INFO - Cleaning up intermediate files...
2025-03-13 16:30:41,139 - INFO - Removed intermediate PDF: C:\Users\AbrahamCEO\Desktop\RFQ Automation\Fisheries Observer Agency\Supply  delivery of Laptops (13th March 2025)\1. Power Of Attorney.pdf
2025-03-13 16:30:41,139 - INFO - Removed intermediate PDF: C:\Users\AbrahamCEO\Desktop\RFQ Automation\Fisheries Observer Agency\Supply  delivery of Laptops (13th March 2025)\2. Cover Letter.pdf
2025-03-13 16:30:41,141 - INFO - Removed intermediate PDF: C:\Users\AbrahamCEO\Desktop\RFQ Automation\Fisheries Observer Agency\Supply  delivery of Laptops (13th March 2025)\3. Undertaking - Labour.pdf
2025-03-13 16:30:41,141 - INFO - Removed intermediate PDF: C:\Users\AbrahamCEO\Desktop\RFQ Automation\Fisheries Observer Agency\Supply  delivery of Laptops (13th March 2025)\4. Undertaking - Salaries.pdf
2025-03-13 16:30:41,141 - INFO - Removed intermediate PDF: C:\Users\AbrahamCEO\Desktop\RFQ Automation\Fisheries Observer Agency\Supply  delivery of Laptops (13th March 2025)\5. Local Content.pdf
2025-03-13 16:30:41,141 - INFO - Removed intermediate PDF: C:\Users\AbrahamCEO\Desktop\RFQ Automation\Fisheries Observer Agency\Supply  delivery of Laptops (13th March 2025)\6. Employment.pdf
2025-03-13 16:30:41,143 - INFO - Removed intermediate PDF: C:\Users\AbrahamCEO\Desktop\RFQ Automation\Fisheries Observer Agency\Supply  delivery of Laptops (13th March 2025)\7. Conflict Of Interest.pdf
2025-03-13 16:30:41,143 - INFO - Removed intermediate PDF: C:\Users\AbrahamCEO\Desktop\RFQ Automation\Fisheries Observer Agency\Supply  delivery of Laptops (13th March 2025)\8. Bid Requirements.pdf
2025-03-13 16:30:41,143 - INFO - Removed intermediate PDF: C:\Users\AbrahamCEO\Desktop\RFQ Automation\Fisheries Observer Agency\Supply  delivery of Laptops (13th March 2025)\9. All Declaration.pdf
2025-03-13 16:30:41,143 - INFO - Removed temporary merged PDF
2025-03-13 16:31:02,542 - INFO - Formatted date: 28th March 2025
2025-03-13 16:31:02,549 - INFO - Created output directory: C:\Users\AbrahamCEO\Desktop\RFQ Automation\Fisheries Observer Agency\Supply  delivery of Laptops (28th March 2025)
2025-03-13 16:31:02,549 - INFO - Processing 9 main documents...
2025-03-13 16:31:02,571 - INFO - Processing document: 1. Power Of Attorney.docx
2025-03-13 16:31:02,608 - INFO - Successfully saved document: 1. Power Of Attorney.docx
2025-03-13 16:31:05,299 - INFO - Created PDF: C:\Users\AbrahamCEO\Desktop\RFQ Automation\Fisheries Observer Agency\Supply  delivery of Laptops (28th March 2025)\1. Power Of Attorney.pdf
2025-03-13 16:31:05,299 - INFO - Removed intermediate Word file: C:\Users\AbrahamCEO\Desktop\RFQ Automation\Fisheries Observer Agency\Supply  delivery of Laptops (28th March 2025)\1. Power Of Attorney.docx
2025-03-13 16:31:05,331 - INFO - Processing document: 2. Cover Letter.docx
2025-03-13 16:31:05,394 - INFO - Successfully saved document: 2. Cover Letter.docx
2025-03-13 16:31:07,964 - INFO - Created PDF: C:\Users\AbrahamCEO\Desktop\RFQ Automation\Fisheries Observer Agency\Supply  delivery of Laptops (28th March 2025)\2. Cover Letter.pdf
2025-03-13 16:31:07,964 - INFO - Removed intermediate Word file: C:\Users\AbrahamCEO\Desktop\RFQ Automation\Fisheries Observer Agency\Supply  delivery of Laptops (28th March 2025)\2. Cover Letter.docx
2025-03-13 16:31:07,986 - INFO - Processing document: 3. Undertaking - Labour.docx
2025-03-13 16:31:08,035 - INFO - Successfully saved document: 3. Undertaking - Labour.docx
2025-03-13 16:31:10,367 - INFO - Created PDF: C:\Users\AbrahamCEO\Desktop\RFQ Automation\Fisheries Observer Agency\Supply  delivery of Laptops (28th March 2025)\3. Undertaking - Labour.pdf
2025-03-13 16:31:10,367 - INFO - Removed intermediate Word file: C:\Users\AbrahamCEO\Desktop\RFQ Automation\Fisheries Observer Agency\Supply  delivery of Laptops (28th March 2025)\3. Undertaking - Labour.docx
2025-03-13 16:31:10,389 - INFO - Processing document: 4. Undertaking - Salaries.docx
2025-03-13 16:31:10,430 - INFO - Successfully saved document: 4. Undertaking - Salaries.docx
2025-03-13 16:31:12,717 - INFO - Created PDF: C:\Users\AbrahamCEO\Desktop\RFQ Automation\Fisheries Observer Agency\Supply  delivery of Laptops (28th March 2025)\4. Undertaking - Salaries.pdf
2025-03-13 16:31:12,717 - INFO - Removed intermediate Word file: C:\Users\AbrahamCEO\Desktop\RFQ Automation\Fisheries Observer Agency\Supply  delivery of Laptops (28th March 2025)\4. Undertaking - Salaries.docx
2025-03-13 16:31:12,733 - INFO - Processing document: 5. Local Content.docx
2025-03-13 16:31:12,781 - INFO - Successfully saved document: 5. Local Content.docx
2025-03-13 16:31:15,102 - INFO - Created PDF: C:\Users\AbrahamCEO\Desktop\RFQ Automation\Fisheries Observer Agency\Supply  delivery of Laptops (28th March 2025)\5. Local Content.pdf
2025-03-13 16:31:15,102 - INFO - Removed intermediate Word file: C:\Users\AbrahamCEO\Desktop\RFQ Automation\Fisheries Observer Agency\Supply  delivery of Laptops (28th March 2025)\5. Local Content.docx
2025-03-13 16:31:15,145 - INFO - Processing document: 6. Employment.docx
2025-03-13 16:31:15,197 - INFO - Successfully saved document: 6. Employment.docx
2025-03-13 16:31:16,467 - INFO - Created PDF: C:\Users\AbrahamCEO\Desktop\RFQ Automation\Fisheries Observer Agency\Supply  delivery of Laptops (28th March 2025)\6. Employment.pdf
2025-03-13 16:31:16,467 - INFO - Removed intermediate Word file: C:\Users\AbrahamCEO\Desktop\RFQ Automation\Fisheries Observer Agency\Supply  delivery of Laptops (28th March 2025)\6. Employment.docx
2025-03-13 16:31:16,485 - INFO - Processing document: 7. Conflict Of Interest.docx
2025-03-13 16:31:16,546 - INFO - Successfully saved document: 7. Conflict Of Interest.docx
2025-03-13 16:31:19,844 - INFO - Created PDF: C:\Users\AbrahamCEO\Desktop\RFQ Automation\Fisheries Observer Agency\Supply  delivery of Laptops (28th March 2025)\7. Conflict Of Interest.pdf
2025-03-13 16:31:19,860 - INFO - Removed intermediate Word file: C:\Users\AbrahamCEO\Desktop\RFQ Automation\Fisheries Observer Agency\Supply  delivery of Laptops (28th March 2025)\7. Conflict Of Interest.docx
2025-03-13 16:31:19,876 - INFO - Processing document: 8. Bid Requirements.docx
2025-03-13 16:31:19,924 - INFO - Successfully saved document: 8. Bid Requirements.docx
2025-03-13 16:31:22,802 - INFO - Created PDF: C:\Users\AbrahamCEO\Desktop\RFQ Automation\Fisheries Observer Agency\Supply  delivery of Laptops (28th March 2025)\8. Bid Requirements.pdf
2025-03-13 16:31:22,802 - INFO - Removed intermediate Word file: C:\Users\AbrahamCEO\Desktop\RFQ Automation\Fisheries Observer Agency\Supply  delivery of Laptops (28th March 2025)\8. Bid Requirements.docx
2025-03-13 16:31:22,802 - INFO - Processing document: 9. All Declaration.docx
2025-03-13 16:31:22,850 - INFO - Successfully saved document: 9. All Declaration.docx
2025-03-13 16:31:25,007 - INFO - Created PDF: C:\Users\AbrahamCEO\Desktop\RFQ Automation\Fisheries Observer Agency\Supply  delivery of Laptops (28th March 2025)\9. All Declaration.pdf
2025-03-13 16:31:25,007 - INFO - Removed intermediate Word file: C:\Users\AbrahamCEO\Desktop\RFQ Automation\Fisheries Observer Agency\Supply  delivery of Laptops (28th March 2025)\9. All Declaration.docx
2025-03-13 16:31:25,007 - INFO - Processing 2 extras documents...
2025-03-13 16:31:25,007 - INFO - Processing document: 10. Twinrain Table of Contents Section Covers.docx
2025-03-13 16:31:25,055 - INFO - Successfully saved document: 10. Twinrain Table of Contents Section Covers.docx
2025-03-13 16:31:25,070 - INFO - Processing document: 11. Cover Page.docx
2025-03-13 16:31:25,118 - INFO - Successfully saved document: 11. Cover Page.docx
2025-03-13 16:31:25,118 - INFO - Merging 9 PDFs...
2025-03-13 16:31:26,057 - INFO - Successfully created final PDF: C:\Users\AbrahamCEO\Desktop\RFQ Automation\Fisheries Observer Agency\Supply  delivery of Laptops (28th March 2025)\Supply  delivery of Laptops_final.pdf
2025-03-13 16:31:26,057 - INFO - Cleaning up intermediate files...
2025-03-13 16:31:26,057 - INFO - Removed intermediate PDF: C:\Users\AbrahamCEO\Desktop\RFQ Automation\Fisheries Observer Agency\Supply  delivery of Laptops (28th March 2025)\1. Power Of Attorney.pdf
2025-03-13 16:31:26,057 - INFO - Removed intermediate PDF: C:\Users\AbrahamCEO\Desktop\RFQ Automation\Fisheries Observer Agency\Supply  delivery of Laptops (28th March 2025)\2. Cover Letter.pdf
2025-03-13 16:31:26,057 - INFO - Removed intermediate PDF: C:\Users\AbrahamCEO\Desktop\RFQ Automation\Fisheries Observer Agency\Supply  delivery of Laptops (28th March 2025)\3. Undertaking - Labour.pdf
2025-03-13 16:31:26,057 - INFO - Removed intermediate PDF: C:\Users\AbrahamCEO\Desktop\RFQ Automation\Fisheries Observer Agency\Supply  delivery of Laptops (28th March 2025)\4. Undertaking - Salaries.pdf
2025-03-13 16:31:26,057 - INFO - Removed intermediate PDF: C:\Users\AbrahamCEO\Desktop\RFQ Automation\Fisheries Observer Agency\Supply  delivery of Laptops (28th March 2025)\5. Local Content.pdf
2025-03-13 16:31:26,057 - INFO - Removed intermediate PDF: C:\Users\AbrahamCEO\Desktop\RFQ Automation\Fisheries Observer Agency\Supply  delivery of Laptops (28th March 2025)\6. Employment.pdf
2025-03-13 16:31:26,057 - INFO - Removed intermediate PDF: C:\Users\AbrahamCEO\Desktop\RFQ Automation\Fisheries Observer Agency\Supply  delivery of Laptops (28th March 2025)\7. Conflict Of Interest.pdf
2025-03-13 16:31:26,057 - INFO - Removed intermediate PDF: C:\Users\AbrahamCEO\Desktop\RFQ Automation\Fisheries Observer Agency\Supply  delivery of Laptops (28th March 2025)\8. Bid Requirements.pdf
2025-03-13 16:31:26,057 - INFO - Removed intermediate PDF: C:\Users\AbrahamCEO\Desktop\RFQ Automation\Fisheries Observer Agency\Supply  delivery of Laptops (28th March 2025)\9. All Declaration.pdf
2025-03-13 16:31:26,057 - INFO - Removed temporary merged PDF
2025-03-13 16:31:51,297 - INFO - Formatted date: 28th March 2025
2025-03-13 16:31:51,306 - INFO - Created output directory: C:\Users\AbrahamCEO\Desktop\RFQ Automation\Fisheries Observer Agency 2\Supply  delivery of Laptops (28th March 2025)
2025-03-13 16:31:51,306 - INFO - Processing 9 main documents...
2025-03-13 16:31:51,329 - INFO - Processing document: 1. Power Of Attorney.docx
2025-03-13 16:31:51,393 - INFO - Successfully saved document: 1. Power Of Attorney.docx
2025-03-13 16:31:55,916 - INFO - Created PDF: C:\Users\AbrahamCEO\Desktop\RFQ Automation\Fisheries Observer Agency 2\Supply  delivery of Laptops (28th March 2025)\1. Power Of Attorney.pdf
2025-03-13 16:31:55,916 - INFO - Removed intermediate Word file: C:\Users\AbrahamCEO\Desktop\RFQ Automation\Fisheries Observer Agency 2\Supply  delivery of Laptops (28th March 2025)\1. Power Of Attorney.docx
2025-03-13 16:31:55,932 - INFO - Processing document: 2. Cover Letter.docx
2025-03-13 16:31:55,980 - INFO - Successfully saved document: 2. Cover Letter.docx
2025-03-13 16:31:59,243 - INFO - Created PDF: C:\Users\AbrahamCEO\Desktop\RFQ Automation\Fisheries Observer Agency 2\Supply  delivery of Laptops (28th March 2025)\2. Cover Letter.pdf
2025-03-13 16:31:59,243 - INFO - Removed intermediate Word file: C:\Users\AbrahamCEO\Desktop\RFQ Automation\Fisheries Observer Agency 2\Supply  delivery of Laptops (28th March 2025)\2. Cover Letter.docx
2025-03-13 16:31:59,259 - INFO - Processing document: 3. Undertaking - Labour.docx
2025-03-13 16:31:59,309 - INFO - Successfully saved document: 3. Undertaking - Labour.docx
2025-03-13 16:32:01,658 - INFO - Created PDF: C:\Users\AbrahamCEO\Desktop\RFQ Automation\Fisheries Observer Agency 2\Supply  delivery of Laptops (28th March 2025)\3. Undertaking - Labour.pdf
2025-03-13 16:32:01,658 - INFO - Removed intermediate Word file: C:\Users\AbrahamCEO\Desktop\RFQ Automation\Fisheries Observer Agency 2\Supply  delivery of Laptops (28th March 2025)\3. Undertaking - Labour.docx
2025-03-13 16:32:01,658 - INFO - Processing document: 4. Undertaking - Salaries.docx
2025-03-13 16:32:01,717 - INFO - Successfully saved document: 4. Undertaking - Salaries.docx
2025-03-13 16:32:04,213 - INFO - Created PDF: C:\Users\AbrahamCEO\Desktop\RFQ Automation\Fisheries Observer Agency 2\Supply  delivery of Laptops (28th March 2025)\4. Undertaking - Salaries.pdf
2025-03-13 16:32:04,213 - INFO - Removed intermediate Word file: C:\Users\AbrahamCEO\Desktop\RFQ Automation\Fisheries Observer Agency 2\Supply  delivery of Laptops (28th March 2025)\4. Undertaking - Salaries.docx
2025-03-13 16:32:04,227 - INFO - Processing document: 5. Local Content.docx
2025-03-13 16:32:04,276 - INFO - Successfully saved document: 5. Local Content.docx
2025-03-13 16:32:05,592 - INFO - Created PDF: C:\Users\AbrahamCEO\Desktop\RFQ Automation\Fisheries Observer Agency 2\Supply  delivery of Laptops (28th March 2025)\5. Local Content.pdf
2025-03-13 16:32:05,601 - INFO - Removed intermediate Word file: C:\Users\AbrahamCEO\Desktop\RFQ Automation\Fisheries Observer Agency 2\Supply  delivery of Laptops (28th March 2025)\5. Local Content.docx
2025-03-13 16:32:05,639 - INFO - Processing document: 6. Employment.docx
2025-03-13 16:32:05,692 - INFO - Successfully saved document: 6. Employment.docx
2025-03-13 16:32:08,288 - INFO - Created PDF: C:\Users\AbrahamCEO\Desktop\RFQ Automation\Fisheries Observer Agency 2\Supply  delivery of Laptops (28th March 2025)\6. Employment.pdf
2025-03-13 16:32:08,288 - INFO - Removed intermediate Word file: C:\Users\AbrahamCEO\Desktop\RFQ Automation\Fisheries Observer Agency 2\Supply  delivery of Laptops (28th March 2025)\6. Employment.docx
2025-03-13 16:32:08,300 - INFO - Processing document: 7. Conflict Of Interest.docx
2025-03-13 16:32:08,352 - INFO - Successfully saved document: 7. Conflict Of Interest.docx
2025-03-13 16:32:10,947 - INFO - Created PDF: C:\Users\AbrahamCEO\Desktop\RFQ Automation\Fisheries Observer Agency 2\Supply  delivery of Laptops (28th March 2025)\7. Conflict Of Interest.pdf
2025-03-13 16:32:10,947 - INFO - Removed intermediate Word file: C:\Users\AbrahamCEO\Desktop\RFQ Automation\Fisheries Observer Agency 2\Supply  delivery of Laptops (28th March 2025)\7. Conflict Of Interest.docx
2025-03-13 16:32:10,963 - INFO - Processing document: 8. Bid Requirements.docx
2025-03-13 16:32:11,011 - INFO - Successfully saved document: 8. Bid Requirements.docx
2025-03-13 16:32:14,469 - INFO - Created PDF: C:\Users\AbrahamCEO\Desktop\RFQ Automation\Fisheries Observer Agency 2\Supply  delivery of Laptops (28th March 2025)\8. Bid Requirements.pdf
2025-03-13 16:32:14,470 - INFO - Removed intermediate Word file: C:\Users\AbrahamCEO\Desktop\RFQ Automation\Fisheries Observer Agency 2\Supply  delivery of Laptops (28th March 2025)\8. Bid Requirements.docx
2025-03-13 16:32:14,470 - INFO - Processing document: 9. All Declaration.docx
2025-03-13 16:32:14,518 - INFO - Successfully saved document: 9. All Declaration.docx
2025-03-13 16:32:17,376 - INFO - Created PDF: C:\Users\AbrahamCEO\Desktop\RFQ Automation\Fisheries Observer Agency 2\Supply  delivery of Laptops (28th March 2025)\9. All Declaration.pdf
2025-03-13 16:32:17,376 - INFO - Removed intermediate Word file: C:\Users\AbrahamCEO\Desktop\RFQ Automation\Fisheries Observer Agency 2\Supply  delivery of Laptops (28th March 2025)\9. All Declaration.docx
2025-03-13 16:32:17,376 - INFO - Processing 2 extras documents...
2025-03-13 16:32:17,388 - INFO - Processing document: 10. Twinrain Table of Contents Section Covers.docx
2025-03-13 16:32:17,430 - INFO - Successfully saved document: 10. Twinrain Table of Contents Section Covers.docx
2025-03-13 16:32:17,448 - INFO - Processing document: 11. Cover Page.docx
2025-03-13 16:32:17,488 - INFO - Successfully saved document: 11. Cover Page.docx
2025-03-13 16:32:17,488 - INFO - Merging 9 PDFs...
2025-03-13 16:32:18,376 - INFO - Successfully created final PDF: C:\Users\AbrahamCEO\Desktop\RFQ Automation\Fisheries Observer Agency 2\Supply  delivery of Laptops (28th March 2025)\Supply  delivery of Laptops_final.pdf
2025-03-13 16:32:18,376 - INFO - Cleaning up intermediate files...
2025-03-13 16:32:18,376 - INFO - Removed intermediate PDF: C:\Users\AbrahamCEO\Desktop\RFQ Automation\Fisheries Observer Agency 2\Supply  delivery of Laptops (28th March 2025)\1. Power Of Attorney.pdf
2025-03-13 16:32:18,376 - INFO - Removed intermediate PDF: C:\Users\AbrahamCEO\Desktop\RFQ Automation\Fisheries Observer Agency 2\Supply  delivery of Laptops (28th March 2025)\2. Cover Letter.pdf
2025-03-13 16:32:18,376 - INFO - Removed intermediate PDF: C:\Users\AbrahamCEO\Desktop\RFQ Automation\Fisheries Observer Agency 2\Supply  delivery of Laptops (28th March 2025)\3. Undertaking - Labour.pdf
2025-03-13 16:32:18,376 - INFO - Removed intermediate PDF: C:\Users\AbrahamCEO\Desktop\RFQ Automation\Fisheries Observer Agency 2\Supply  delivery of Laptops (28th March 2025)\4. Undertaking - Salaries.pdf
2025-03-13 16:32:18,376 - INFO - Removed intermediate PDF: C:\Users\AbrahamCEO\Desktop\RFQ Automation\Fisheries Observer Agency 2\Supply  delivery of Laptops (28th March 2025)\5. Local Content.pdf
2025-03-13 16:32:18,376 - INFO - Removed intermediate PDF: C:\Users\AbrahamCEO\Desktop\RFQ Automation\Fisheries Observer Agency 2\Supply  delivery of Laptops (28th March 2025)\6. Employment.pdf
2025-03-13 16:32:18,376 - INFO - Removed intermediate PDF: C:\Users\AbrahamCEO\Desktop\RFQ Automation\Fisheries Observer Agency 2\Supply  delivery of Laptops (28th March 2025)\7. Conflict Of Interest.pdf
2025-03-13 16:32:18,376 - INFO - Removed intermediate PDF: C:\Users\AbrahamCEO\Desktop\RFQ Automation\Fisheries Observer Agency 2\Supply  delivery of Laptops (28th March 2025)\8. Bid Requirements.pdf
2025-03-13 16:32:18,376 - INFO - Removed intermediate PDF: C:\Users\AbrahamCEO\Desktop\RFQ Automation\Fisheries Observer Agency 2\Supply  delivery of Laptops (28th March 2025)\9. All Declaration.pdf
2025-03-13 16:32:18,506 - INFO - Removed temporary merged PDF
2025-03-13 16:36:07,310 - INFO - Formatted date: 13th March 2025
2025-03-13 16:36:07,310 - INFO - Created output directory: C:\Users\AbrahamCEO\Desktop\RFQ Automation\thfgbf\g-20225-20245
2025-03-13 16:36:07,310 - INFO - Processing 9 main documents...
2025-03-13 16:36:07,326 - INFO - Processing document: 1. Power Of Attorney.docx
2025-03-13 16:36:07,373 - INFO - Successfully saved document: 1. Power Of Attorney.docx
2025-03-13 16:36:10,319 - INFO - Created PDF: C:\Users\AbrahamCEO\Desktop\RFQ Automation\thfgbf\g-20225-20245\1. Power Of Attorney.pdf
2025-03-13 16:36:10,319 - INFO - Removed intermediate Word file: C:\Users\AbrahamCEO\Desktop\RFQ Automation\thfgbf\g-20225-20245\1. Power Of Attorney.docx
2025-03-13 16:36:10,335 - INFO - Processing document: 2. Cover Letter.docx
2025-03-13 16:36:10,383 - INFO - Successfully saved document: 2. Cover Letter.docx
2025-03-13 16:36:12,782 - INFO - Created PDF: C:\Users\AbrahamCEO\Desktop\RFQ Automation\thfgbf\g-20225-20245\2. Cover Letter.pdf
2025-03-13 16:36:12,782 - INFO - Removed intermediate Word file: C:\Users\AbrahamCEO\Desktop\RFQ Automation\thfgbf\g-20225-20245\2. Cover Letter.docx
2025-03-13 16:36:12,798 - INFO - Processing document: 3. Undertaking - Labour.docx
2025-03-13 16:36:12,846 - INFO - Successfully saved document: 3. Undertaking - Labour.docx
2025-03-13 16:36:15,350 - INFO - Created PDF: C:\Users\AbrahamCEO\Desktop\RFQ Automation\thfgbf\g-20225-20245\3. Undertaking - Labour.pdf
2025-03-13 16:36:15,352 - INFO - Removed intermediate Word file: C:\Users\AbrahamCEO\Desktop\RFQ Automation\thfgbf\g-20225-20245\3. Undertaking - Labour.docx
2025-03-13 16:36:15,373 - INFO - Processing document: 4. Undertaking - Salaries.docx
2025-03-13 16:36:15,427 - INFO - Successfully saved document: 4. Undertaking - Salaries.docx
2025-03-13 16:36:17,737 - INFO - Created PDF: C:\Users\AbrahamCEO\Desktop\RFQ Automation\thfgbf\g-20225-20245\4. Undertaking - Salaries.pdf
2025-03-13 16:36:17,737 - INFO - Removed intermediate Word file: C:\Users\AbrahamCEO\Desktop\RFQ Automation\thfgbf\g-20225-20245\4. Undertaking - Salaries.docx
2025-03-13 16:36:17,754 - INFO - Processing document: 5. Local Content.docx
2025-03-13 16:36:17,796 - INFO - Successfully saved document: 5. Local Content.docx
2025-03-13 16:36:19,968 - INFO - Created PDF: C:\Users\AbrahamCEO\Desktop\RFQ Automation\thfgbf\g-20225-20245\5. Local Content.pdf
2025-03-13 16:36:19,968 - INFO - Removed intermediate Word file: C:\Users\AbrahamCEO\Desktop\RFQ Automation\thfgbf\g-20225-20245\5. Local Content.docx
2025-03-13 16:36:19,968 - INFO - Processing document: 6. Employment.docx
2025-03-13 16:36:20,015 - INFO - Successfully saved document: 6. Employment.docx
2025-03-13 16:36:22,309 - INFO - Created PDF: C:\Users\AbrahamCEO\Desktop\RFQ Automation\thfgbf\g-20225-20245\6. Employment.pdf
2025-03-13 16:36:22,309 - INFO - Removed intermediate Word file: C:\Users\AbrahamCEO\Desktop\RFQ Automation\thfgbf\g-20225-20245\6. Employment.docx
2025-03-13 16:36:22,325 - INFO - Processing document: 7. Conflict Of Interest.docx
2025-03-13 16:36:22,373 - INFO - Successfully saved document: 7. Conflict Of Interest.docx
2025-03-13 16:36:24,710 - INFO - Created PDF: C:\Users\AbrahamCEO\Desktop\RFQ Automation\thfgbf\g-20225-20245\7. Conflict Of Interest.pdf
2025-03-13 16:36:24,710 - INFO - Removed intermediate Word file: C:\Users\AbrahamCEO\Desktop\RFQ Automation\thfgbf\g-20225-20245\7. Conflict Of Interest.docx
2025-03-13 16:36:24,726 - INFO - Processing document: 8. Bid Requirements.docx
2025-03-13 16:36:24,774 - INFO - Successfully saved document: 8. Bid Requirements.docx
2025-03-13 16:36:27,035 - INFO - Created PDF: C:\Users\AbrahamCEO\Desktop\RFQ Automation\thfgbf\g-20225-20245\8. Bid Requirements.pdf
2025-03-13 16:36:27,035 - INFO - Removed intermediate Word file: C:\Users\AbrahamCEO\Desktop\RFQ Automation\thfgbf\g-20225-20245\8. Bid Requirements.docx
2025-03-13 16:36:27,035 - INFO - Processing document: 9. All Declaration.docx
2025-03-13 16:36:27,083 - INFO - Successfully saved document: 9. All Declaration.docx
2025-03-13 16:36:29,482 - INFO - Created PDF: C:\Users\AbrahamCEO\Desktop\RFQ Automation\thfgbf\g-20225-20245\9. All Declaration.pdf
2025-03-13 16:36:29,484 - INFO - Removed intermediate Word file: C:\Users\AbrahamCEO\Desktop\RFQ Automation\thfgbf\g-20225-20245\9. All Declaration.docx
2025-03-13 16:36:29,484 - INFO - Processing 2 extras documents...
2025-03-13 16:36:29,506 - INFO - Processing document: 10. Twinrain Table of Contents Section Covers.docx
2025-03-13 16:36:29,545 - INFO - Successfully saved document: 10. Twinrain Table of Contents Section Covers.docx
2025-03-13 16:36:29,551 - INFO - Processing document: 11. Cover Page.docx
2025-03-13 16:36:29,616 - INFO - Successfully saved document: 11. Cover Page.docx
2025-03-13 16:36:29,616 - INFO - Merging 9 PDFs...
2025-03-13 16:36:30,341 - INFO - Successfully created final PDF: C:\Users\AbrahamCEO\Desktop\RFQ Automation\thfgbf\g-20225-20245\g-20225-20245_final.pdf
2025-03-13 16:36:30,341 - INFO - Cleaning up intermediate files...
2025-03-13 16:36:30,341 - INFO - Removed intermediate PDF: C:\Users\AbrahamCEO\Desktop\RFQ Automation\thfgbf\g-20225-20245\1. Power Of Attorney.pdf
2025-03-13 16:36:30,341 - INFO - Removed intermediate PDF: C:\Users\AbrahamCEO\Desktop\RFQ Automation\thfgbf\g-20225-20245\2. Cover Letter.pdf
2025-03-13 16:36:30,341 - INFO - Removed intermediate PDF: C:\Users\AbrahamCEO\Desktop\RFQ Automation\thfgbf\g-20225-20245\3. Undertaking - Labour.pdf
2025-03-13 16:36:30,341 - INFO - Removed intermediate PDF: C:\Users\AbrahamCEO\Desktop\RFQ Automation\thfgbf\g-20225-20245\4. Undertaking - Salaries.pdf
2025-03-13 16:36:30,341 - INFO - Removed intermediate PDF: C:\Users\AbrahamCEO\Desktop\RFQ Automation\thfgbf\g-20225-20245\5. Local Content.pdf
2025-03-13 16:36:30,341 - INFO - Removed intermediate PDF: C:\Users\AbrahamCEO\Desktop\RFQ Automation\thfgbf\g-20225-20245\6. Employment.pdf
2025-03-13 16:36:30,341 - INFO - Removed intermediate PDF: C:\Users\AbrahamCEO\Desktop\RFQ Automation\thfgbf\g-20225-20245\7. Conflict Of Interest.pdf
2025-03-13 16:36:30,341 - INFO - Removed intermediate PDF: C:\Users\AbrahamCEO\Desktop\RFQ Automation\thfgbf\g-20225-20245\8. Bid Requirements.pdf
2025-03-13 16:36:30,341 - INFO - Removed intermediate PDF: C:\Users\AbrahamCEO\Desktop\RFQ Automation\thfgbf\g-20225-20245\9. All Declaration.pdf
2025-03-13 16:36:30,341 - INFO - Removed temporary merged PDF
2025-03-13 16:39:17,010 - INFO - Formatted date: 13th March 2025
2025-03-13 16:39:17,010 - INFO - Created output directory: C:\Users\AbrahamCEO\Desktop\RFQ Automation\thfgbf\g-20225-20245
2025-03-13 16:39:17,010 - INFO - Processing 9 main documents...
2025-03-13 16:39:17,079 - INFO - Processing document: 1. Power Of Attorney.docx
2025-03-13 16:39:17,122 - INFO - Successfully saved document: 1. Power Of Attorney.docx
2025-03-13 16:39:19,933 - INFO - Created PDF: C:\Users\AbrahamCEO\Desktop\RFQ Automation\thfgbf\g-20225-20245\1. Power Of Attorney.pdf
2025-03-13 16:39:19,934 - INFO - Removed intermediate Word file: C:\Users\AbrahamCEO\Desktop\RFQ Automation\thfgbf\g-20225-20245\1. Power Of Attorney.docx
2025-03-13 16:39:45,835 - INFO - Formatted date: 13th March 2025
2025-03-13 16:39:45,835 - INFO - Created output directory: C:\Users\AbrahamCEO\Desktop\RFQ Automation\dfsdsfsdf\dsffdsfsd (ds-332-2-3224-f)
2025-03-13 16:39:45,835 - INFO - Processing 9 main documents...
2025-03-13 16:39:45,861 - INFO - Processing document: 1. Power Of Attorney.docx
2025-03-13 16:39:45,913 - INFO - Successfully saved document: 1. Power Of Attorney.docx
2025-03-13 16:39:48,993 - INFO - Created PDF: C:\Users\AbrahamCEO\Desktop\RFQ Automation\dfsdsfsdf\dsffdsfsd (ds-332-2-3224-f)\1. Power Of Attorney.pdf
2025-03-13 16:39:48,993 - INFO - Removed intermediate Word file: C:\Users\AbrahamCEO\Desktop\RFQ Automation\dfsdsfsdf\dsffdsfsd (ds-332-2-3224-f)\1. Power Of Attorney.docx
2025-03-13 16:39:49,009 - INFO - Processing document: 2. Cover Letter.docx
2025-03-13 16:39:49,072 - INFO - Successfully saved document: 2. Cover Letter.docx
2025-03-13 16:39:51,894 - INFO - Created PDF: C:\Users\AbrahamCEO\Desktop\RFQ Automation\dfsdsfsdf\dsffdsfsd (ds-332-2-3224-f)\2. Cover Letter.pdf
2025-03-13 16:39:51,894 - INFO - Removed intermediate Word file: C:\Users\AbrahamCEO\Desktop\RFQ Automation\dfsdsfsdf\dsffdsfsd (ds-332-2-3224-f)\2. Cover Letter.docx
2025-03-13 16:39:51,894 - INFO - Processing document: 3. Undertaking - Labour.docx
2025-03-13 16:39:51,941 - INFO - Successfully saved document: 3. Undertaking - Labour.docx
2025-03-13 16:39:54,652 - INFO - Created PDF: C:\Users\AbrahamCEO\Desktop\RFQ Automation\dfsdsfsdf\dsffdsfsd (ds-332-2-3224-f)\3. Undertaking - Labour.pdf
2025-03-13 16:39:54,666 - INFO - Removed intermediate Word file: C:\Users\AbrahamCEO\Desktop\RFQ Automation\dfsdsfsdf\dsffdsfsd (ds-332-2-3224-f)\3. Undertaking - Labour.docx
2025-03-13 16:39:54,666 - INFO - Processing document: 4. Undertaking - Salaries.docx
2025-03-13 16:39:54,716 - INFO - Successfully saved document: 4. Undertaking - Salaries.docx
2025-03-13 16:39:57,245 - INFO - Created PDF: C:\Users\AbrahamCEO\Desktop\RFQ Automation\dfsdsfsdf\dsffdsfsd (ds-332-2-3224-f)\4. Undertaking - Salaries.pdf
2025-03-13 16:39:57,245 - INFO - Removed intermediate Word file: C:\Users\AbrahamCEO\Desktop\RFQ Automation\dfsdsfsdf\dsffdsfsd (ds-332-2-3224-f)\4. Undertaking - Salaries.docx
2025-03-13 16:39:57,276 - INFO - Processing document: 5. Local Content.docx
2025-03-13 16:39:57,324 - INFO - Successfully saved document: 5. Local Content.docx
2025-03-13 16:39:59,647 - INFO - Created PDF: C:\Users\AbrahamCEO\Desktop\RFQ Automation\dfsdsfsdf\dsffdsfsd (ds-332-2-3224-f)\5. Local Content.pdf
2025-03-13 16:39:59,647 - INFO - Removed intermediate Word file: C:\Users\AbrahamCEO\Desktop\RFQ Automation\dfsdsfsdf\dsffdsfsd (ds-332-2-3224-f)\5. Local Content.docx
2025-03-13 16:39:59,679 - INFO - Processing document: 6. Employment.docx
2025-03-13 16:39:59,727 - INFO - Successfully saved document: 6. Employment.docx
2025-03-13 16:40:02,113 - INFO - Created PDF: C:\Users\AbrahamCEO\Desktop\RFQ Automation\dfsdsfsdf\dsffdsfsd (ds-332-2-3224-f)\6. Employment.pdf
2025-03-13 16:40:02,113 - INFO - Removed intermediate Word file: C:\Users\AbrahamCEO\Desktop\RFQ Automation\dfsdsfsdf\dsffdsfsd (ds-332-2-3224-f)\6. Employment.docx
2025-03-13 16:40:02,113 - INFO - Processing document: 7. Conflict Of Interest.docx
2025-03-13 16:40:02,160 - INFO - Successfully saved document: 7. Conflict Of Interest.docx
2025-03-13 16:40:04,876 - INFO - Created PDF: C:\Users\AbrahamCEO\Desktop\RFQ Automation\dfsdsfsdf\dsffdsfsd (ds-332-2-3224-f)\7. Conflict Of Interest.pdf
2025-03-13 16:40:04,892 - INFO - Removed intermediate Word file: C:\Users\AbrahamCEO\Desktop\RFQ Automation\dfsdsfsdf\dsffdsfsd (ds-332-2-3224-f)\7. Conflict Of Interest.docx
2025-03-13 16:40:04,907 - INFO - Processing document: 8. Bid Requirements.docx
2025-03-13 16:40:04,955 - INFO - Successfully saved document: 8. Bid Requirements.docx
2025-03-13 16:40:06,206 - INFO - Created PDF: C:\Users\AbrahamCEO\Desktop\RFQ Automation\dfsdsfsdf\dsffdsfsd (ds-332-2-3224-f)\8. Bid Requirements.pdf
2025-03-13 16:40:06,219 - INFO - Removed intermediate Word file: C:\Users\AbrahamCEO\Desktop\RFQ Automation\dfsdsfsdf\dsffdsfsd (ds-332-2-3224-f)\8. Bid Requirements.docx
2025-03-13 16:40:06,254 - INFO - Processing document: 9. All Declaration.docx
2025-03-13 16:40:06,303 - INFO - Successfully saved document: 9. All Declaration.docx
2025-03-13 16:40:08,936 - INFO - Created PDF: C:\Users\AbrahamCEO\Desktop\RFQ Automation\dfsdsfsdf\dsffdsfsd (ds-332-2-3224-f)\9. All Declaration.pdf
2025-03-13 16:40:08,936 - INFO - Removed intermediate Word file: C:\Users\AbrahamCEO\Desktop\RFQ Automation\dfsdsfsdf\dsffdsfsd (ds-332-2-3224-f)\9. All Declaration.docx
2025-03-13 16:40:08,936 - INFO - Processing 2 extras documents...
2025-03-13 16:40:08,948 - INFO - Processing document: 10. Twinrain Table of Contents Section Covers.docx
2025-03-13 16:40:08,984 - INFO - Successfully saved document: 10. Twinrain Table of Contents Section Covers.docx
2025-03-13 16:40:09,000 - INFO - Processing document: 11. Cover Page.docx
2025-03-13 16:40:09,063 - INFO - Successfully saved document: 11. Cover Page.docx
2025-03-13 16:40:09,063 - INFO - Merging 9 PDFs...
2025-03-13 16:40:09,897 - INFO - Successfully created final PDF: C:\Users\AbrahamCEO\Desktop\RFQ Automation\dfsdsfsdf\dsffdsfsd (ds-332-2-3224-f)\dsffdsfsd (ds-332-2-3224-f)_final.pdf
2025-03-13 16:40:09,897 - INFO - Cleaning up intermediate files...
2025-03-13 16:40:09,897 - INFO - Removed intermediate PDF: C:\Users\AbrahamCEO\Desktop\RFQ Automation\dfsdsfsdf\dsffdsfsd (ds-332-2-3224-f)\1. Power Of Attorney.pdf
2025-03-13 16:40:09,897 - INFO - Removed intermediate PDF: C:\Users\AbrahamCEO\Desktop\RFQ Automation\dfsdsfsdf\dsffdsfsd (ds-332-2-3224-f)\2. Cover Letter.pdf
2025-03-13 16:40:09,899 - INFO - Removed intermediate PDF: C:\Users\AbrahamCEO\Desktop\RFQ Automation\dfsdsfsdf\dsffdsfsd (ds-332-2-3224-f)\3. Undertaking - Labour.pdf
2025-03-13 16:40:09,899 - INFO - Removed intermediate PDF: C:\Users\AbrahamCEO\Desktop\RFQ Automation\dfsdsfsdf\dsffdsfsd (ds-332-2-3224-f)\4. Undertaking - Salaries.pdf
2025-03-13 16:40:09,899 - INFO - Removed intermediate PDF: C:\Users\AbrahamCEO\Desktop\RFQ Automation\dfsdsfsdf\dsffdsfsd (ds-332-2-3224-f)\5. Local Content.pdf
2025-03-13 16:40:09,899 - INFO - Removed intermediate PDF: C:\Users\AbrahamCEO\Desktop\RFQ Automation\dfsdsfsdf\dsffdsfsd (ds-332-2-3224-f)\6. Employment.pdf
2025-03-13 16:40:09,899 - INFO - Removed intermediate PDF: C:\Users\AbrahamCEO\Desktop\RFQ Automation\dfsdsfsdf\dsffdsfsd (ds-332-2-3224-f)\7. Conflict Of Interest.pdf
2025-03-13 16:40:09,901 - INFO - Removed intermediate PDF: C:\Users\AbrahamCEO\Desktop\RFQ Automation\dfsdsfsdf\dsffdsfsd (ds-332-2-3224-f)\8. Bid Requirements.pdf
2025-03-13 16:40:09,901 - INFO - Removed intermediate PDF: C:\Users\AbrahamCEO\Desktop\RFQ Automation\dfsdsfsdf\dsffdsfsd (ds-332-2-3224-f)\9. All Declaration.pdf
2025-03-13 16:40:09,901 - INFO - Removed temporary merged PDF
2025-03-13 16:42:26,288 - INFO - Formatted date: 13th March 2025
2025-03-13 16:42:26,288 - INFO - Created output directory: C:\Users\AbrahamCEO\Desktop\RFQ Automation\Ministry of Justice\Supply and Delivery of Cats (G-RFQ-2025-2026)
2025-03-13 16:42:26,288 - INFO - Processing 9 main documents...
2025-03-13 16:42:26,303 - INFO - Processing document: 1. Power Of Attorney.docx
2025-03-13 16:42:26,351 - INFO - Successfully saved document: 1. Power Of Attorney.docx
2025-03-13 16:42:30,632 - INFO - Created PDF: C:\Users\AbrahamCEO\Desktop\RFQ Automation\Ministry of Justice\Supply and Delivery of Cats (G-RFQ-2025-2026)\1. Power Of Attorney.pdf
2025-03-13 16:42:30,632 - INFO - Removed intermediate Word file: C:\Users\AbrahamCEO\Desktop\RFQ Automation\Ministry of Justice\Supply and Delivery of Cats (G-RFQ-2025-2026)\1. Power Of Attorney.docx
2025-03-13 16:42:30,648 - INFO - Processing document: 2. Cover Letter.docx
2025-03-13 16:42:30,696 - INFO - Successfully saved document: 2. Cover Letter.docx
2025-03-13 16:42:33,347 - INFO - Created PDF: C:\Users\AbrahamCEO\Desktop\RFQ Automation\Ministry of Justice\Supply and Delivery of Cats (G-RFQ-2025-2026)\2. Cover Letter.pdf
2025-03-13 16:42:33,349 - INFO - Removed intermediate Word file: C:\Users\AbrahamCEO\Desktop\RFQ Automation\Ministry of Justice\Supply and Delivery of Cats (G-RFQ-2025-2026)\2. Cover Letter.docx
2025-03-13 16:42:33,359 - INFO - Processing document: 3. Undertaking - Labour.docx
2025-03-13 16:42:33,401 - INFO - Successfully saved document: 3. Undertaking - Labour.docx
2025-03-13 16:42:36,081 - INFO - Created PDF: C:\Users\AbrahamCEO\Desktop\RFQ Automation\Ministry of Justice\Supply and Delivery of Cats (G-RFQ-2025-2026)\3. Undertaking - Labour.pdf
2025-03-13 16:42:36,081 - INFO - Removed intermediate Word file: C:\Users\AbrahamCEO\Desktop\RFQ Automation\Ministry of Justice\Supply and Delivery of Cats (G-RFQ-2025-2026)\3. Undertaking - Labour.docx
2025-03-13 16:42:36,081 - INFO - Processing document: 4. Undertaking - Salaries.docx
2025-03-13 16:42:36,129 - INFO - Successfully saved document: 4. Undertaking - Salaries.docx
2025-03-13 16:42:38,388 - INFO - Created PDF: C:\Users\AbrahamCEO\Desktop\RFQ Automation\Ministry of Justice\Supply and Delivery of Cats (G-RFQ-2025-2026)\4. Undertaking - Salaries.pdf
2025-03-13 16:42:38,388 - INFO - Removed intermediate Word file: C:\Users\AbrahamCEO\Desktop\RFQ Automation\Ministry of Justice\Supply and Delivery of Cats (G-RFQ-2025-2026)\4. Undertaking - Salaries.docx
2025-03-13 16:42:38,404 - INFO - Processing document: 5. Local Content.docx
2025-03-13 16:42:38,451 - INFO - Successfully saved document: 5. Local Content.docx
2025-03-13 16:42:40,470 - INFO - Created PDF: C:\Users\AbrahamCEO\Desktop\RFQ Automation\Ministry of Justice\Supply and Delivery of Cats (G-RFQ-2025-2026)\5. Local Content.pdf
2025-03-13 16:42:40,470 - INFO - Removed intermediate Word file: C:\Users\AbrahamCEO\Desktop\RFQ Automation\Ministry of Justice\Supply and Delivery of Cats (G-RFQ-2025-2026)\5. Local Content.docx
2025-03-13 16:42:40,470 - INFO - Processing document: 6. Employment.docx
2025-03-13 16:42:40,518 - INFO - Successfully saved document: 6. Employment.docx
2025-03-13 16:42:42,521 - INFO - Created PDF: C:\Users\AbrahamCEO\Desktop\RFQ Automation\Ministry of Justice\Supply and Delivery of Cats (G-RFQ-2025-2026)\6. Employment.pdf
2025-03-13 16:42:42,521 - INFO - Removed intermediate Word file: C:\Users\AbrahamCEO\Desktop\RFQ Automation\Ministry of Justice\Supply and Delivery of Cats (G-RFQ-2025-2026)\6. Employment.docx
2025-03-13 16:42:42,521 - INFO - Processing document: 7. Conflict Of Interest.docx
2025-03-13 16:42:42,569 - INFO - Successfully saved document: 7. Conflict Of Interest.docx
2025-03-13 16:42:44,594 - INFO - Created PDF: C:\Users\AbrahamCEO\Desktop\RFQ Automation\Ministry of Justice\Supply and Delivery of Cats (G-RFQ-2025-2026)\7. Conflict Of Interest.pdf
2025-03-13 16:42:44,596 - INFO - Removed intermediate Word file: C:\Users\AbrahamCEO\Desktop\RFQ Automation\Ministry of Justice\Supply and Delivery of Cats (G-RFQ-2025-2026)\7. Conflict Of Interest.docx
2025-03-13 16:42:44,619 - INFO - Processing document: 8. Bid Requirements.docx
2025-03-13 16:42:44,673 - INFO - Successfully saved document: 8. Bid Requirements.docx
2025-03-13 16:42:46,757 - INFO - Created PDF: C:\Users\AbrahamCEO\Desktop\RFQ Automation\Ministry of Justice\Supply and Delivery of Cats (G-RFQ-2025-2026)\8. Bid Requirements.pdf
2025-03-13 16:42:46,759 - INFO - Removed intermediate Word file: C:\Users\AbrahamCEO\Desktop\RFQ Automation\Ministry of Justice\Supply and Delivery of Cats (G-RFQ-2025-2026)\8. Bid Requirements.docx
2025-03-13 16:42:46,781 - INFO - Processing document: 9. All Declaration.docx
2025-03-13 16:42:46,832 - INFO - Successfully saved document: 9. All Declaration.docx
2025-03-13 16:42:48,848 - INFO - Created PDF: C:\Users\AbrahamCEO\Desktop\RFQ Automation\Ministry of Justice\Supply and Delivery of Cats (G-RFQ-2025-2026)\9. All Declaration.pdf
2025-03-13 16:42:48,863 - INFO - Removed intermediate Word file: C:\Users\AbrahamCEO\Desktop\RFQ Automation\Ministry of Justice\Supply and Delivery of Cats (G-RFQ-2025-2026)\9. All Declaration.docx
2025-03-13 16:42:48,863 - INFO - Processing 2 extras documents...
2025-03-13 16:42:48,863 - INFO - Processing document: 10. Twinrain Table of Contents Section Covers.docx
2025-03-13 16:42:48,911 - INFO - Successfully saved document: 10. Twinrain Table of Contents Section Covers.docx
2025-03-13 16:42:48,927 - INFO - Processing document: 11. Cover Page.docx
2025-03-13 16:42:48,986 - INFO - Successfully saved document: 11. Cover Page.docx
2025-03-13 16:42:48,986 - INFO - Merging 9 PDFs...
2025-03-13 16:42:49,751 - INFO - Successfully created final PDF: C:\Users\AbrahamCEO\Desktop\RFQ Automation\Ministry of Justice\Supply and Delivery of Cats (G-RFQ-2025-2026)\Supply and Delivery of Cats (G-RFQ-2025-2026)_final.pdf
2025-03-13 16:42:49,751 - INFO - Cleaning up intermediate files...
2025-03-13 16:42:49,751 - INFO - Removed intermediate PDF: C:\Users\AbrahamCEO\Desktop\RFQ Automation\Ministry of Justice\Supply and Delivery of Cats (G-RFQ-2025-2026)\1. Power Of Attorney.pdf
2025-03-13 16:42:49,751 - INFO - Removed intermediate PDF: C:\Users\AbrahamCEO\Desktop\RFQ Automation\Ministry of Justice\Supply and Delivery of Cats (G-RFQ-2025-2026)\2. Cover Letter.pdf
2025-03-13 16:42:49,751 - INFO - Removed intermediate PDF: C:\Users\AbrahamCEO\Desktop\RFQ Automation\Ministry of Justice\Supply and Delivery of Cats (G-RFQ-2025-2026)\3. Undertaking - Labour.pdf
2025-03-13 16:42:49,751 - INFO - Removed intermediate PDF: C:\Users\AbrahamCEO\Desktop\RFQ Automation\Ministry of Justice\Supply and Delivery of Cats (G-RFQ-2025-2026)\4. Undertaking - Salaries.pdf
2025-03-13 16:42:49,751 - INFO - Removed intermediate PDF: C:\Users\AbrahamCEO\Desktop\RFQ Automation\Ministry of Justice\Supply and Delivery of Cats (G-RFQ-2025-2026)\5. Local Content.pdf
2025-03-13 16:42:49,751 - INFO - Removed intermediate PDF: C:\Users\AbrahamCEO\Desktop\RFQ Automation\Ministry of Justice\Supply and Delivery of Cats (G-RFQ-2025-2026)\6. Employment.pdf
2025-03-13 16:42:49,751 - INFO - Removed intermediate PDF: C:\Users\AbrahamCEO\Desktop\RFQ Automation\Ministry of Justice\Supply and Delivery of Cats (G-RFQ-2025-2026)\7. Conflict Of Interest.pdf
2025-03-13 16:42:49,751 - INFO - Removed intermediate PDF: C:\Users\AbrahamCEO\Desktop\RFQ Automation\Ministry of Justice\Supply and Delivery of Cats (G-RFQ-2025-2026)\8. Bid Requirements.pdf
2025-03-13 16:42:49,751 - INFO - Removed intermediate PDF: C:\Users\AbrahamCEO\Desktop\RFQ Automation\Ministry of Justice\Supply and Delivery of Cats (G-RFQ-2025-2026)\9. All Declaration.pdf
2025-03-13 16:42:49,751 - INFO - Removed temporary merged PDF
2025-03-13 16:46:21,310 - INFO - Formatted date: 28th March 2025
2025-03-13 16:46:21,310 - INFO - Created output directory: C:\Users\AbrahamCEO\Desktop\RFQ Automation\Ministry of Fisheries\Supply and Delivery of Microsoft Licenses (G-FRQ-2025-2053)
2025-03-13 16:46:21,310 - INFO - Processing 9 main documents...
2025-03-13 16:46:21,352 - INFO - Processing document: 1. Power Of Attorney.docx
2025-03-13 16:46:21,405 - INFO - Successfully saved document: 1. Power Of Attorney.docx
2025-03-13 16:46:24,922 - INFO - Created PDF: C:\Users\AbrahamCEO\Desktop\RFQ Automation\Ministry of Fisheries\Supply and Delivery of Microsoft Licenses (G-FRQ-2025-2053)\1. Power Of Attorney.pdf
2025-03-13 16:46:24,938 - INFO - Removed intermediate Word file: C:\Users\AbrahamCEO\Desktop\RFQ Automation\Ministry of Fisheries\Supply and Delivery of Microsoft Licenses (G-FRQ-2025-2053)\1. Power Of Attorney.docx
2025-03-13 16:46:24,938 - INFO - Processing document: 2. Cover Letter.docx
2025-03-13 16:46:25,001 - INFO - Successfully saved document: 2. Cover Letter.docx
2025-03-13 16:46:28,411 - INFO - Created PDF: C:\Users\AbrahamCEO\Desktop\RFQ Automation\Ministry of Fisheries\Supply and Delivery of Microsoft Licenses (G-FRQ-2025-2053)\2. Cover Letter.pdf
2025-03-13 16:46:28,424 - INFO - Removed intermediate Word file: C:\Users\AbrahamCEO\Desktop\RFQ Automation\Ministry of Fisheries\Supply and Delivery of Microsoft Licenses (G-FRQ-2025-2053)\2. Cover Letter.docx
2025-03-13 16:46:28,437 - INFO - Processing document: 3. Undertaking - Labour.docx
2025-03-13 16:46:28,472 - INFO - Successfully saved document: 3. Undertaking - Labour.docx
2025-03-13 16:46:31,053 - INFO - Created PDF: C:\Users\AbrahamCEO\Desktop\RFQ Automation\Ministry of Fisheries\Supply and Delivery of Microsoft Licenses (G-FRQ-2025-2053)\3. Undertaking - Labour.pdf
2025-03-13 16:46:31,053 - INFO - Removed intermediate Word file: C:\Users\AbrahamCEO\Desktop\RFQ Automation\Ministry of Fisheries\Supply and Delivery of Microsoft Licenses (G-FRQ-2025-2053)\3. Undertaking - Labour.docx
2025-03-13 16:46:31,069 - INFO - Processing document: 4. Undertaking - Salaries.docx
2025-03-13 16:46:31,117 - INFO - Successfully saved document: 4. Undertaking - Salaries.docx
2025-03-13 16:46:33,424 - INFO - Created PDF: C:\Users\AbrahamCEO\Desktop\RFQ Automation\Ministry of Fisheries\Supply and Delivery of Microsoft Licenses (G-FRQ-2025-2053)\4. Undertaking - Salaries.pdf
2025-03-13 16:46:33,424 - INFO - Removed intermediate Word file: C:\Users\AbrahamCEO\Desktop\RFQ Automation\Ministry of Fisheries\Supply and Delivery of Microsoft Licenses (G-FRQ-2025-2053)\4. Undertaking - Salaries.docx
2025-03-13 16:46:33,435 - INFO - Processing document: 5. Local Content.docx
2025-03-13 16:46:33,486 - INFO - Successfully saved document: 5. Local Content.docx
2025-03-13 16:46:36,184 - INFO - Created PDF: C:\Users\AbrahamCEO\Desktop\RFQ Automation\Ministry of Fisheries\Supply and Delivery of Microsoft Licenses (G-FRQ-2025-2053)\5. Local Content.pdf
2025-03-13 16:46:36,184 - INFO - Removed intermediate Word file: C:\Users\AbrahamCEO\Desktop\RFQ Automation\Ministry of Fisheries\Supply and Delivery of Microsoft Licenses (G-FRQ-2025-2053)\5. Local Content.docx
2025-03-13 16:46:36,184 - INFO - Processing document: 6. Employment.docx
2025-03-13 16:46:36,231 - INFO - Successfully saved document: 6. Employment.docx
2025-03-13 16:46:38,736 - INFO - Created PDF: C:\Users\AbrahamCEO\Desktop\RFQ Automation\Ministry of Fisheries\Supply and Delivery of Microsoft Licenses (G-FRQ-2025-2053)\6. Employment.pdf
2025-03-13 16:46:38,738 - INFO - Removed intermediate Word file: C:\Users\AbrahamCEO\Desktop\RFQ Automation\Ministry of Fisheries\Supply and Delivery of Microsoft Licenses (G-FRQ-2025-2053)\6. Employment.docx
2025-03-13 16:46:38,748 - INFO - Processing document: 7. Conflict Of Interest.docx
2025-03-13 16:46:38,784 - INFO - Successfully saved document: 7. Conflict Of Interest.docx
2025-03-13 16:46:41,159 - INFO - Created PDF: C:\Users\AbrahamCEO\Desktop\RFQ Automation\Ministry of Fisheries\Supply and Delivery of Microsoft Licenses (G-FRQ-2025-2053)\7. Conflict Of Interest.pdf
2025-03-13 16:46:41,159 - INFO - Removed intermediate Word file: C:\Users\AbrahamCEO\Desktop\RFQ Automation\Ministry of Fisheries\Supply and Delivery of Microsoft Licenses (G-FRQ-2025-2053)\7. Conflict Of Interest.docx
2025-03-13 16:46:41,191 - INFO - Processing document: 8. Bid Requirements.docx
2025-03-13 16:46:41,238 - INFO - Successfully saved document: 8. Bid Requirements.docx
2025-03-13 16:46:43,494 - INFO - Created PDF: C:\Users\AbrahamCEO\Desktop\RFQ Automation\Ministry of Fisheries\Supply and Delivery of Microsoft Licenses (G-FRQ-2025-2053)\8. Bid Requirements.pdf
2025-03-13 16:46:43,494 - INFO - Removed intermediate Word file: C:\Users\AbrahamCEO\Desktop\RFQ Automation\Ministry of Fisheries\Supply and Delivery of Microsoft Licenses (G-FRQ-2025-2053)\8. Bid Requirements.docx
2025-03-13 16:46:43,494 - INFO - Processing document: 9. All Declaration.docx
2025-03-13 16:46:43,541 - INFO - Successfully saved document: 9. All Declaration.docx
2025-03-13 16:46:45,700 - INFO - Created PDF: C:\Users\AbrahamCEO\Desktop\RFQ Automation\Ministry of Fisheries\Supply and Delivery of Microsoft Licenses (G-FRQ-2025-2053)\9. All Declaration.pdf
2025-03-13 16:46:45,700 - INFO - Removed intermediate Word file: C:\Users\AbrahamCEO\Desktop\RFQ Automation\Ministry of Fisheries\Supply and Delivery of Microsoft Licenses (G-FRQ-2025-2053)\9. All Declaration.docx
2025-03-13 16:46:45,700 - INFO - Processing 2 extras documents...
2025-03-13 16:46:45,731 - INFO - Processing document: 10. Twinrain Table of Contents Section Covers.docx
2025-03-13 16:46:45,763 - INFO - Successfully saved document: 10. Twinrain Table of Contents Section Covers.docx
2025-03-13 16:46:45,778 - INFO - Processing document: 11. Cover Page.docx
2025-03-13 16:46:45,842 - INFO - Successfully saved document: 11. Cover Page.docx
2025-03-13 16:46:45,842 - INFO - Merging 9 PDFs...
2025-03-13 16:46:46,682 - INFO - Successfully created final PDF: C:\Users\AbrahamCEO\Desktop\RFQ Automation\Ministry of Fisheries\Supply and Delivery of Microsoft Licenses (G-FRQ-2025-2053)\Supply and Delivery of Microsoft Licenses (G-FRQ-2025-2053).pdf
2025-03-13 16:46:46,682 - INFO - Cleaning up intermediate files...
2025-03-13 16:46:46,682 - INFO - Removed intermediate PDF: C:\Users\AbrahamCEO\Desktop\RFQ Automation\Ministry of Fisheries\Supply and Delivery of Microsoft Licenses (G-FRQ-2025-2053)\1. Power Of Attorney.pdf
2025-03-13 16:46:46,682 - INFO - Removed intermediate PDF: C:\Users\AbrahamCEO\Desktop\RFQ Automation\Ministry of Fisheries\Supply and Delivery of Microsoft Licenses (G-FRQ-2025-2053)\2. Cover Letter.pdf
2025-03-13 16:46:46,682 - INFO - Removed intermediate PDF: C:\Users\AbrahamCEO\Desktop\RFQ Automation\Ministry of Fisheries\Supply and Delivery of Microsoft Licenses (G-FRQ-2025-2053)\3. Undertaking - Labour.pdf
2025-03-13 16:46:46,682 - INFO - Removed intermediate PDF: C:\Users\AbrahamCEO\Desktop\RFQ Automation\Ministry of Fisheries\Supply and Delivery of Microsoft Licenses (G-FRQ-2025-2053)\4. Undertaking - Salaries.pdf
2025-03-13 16:46:46,682 - INFO - Removed intermediate PDF: C:\Users\AbrahamCEO\Desktop\RFQ Automation\Ministry of Fisheries\Supply and Delivery of Microsoft Licenses (G-FRQ-2025-2053)\5. Local Content.pdf
2025-03-13 16:46:46,682 - INFO - Removed intermediate PDF: C:\Users\AbrahamCEO\Desktop\RFQ Automation\Ministry of Fisheries\Supply and Delivery of Microsoft Licenses (G-FRQ-2025-2053)\6. Employment.pdf
2025-03-13 16:46:46,682 - INFO - Removed intermediate PDF: C:\Users\AbrahamCEO\Desktop\RFQ Automation\Ministry of Fisheries\Supply and Delivery of Microsoft Licenses (G-FRQ-2025-2053)\7. Conflict Of Interest.pdf
2025-03-13 16:46:46,682 - INFO - Removed intermediate PDF: C:\Users\AbrahamCEO\Desktop\RFQ Automation\Ministry of Fisheries\Supply and Delivery of Microsoft Licenses (G-FRQ-2025-2053)\8. Bid Requirements.pdf
2025-03-13 16:46:46,682 - INFO - Removed intermediate PDF: C:\Users\AbrahamCEO\Desktop\RFQ Automation\Ministry of Fisheries\Supply and Delivery of Microsoft Licenses (G-FRQ-2025-2053)\9. All Declaration.pdf
2025-03-13 16:46:46,698 - INFO - Removed temporary merged PDF
2025-03-13 17:34:13,881 - INFO - Formatted date: 13th March 2025
2025-03-13 17:34:13,881 - INFO - Created output directory: C:\Users\AbrahamCEO\Desktop\RFQ Automation\Ministry of\fas (fdsfd)
2025-03-13 17:34:13,881 - INFO - Processing 10 main documents...
2025-03-13 17:34:13,928 - INFO - Processing document: 1. Tender and RFQ Checklist.docx
2025-03-13 17:34:14,102 - INFO - Successfully saved document: 1. Tender and RFQ Checklist.docx
2025-03-13 17:34:17,911 - INFO - Created PDF: C:\Users\AbrahamCEO\Desktop\RFQ Automation\Ministry of\fas (fdsfd)\1. Tender and RFQ Checklist.pdf
2025-03-13 17:34:17,911 - INFO - Removed intermediate Word file: C:\Users\AbrahamCEO\Desktop\RFQ Automation\Ministry of\fas (fdsfd)\1. Tender and RFQ Checklist.docx
2025-03-13 17:34:17,927 - INFO - Processing document: 10. All Declaration.docx
2025-03-13 17:34:17,975 - INFO - Successfully saved document: 10. All Declaration.docx
2025-03-13 17:34:19,221 - INFO - Created PDF: C:\Users\AbrahamCEO\Desktop\RFQ Automation\Ministry of\fas (fdsfd)\10. All Declaration.pdf
2025-03-13 17:34:19,221 - INFO - Removed intermediate Word file: C:\Users\AbrahamCEO\Desktop\RFQ Automation\Ministry of\fas (fdsfd)\10. All Declaration.docx
2025-03-13 17:34:19,237 - INFO - Processing document: 2. Power Of Attorney.docx
2025-03-13 17:34:19,289 - INFO - Successfully saved document: 2. Power Of Attorney.docx
2025-03-13 17:34:21,911 - INFO - Created PDF: C:\Users\AbrahamCEO\Desktop\RFQ Automation\Ministry of\fas (fdsfd)\2. Power Of Attorney.pdf
2025-03-13 17:34:21,911 - INFO - Removed intermediate Word file: C:\Users\AbrahamCEO\Desktop\RFQ Automation\Ministry of\fas (fdsfd)\2. Power Of Attorney.docx
2025-03-13 17:34:21,911 - INFO - Processing document: 3. Cover Letter.docx
2025-03-13 17:34:21,974 - INFO - Successfully saved document: 3. Cover Letter.docx
2025-03-13 17:34:25,603 - INFO - Created PDF: C:\Users\AbrahamCEO\Desktop\RFQ Automation\Ministry of\fas (fdsfd)\3. Cover Letter.pdf
2025-03-13 17:34:25,603 - INFO - Removed intermediate Word file: C:\Users\AbrahamCEO\Desktop\RFQ Automation\Ministry of\fas (fdsfd)\3. Cover Letter.docx
2025-03-13 17:34:25,619 - INFO - Processing document: 4. Undertaking - Labour.docx
2025-03-13 17:34:25,666 - INFO - Successfully saved document: 4. Undertaking - Labour.docx
2025-03-13 17:34:28,193 - INFO - Created PDF: C:\Users\AbrahamCEO\Desktop\RFQ Automation\Ministry of\fas (fdsfd)\4. Undertaking - Labour.pdf
2025-03-13 17:34:28,194 - INFO - Removed intermediate Word file: C:\Users\AbrahamCEO\Desktop\RFQ Automation\Ministry of\fas (fdsfd)\4. Undertaking - Labour.docx
2025-03-13 17:34:28,208 - INFO - Processing document: 5. Undertaking - Salaries.docx
2025-03-13 17:34:28,257 - INFO - Successfully saved document: 5. Undertaking - Salaries.docx
2025-03-13 17:34:30,331 - INFO - Created PDF: C:\Users\AbrahamCEO\Desktop\RFQ Automation\Ministry of\fas (fdsfd)\5. Undertaking - Salaries.pdf
2025-03-13 17:34:30,332 - INFO - Removed intermediate Word file: C:\Users\AbrahamCEO\Desktop\RFQ Automation\Ministry of\fas (fdsfd)\5. Undertaking - Salaries.docx
2025-03-13 17:34:30,346 - INFO - Processing document: 6. Local Content.docx
2025-03-13 17:34:30,386 - INFO - Successfully saved document: 6. Local Content.docx
2025-03-13 17:34:31,729 - INFO - Created PDF: C:\Users\AbrahamCEO\Desktop\RFQ Automation\Ministry of\fas (fdsfd)\6. Local Content.pdf
2025-03-13 17:34:31,730 - INFO - Removed intermediate Word file: C:\Users\AbrahamCEO\Desktop\RFQ Automation\Ministry of\fas (fdsfd)\6. Local Content.docx
2025-03-13 17:34:31,747 - INFO - Processing document: 7. Employment.docx
2025-03-13 17:34:31,796 - INFO - Successfully saved document: 7. Employment.docx
2025-03-13 17:34:33,085 - INFO - Created PDF: C:\Users\AbrahamCEO\Desktop\RFQ Automation\Ministry of\fas (fdsfd)\7. Employment.pdf
2025-03-13 17:34:33,086 - INFO - Removed intermediate Word file: C:\Users\AbrahamCEO\Desktop\RFQ Automation\Ministry of\fas (fdsfd)\7. Employment.docx
2025-03-13 17:34:33,121 - INFO - Processing document: 8. Conflict Of Interest.docx
2025-03-13 17:34:33,181 - INFO - Successfully saved document: 8. Conflict Of Interest.docx
2025-03-13 17:34:35,793 - INFO - Created PDF: C:\Users\AbrahamCEO\Desktop\RFQ Automation\Ministry of\fas (fdsfd)\8. Conflict Of Interest.pdf
2025-03-13 17:34:35,793 - INFO - Removed intermediate Word file: C:\Users\AbrahamCEO\Desktop\RFQ Automation\Ministry of\fas (fdsfd)\8. Conflict Of Interest.docx
2025-03-13 17:34:35,809 - INFO - Processing document: 9. Bid Requirements.docx
2025-03-13 17:34:35,857 - INFO - Successfully saved document: 9. Bid Requirements.docx
2025-03-13 17:34:38,515 - INFO - Created PDF: C:\Users\AbrahamCEO\Desktop\RFQ Automation\Ministry of\fas (fdsfd)\9. Bid Requirements.pdf
2025-03-13 17:34:38,515 - INFO - Removed intermediate Word file: C:\Users\AbrahamCEO\Desktop\RFQ Automation\Ministry of\fas (fdsfd)\9. Bid Requirements.docx
2025-03-13 17:34:38,515 - INFO - Processing 2 extras documents...
2025-03-13 17:34:38,531 - INFO - Processing document: 10. Twinrain Table of Contents Section Covers.docx
2025-03-13 17:34:38,564 - INFO - Successfully saved document: 10. Twinrain Table of Contents Section Covers.docx
2025-03-13 17:34:38,578 - INFO - Processing document: 11. Cover Page.docx
2025-03-13 17:34:38,626 - INFO - Successfully saved document: 11. Cover Page.docx
2025-03-13 17:34:38,626 - INFO - Merging 10 PDFs...
2025-03-13 17:34:39,294 - INFO - Successfully created final PDF: C:\Users\AbrahamCEO\Desktop\RFQ Automation\Ministry of\fas (fdsfd)\fas (fdsfd).pdf
2025-03-13 17:34:39,294 - INFO - Cleaning up intermediate files...
2025-03-13 17:34:39,294 - INFO - Removed intermediate PDF: C:\Users\AbrahamCEO\Desktop\RFQ Automation\Ministry of\fas (fdsfd)\1. Tender and RFQ Checklist.pdf
2025-03-13 17:34:39,294 - INFO - Removed intermediate PDF: C:\Users\AbrahamCEO\Desktop\RFQ Automation\Ministry of\fas (fdsfd)\10. All Declaration.pdf
2025-03-13 17:34:39,294 - INFO - Removed intermediate PDF: C:\Users\AbrahamCEO\Desktop\RFQ Automation\Ministry of\fas (fdsfd)\2. Power Of Attorney.pdf
2025-03-13 17:34:39,297 - INFO - Removed intermediate PDF: C:\Users\AbrahamCEO\Desktop\RFQ Automation\Ministry of\fas (fdsfd)\3. Cover Letter.pdf
2025-03-13 17:34:39,297 - INFO - Removed intermediate PDF: C:\Users\AbrahamCEO\Desktop\RFQ Automation\Ministry of\fas (fdsfd)\4. Undertaking - Labour.pdf
2025-03-13 17:34:39,297 - INFO - Removed intermediate PDF: C:\Users\AbrahamCEO\Desktop\RFQ Automation\Ministry of\fas (fdsfd)\5. Undertaking - Salaries.pdf
2025-03-13 17:34:39,297 - INFO - Removed intermediate PDF: C:\Users\AbrahamCEO\Desktop\RFQ Automation\Ministry of\fas (fdsfd)\6. Local Content.pdf
2025-03-13 17:34:39,297 - INFO - Removed intermediate PDF: C:\Users\AbrahamCEO\Desktop\RFQ Automation\Ministry of\fas (fdsfd)\7. Employment.pdf
2025-03-13 17:34:39,297 - INFO - Removed intermediate PDF: C:\Users\AbrahamCEO\Desktop\RFQ Automation\Ministry of\fas (fdsfd)\8. Conflict Of Interest.pdf
2025-03-13 17:34:39,299 - INFO - Removed intermediate PDF: C:\Users\AbrahamCEO\Desktop\RFQ Automation\Ministry of\fas (fdsfd)\9. Bid Requirements.pdf
2025-03-13 17:34:39,299 - INFO - Removed temporary merged PDF
2025-03-13 17:36:12,993 - INFO - Formatted date: 13th March 2025
2025-03-13 17:36:12,993 - INFO - Created output directory: C:\Users\AbrahamCEO\Desktop\RFQ Automation\gfdgd\gdgd (gfgfdfgfg)
2025-03-13 17:36:12,993 - INFO - Processing 10 main documents...
2025-03-13 17:36:13,009 - INFO - Processing document: 1. Tender and RFQ Checklist.docx
2025-03-13 17:36:13,199 - INFO - Successfully saved document: 1. Tender and RFQ Checklist.docx
2025-03-13 17:36:15,399 - INFO - Created PDF: C:\Users\AbrahamCEO\Desktop\RFQ Automation\gfdgd\gdgd (gfgfdfgfg)\1. Tender and RFQ Checklist.pdf
2025-03-13 17:36:15,403 - INFO - Removed intermediate Word file: C:\Users\AbrahamCEO\Desktop\RFQ Automation\gfdgd\gdgd (gfgfdfgfg)\1. Tender and RFQ Checklist.docx
2025-03-13 17:36:15,427 - INFO - Processing document: 10. All Declaration.docx
2025-03-13 17:36:15,494 - INFO - Successfully saved document: 10. All Declaration.docx
2025-03-13 17:36:16,723 - INFO - Created PDF: C:\Users\AbrahamCEO\Desktop\RFQ Automation\gfdgd\gdgd (gfgfdfgfg)\10. All Declaration.pdf
2025-03-13 17:36:16,723 - INFO - Removed intermediate Word file: C:\Users\AbrahamCEO\Desktop\RFQ Automation\gfdgd\gdgd (gfgfdfgfg)\10. All Declaration.docx
2025-03-13 17:36:16,747 - INFO - Processing document: 2. Power Of Attorney.docx
2025-03-13 17:36:16,823 - INFO - Successfully saved document: 2. Power Of Attorney.docx
2025-03-13 17:36:19,325 - INFO - Created PDF: C:\Users\AbrahamCEO\Desktop\RFQ Automation\gfdgd\gdgd (gfgfdfgfg)\2. Power Of Attorney.pdf
2025-03-13 17:36:19,327 - INFO - Removed intermediate Word file: C:\Users\AbrahamCEO\Desktop\RFQ Automation\gfdgd\gdgd (gfgfdfgfg)\2. Power Of Attorney.docx
2025-03-13 17:36:19,337 - INFO - Processing document: 3. Cover Letter.docx
2025-03-13 17:36:19,398 - INFO - Successfully saved document: 3. Cover Letter.docx
2025-03-13 17:36:21,879 - INFO - Created PDF: C:\Users\AbrahamCEO\Desktop\RFQ Automation\gfdgd\gdgd (gfgfdfgfg)\3. Cover Letter.pdf
2025-03-13 17:36:21,879 - INFO - Removed intermediate Word file: C:\Users\AbrahamCEO\Desktop\RFQ Automation\gfdgd\gdgd (gfgfdfgfg)\3. Cover Letter.docx
2025-03-13 17:36:21,883 - INFO - Processing document: 4. Undertaking - Labour.docx
2025-03-13 17:36:21,927 - INFO - Successfully saved document: 4. Undertaking - Labour.docx
2025-03-13 17:36:24,379 - INFO - Created PDF: C:\Users\AbrahamCEO\Desktop\RFQ Automation\gfdgd\gdgd (gfgfdfgfg)\4. Undertaking - Labour.pdf
2025-03-13 17:36:24,379 - INFO - Removed intermediate Word file: C:\Users\AbrahamCEO\Desktop\RFQ Automation\gfdgd\gdgd (gfgfdfgfg)\4. Undertaking - Labour.docx
2025-03-13 17:36:24,395 - INFO - Processing document: 5. Undertaking - Salaries.docx
2025-03-13 17:36:24,443 - INFO - Successfully saved document: 5. Undertaking - Salaries.docx
2025-03-13 17:36:26,764 - INFO - Created PDF: C:\Users\AbrahamCEO\Desktop\RFQ Automation\gfdgd\gdgd (gfgfdfgfg)\5. Undertaking - Salaries.pdf
2025-03-13 17:36:26,764 - INFO - Removed intermediate Word file: C:\Users\AbrahamCEO\Desktop\RFQ Automation\gfdgd\gdgd (gfgfdfgfg)\5. Undertaking - Salaries.docx
2025-03-13 17:36:26,764 - INFO - Processing document: 6. Local Content.docx
2025-03-13 17:36:26,827 - INFO - Successfully saved document: 6. Local Content.docx
2025-03-13 17:36:29,198 - INFO - Created PDF: C:\Users\AbrahamCEO\Desktop\RFQ Automation\gfdgd\gdgd (gfgfdfgfg)\6. Local Content.pdf
2025-03-13 17:36:29,198 - INFO - Removed intermediate Word file: C:\Users\AbrahamCEO\Desktop\RFQ Automation\gfdgd\gdgd (gfgfdfgfg)\6. Local Content.docx
2025-03-13 17:36:29,213 - INFO - Processing document: 7. Employment.docx
2025-03-13 17:36:29,246 - INFO - Successfully saved document: 7. Employment.docx
2025-03-13 17:36:31,617 - INFO - Created PDF: C:\Users\AbrahamCEO\Desktop\RFQ Automation\gfdgd\gdgd (gfgfdfgfg)\7. Employment.pdf
2025-03-13 17:36:31,617 - INFO - Removed intermediate Word file: C:\Users\AbrahamCEO\Desktop\RFQ Automation\gfdgd\gdgd (gfgfdfgfg)\7. Employment.docx
2025-03-13 17:36:31,649 - INFO - Processing document: 8. Conflict Of Interest.docx
2025-03-13 17:36:31,697 - INFO - Successfully saved document: 8. Conflict Of Interest.docx
2025-03-13 17:36:34,053 - INFO - Created PDF: C:\Users\AbrahamCEO\Desktop\RFQ Automation\gfdgd\gdgd (gfgfdfgfg)\8. Conflict Of Interest.pdf
2025-03-13 17:36:34,053 - INFO - Removed intermediate Word file: C:\Users\AbrahamCEO\Desktop\RFQ Automation\gfdgd\gdgd (gfgfdfgfg)\8. Conflict Of Interest.docx
2025-03-13 17:36:34,066 - INFO - Processing document: 9. Bid Requirements.docx
2025-03-13 17:36:34,101 - INFO - Successfully saved document: 9. Bid Requirements.docx
2025-03-13 17:36:36,579 - INFO - Created PDF: C:\Users\AbrahamCEO\Desktop\RFQ Automation\gfdgd\gdgd (gfgfdfgfg)\9. Bid Requirements.pdf
2025-03-13 17:36:36,581 - INFO - Removed intermediate Word file: C:\Users\AbrahamCEO\Desktop\RFQ Automation\gfdgd\gdgd (gfgfdfgfg)\9. Bid Requirements.docx
2025-03-13 17:36:36,581 - INFO - Processing 2 extras documents...
2025-03-13 17:36:36,603 - INFO - Processing document: 10. Twinrain Table of Contents Section Covers.docx
2025-03-13 17:36:36,651 - INFO - Successfully saved document: 10. Twinrain Table of Contents Section Covers.docx
2025-03-13 17:36:36,667 - INFO - Processing document: 11. Cover Page.docx
2025-03-13 17:36:36,718 - INFO - Successfully saved document: 11. Cover Page.docx
2025-03-13 17:36:36,718 - INFO - Merging 10 PDFs...
2025-03-13 17:36:37,322 - INFO - Successfully created final PDF: C:\Users\AbrahamCEO\Desktop\RFQ Automation\gfdgd\gdgd (gfgfdfgfg)\gdgd (gfgfdfgfg).pdf
2025-03-13 17:36:37,322 - INFO - Cleaning up intermediate files...
2025-03-13 17:36:37,322 - INFO - Removed intermediate PDF: C:\Users\AbrahamCEO\Desktop\RFQ Automation\gfdgd\gdgd (gfgfdfgfg)\1. Tender and RFQ Checklist.pdf
2025-03-13 17:36:37,322 - INFO - Removed intermediate PDF: C:\Users\AbrahamCEO\Desktop\RFQ Automation\gfdgd\gdgd (gfgfdfgfg)\10. All Declaration.pdf
2025-03-13 17:36:37,322 - INFO - Removed intermediate PDF: C:\Users\AbrahamCEO\Desktop\RFQ Automation\gfdgd\gdgd (gfgfdfgfg)\2. Power Of Attorney.pdf
2025-03-13 17:36:37,324 - INFO - Removed intermediate PDF: C:\Users\AbrahamCEO\Desktop\RFQ Automation\gfdgd\gdgd (gfgfdfgfg)\3. Cover Letter.pdf
2025-03-13 17:36:37,324 - INFO - Removed intermediate PDF: C:\Users\AbrahamCEO\Desktop\RFQ Automation\gfdgd\gdgd (gfgfdfgfg)\4. Undertaking - Labour.pdf
2025-03-13 17:36:37,324 - INFO - Removed intermediate PDF: C:\Users\AbrahamCEO\Desktop\RFQ Automation\gfdgd\gdgd (gfgfdfgfg)\5. Undertaking - Salaries.pdf
2025-03-13 17:36:37,324 - INFO - Removed intermediate PDF: C:\Users\AbrahamCEO\Desktop\RFQ Automation\gfdgd\gdgd (gfgfdfgfg)\6. Local Content.pdf
2025-03-13 17:36:37,324 - INFO - Removed intermediate PDF: C:\Users\AbrahamCEO\Desktop\RFQ Automation\gfdgd\gdgd (gfgfdfgfg)\7. Employment.pdf
2025-03-13 17:36:37,324 - INFO - Removed intermediate PDF: C:\Users\AbrahamCEO\Desktop\RFQ Automation\gfdgd\gdgd (gfgfdfgfg)\8. Conflict Of Interest.pdf
2025-03-13 17:36:37,326 - INFO - Removed intermediate PDF: C:\Users\AbrahamCEO\Desktop\RFQ Automation\gfdgd\gdgd (gfgfdfgfg)\9. Bid Requirements.pdf
2025-03-13 17:36:37,326 - INFO - Removed temporary merged PDF
2025-03-13 17:39:06,405 - INFO - Formatted date: 13th March 2025
2025-03-13 17:39:06,405 - INFO - Created output directory: C:\Users\AbrahamCEO\Desktop\RFQ Automation\fdsdf\fsdfds (fsfd)
2025-03-13 17:39:06,405 - INFO - Processing 11 main documents...
2025-03-13 17:39:06,431 - INFO - Processing document: 1. Tender and RFQ Checklist.docx
2025-03-13 17:39:06,613 - INFO - Successfully saved document: 1. Tender and RFQ Checklist.docx
2025-03-13 17:39:10,241 - INFO - Created PDF: C:\Users\AbrahamCEO\Desktop\RFQ Automation\fdsdf\fsdfds (fsfd)\1. Tender and RFQ Checklist.pdf
2025-03-13 17:39:10,241 - INFO - Removed intermediate Word file: C:\Users\AbrahamCEO\Desktop\RFQ Automation\fdsdf\fsdfds (fsfd)\1. Tender and RFQ Checklist.docx
2025-03-13 17:39:10,275 - INFO - Processing document: 10. All Declaration.docx
2025-03-13 17:39:10,321 - INFO - Successfully saved document: 10. All Declaration.docx
2025-03-13 17:39:12,594 - INFO - Created PDF: C:\Users\AbrahamCEO\Desktop\RFQ Automation\fdsdf\fsdfds (fsfd)\10. All Declaration.pdf
2025-03-13 17:39:12,594 - INFO - Removed intermediate Word file: C:\Users\AbrahamCEO\Desktop\RFQ Automation\fdsdf\fsdfds (fsfd)\10. All Declaration.docx
2025-03-13 17:39:12,606 - INFO - Processing document: 2. Power Of Attorney.docx
2025-03-13 17:39:12,656 - INFO - Successfully saved document: 2. Power Of Attorney.docx
2025-03-13 17:39:15,012 - INFO - Created PDF: C:\Users\AbrahamCEO\Desktop\RFQ Automation\fdsdf\fsdfds (fsfd)\2. Power Of Attorney.pdf
2025-03-13 17:39:15,012 - INFO - Removed intermediate Word file: C:\Users\AbrahamCEO\Desktop\RFQ Automation\fdsdf\fsdfds (fsfd)\2. Power Of Attorney.docx
2025-03-13 17:39:15,027 - INFO - Processing document: 3. Cover Letter.docx
2025-03-13 17:39:15,075 - INFO - Successfully saved document: 3. Cover Letter.docx
2025-03-13 17:39:17,456 - INFO - Created PDF: C:\Users\AbrahamCEO\Desktop\RFQ Automation\fdsdf\fsdfds (fsfd)\3. Cover Letter.pdf
2025-03-13 17:39:17,456 - INFO - Removed intermediate Word file: C:\Users\AbrahamCEO\Desktop\RFQ Automation\fdsdf\fsdfds (fsfd)\3. Cover Letter.docx
2025-03-13 17:39:17,470 - INFO - Processing document: 4. Undertaking - Labour.docx
2025-03-13 17:39:17,520 - INFO - Successfully saved document: 4. Undertaking - Labour.docx
2025-03-13 17:39:19,941 - INFO - Created PDF: C:\Users\AbrahamCEO\Desktop\RFQ Automation\fdsdf\fsdfds (fsfd)\4. Undertaking - Labour.pdf
2025-03-13 17:39:19,941 - INFO - Removed intermediate Word file: C:\Users\AbrahamCEO\Desktop\RFQ Automation\fdsdf\fsdfds (fsfd)\4. Undertaking - Labour.docx
2025-03-13 17:39:19,983 - INFO - Processing document: 5. Undertaking - Salaries.docx
2025-03-13 17:39:20,021 - INFO - Successfully saved document: 5. Undertaking - Salaries.docx
2025-03-13 17:39:22,528 - INFO - Created PDF: C:\Users\AbrahamCEO\Desktop\RFQ Automation\fdsdf\fsdfds (fsfd)\5. Undertaking - Salaries.pdf
2025-03-13 17:39:22,528 - INFO - Removed intermediate Word file: C:\Users\AbrahamCEO\Desktop\RFQ Automation\fdsdf\fsdfds (fsfd)\5. Undertaking - Salaries.docx
2025-03-13 17:39:22,528 - INFO - Processing document: 6. Local Content.docx
2025-03-13 17:39:22,576 - INFO - Successfully saved document: 6. Local Content.docx
2025-03-13 17:39:24,976 - INFO - Created PDF: C:\Users\AbrahamCEO\Desktop\RFQ Automation\fdsdf\fsdfds (fsfd)\6. Local Content.pdf
2025-03-13 17:39:24,976 - INFO - Removed intermediate Word file: C:\Users\AbrahamCEO\Desktop\RFQ Automation\fdsdf\fsdfds (fsfd)\6. Local Content.docx
2025-03-13 17:39:24,991 - INFO - Processing document: 7. Employment.docx
2025-03-13 17:39:25,039 - INFO - Successfully saved document: 7. Employment.docx
2025-03-13 17:39:27,346 - INFO - Created PDF: C:\Users\AbrahamCEO\Desktop\RFQ Automation\fdsdf\fsdfds (fsfd)\7. Employment.pdf
2025-03-13 17:39:27,362 - INFO - Removed intermediate Word file: C:\Users\AbrahamCEO\Desktop\RFQ Automation\fdsdf\fsdfds (fsfd)\7. Employment.docx
2025-03-13 17:39:27,366 - INFO - Processing document: 8. Conflict Of Interest.docx
2025-03-13 17:39:27,410 - INFO - Successfully saved document: 8. Conflict Of Interest.docx
2025-03-13 17:39:30,127 - INFO - Created PDF: C:\Users\AbrahamCEO\Desktop\RFQ Automation\fdsdf\fsdfds (fsfd)\8. Conflict Of Interest.pdf
2025-03-13 17:39:30,127 - INFO - Removed intermediate Word file: C:\Users\AbrahamCEO\Desktop\RFQ Automation\fdsdf\fsdfds (fsfd)\8. Conflict Of Interest.docx
2025-03-13 17:39:30,197 - INFO - Processing document: 9. Bid Requirements.docx
2025-03-13 17:39:30,290 - INFO - Successfully saved document: 9. Bid Requirements.docx
2025-03-13 17:39:32,929 - INFO - Created PDF: C:\Users\AbrahamCEO\Desktop\RFQ Automation\fdsdf\fsdfds (fsfd)\9. Bid Requirements.pdf
2025-03-13 17:39:32,929 - INFO - Removed intermediate Word file: C:\Users\AbrahamCEO\Desktop\RFQ Automation\fdsdf\fsdfds (fsfd)\9. Bid Requirements.docx
2025-03-13 17:39:32,936 - ERROR - Error processing document ~$ Power Of Attorney.docx: Package not found at 'C:\Users\AbrahamCEO\Desktop\projects\new-docs-processor\Documents\Cover Letters\Shitongeni\~$ Power Of Attorney.docx'
2025-03-13 17:39:32,936 - INFO - Processing 2 extras documents...
2025-03-13 17:39:32,954 - INFO - Processing document: 10. Twinrain Table of Contents Section Covers.docx
2025-03-13 17:39:32,999 - INFO - Successfully saved document: 10. Twinrain Table of Contents Section Covers.docx
2025-03-13 17:39:33,015 - INFO - Processing document: 11. Cover Page.docx
2025-03-13 17:39:33,062 - INFO - Successfully saved document: 11. Cover Page.docx
2025-03-13 17:39:33,062 - INFO - Merging 10 PDFs...
2025-03-13 17:39:33,616 - INFO - Successfully created final PDF: C:\Users\AbrahamCEO\Desktop\RFQ Automation\fdsdf\fsdfds (fsfd)\fsdfds (fsfd).pdf
2025-03-13 17:39:33,616 - INFO - Cleaning up intermediate files...
2025-03-13 17:39:33,616 - INFO - Removed intermediate PDF: C:\Users\AbrahamCEO\Desktop\RFQ Automation\fdsdf\fsdfds (fsfd)\1. Tender and RFQ Checklist.pdf
2025-03-13 17:39:33,616 - INFO - Removed intermediate PDF: C:\Users\AbrahamCEO\Desktop\RFQ Automation\fdsdf\fsdfds (fsfd)\10. All Declaration.pdf
2025-03-13 17:39:33,616 - INFO - Removed intermediate PDF: C:\Users\AbrahamCEO\Desktop\RFQ Automation\fdsdf\fsdfds (fsfd)\2. Power Of Attorney.pdf
2025-03-13 17:39:33,616 - INFO - Removed intermediate PDF: C:\Users\AbrahamCEO\Desktop\RFQ Automation\fdsdf\fsdfds (fsfd)\3. Cover Letter.pdf
2025-03-13 17:39:33,616 - INFO - Removed intermediate PDF: C:\Users\AbrahamCEO\Desktop\RFQ Automation\fdsdf\fsdfds (fsfd)\4. Undertaking - Labour.pdf
2025-03-13 17:39:33,616 - INFO - Removed intermediate PDF: C:\Users\AbrahamCEO\Desktop\RFQ Automation\fdsdf\fsdfds (fsfd)\5. Undertaking - Salaries.pdf
2025-03-13 17:39:33,616 - INFO - Removed intermediate PDF: C:\Users\AbrahamCEO\Desktop\RFQ Automation\fdsdf\fsdfds (fsfd)\6. Local Content.pdf
2025-03-13 17:39:33,616 - INFO - Removed intermediate PDF: C:\Users\AbrahamCEO\Desktop\RFQ Automation\fdsdf\fsdfds (fsfd)\7. Employment.pdf
2025-03-13 17:39:33,616 - INFO - Removed intermediate PDF: C:\Users\AbrahamCEO\Desktop\RFQ Automation\fdsdf\fsdfds (fsfd)\8. Conflict Of Interest.pdf
2025-03-13 17:39:33,632 - INFO - Removed intermediate PDF: C:\Users\AbrahamCEO\Desktop\RFQ Automation\fdsdf\fsdfds (fsfd)\9. Bid Requirements.pdf
2025-03-13 17:39:33,632 - INFO - Removed temporary merged PDF
2025-03-13 17:41:10,736 - INFO - Formatted date: 13th March 2025
2025-03-13 17:41:10,736 - INFO - Created output directory: C:\Users\AbrahamCEO\Desktop\RFQ Automation\sdfdsfsdfsdf\sdfdsfsdf (dsfdsfdsfdsf)
2025-03-13 17:41:10,736 - INFO - Processing 11 main documents...
2025-03-13 17:41:10,768 - INFO - Processing document: 1. Tender and RFQ Checklist.docx
2025-03-13 17:41:10,948 - INFO - Successfully saved document: 1. Tender and RFQ Checklist.docx
2025-03-13 17:41:14,283 - INFO - Created PDF: C:\Users\AbrahamCEO\Desktop\RFQ Automation\sdfdsfsdfsdf\sdfdsfsdf (dsfdsfdsfdsf)\1. Tender and RFQ Checklist.pdf
2025-03-13 17:41:14,283 - INFO - Removed intermediate Word file: C:\Users\AbrahamCEO\Desktop\RFQ Automation\sdfdsfsdfsdf\sdfdsfsdf (dsfdsfdsfdsf)\1. Tender and RFQ Checklist.docx
2025-03-13 17:41:14,299 - INFO - Processing document: 10. All Declaration.docx
2025-03-13 17:41:14,348 - INFO - Successfully saved document: 10. All Declaration.docx
2025-03-13 17:41:16,874 - INFO - Created PDF: C:\Users\AbrahamCEO\Desktop\RFQ Automation\sdfdsfsdfsdf\sdfdsfsdf (dsfdsfdsfdsf)\10. All Declaration.pdf
2025-03-13 17:41:16,874 - INFO - Removed intermediate Word file: C:\Users\AbrahamCEO\Desktop\RFQ Automation\sdfdsfsdfsdf\sdfdsfsdf (dsfdsfdsfdsf)\10. All Declaration.docx
2025-03-13 17:41:16,879 - INFO - Processing document: 2. Power Of Attorney.docx
2025-03-13 17:41:16,944 - INFO - Successfully saved document: 2. Power Of Attorney.docx
2025-03-13 17:41:19,422 - INFO - Created PDF: C:\Users\AbrahamCEO\Desktop\RFQ Automation\sdfdsfsdfsdf\sdfdsfsdf (dsfdsfdsfdsf)\2. Power Of Attorney.pdf
2025-03-13 17:41:19,422 - INFO - Removed intermediate Word file: C:\Users\AbrahamCEO\Desktop\RFQ Automation\sdfdsfsdfsdf\sdfdsfsdf (dsfdsfdsfdsf)\2. Power Of Attorney.docx
2025-03-13 17:41:19,422 - INFO - Processing document: 3. Cover Letter.docx
2025-03-13 17:41:19,501 - INFO - Successfully saved document: 3. Cover Letter.docx
2025-03-13 17:41:21,970 - INFO - Created PDF: C:\Users\AbrahamCEO\Desktop\RFQ Automation\sdfdsfsdfsdf\sdfdsfsdf (dsfdsfdsfdsf)\3. Cover Letter.pdf
2025-03-13 17:41:21,970 - INFO - Removed intermediate Word file: C:\Users\AbrahamCEO\Desktop\RFQ Automation\sdfdsfsdfsdf\sdfdsfsdf (dsfdsfdsfdsf)\3. Cover Letter.docx
2025-03-13 17:41:21,970 - INFO - Processing document: 4. Undertaking - Labour.docx
2025-03-13 17:41:22,018 - INFO - Successfully saved document: 4. Undertaking - Labour.docx
2025-03-13 17:41:25,019 - INFO - Created PDF: C:\Users\AbrahamCEO\Desktop\RFQ Automation\sdfdsfsdfsdf\sdfdsfsdf (dsfdsfdsfdsf)\4. Undertaking - Labour.pdf
2025-03-13 17:41:25,035 - INFO - Removed intermediate Word file: C:\Users\AbrahamCEO\Desktop\RFQ Automation\sdfdsfsdfsdf\sdfdsfsdf (dsfdsfdsfdsf)\4. Undertaking - Labour.docx
2025-03-13 17:41:25,035 - INFO - Processing document: 5. Undertaking - Salaries.docx
2025-03-13 17:41:25,099 - INFO - Successfully saved document: 5. Undertaking - Salaries.docx
2025-03-13 17:41:27,461 - INFO - Created PDF: C:\Users\AbrahamCEO\Desktop\RFQ Automation\sdfdsfsdfsdf\sdfdsfsdf (dsfdsfdsfdsf)\5. Undertaking - Salaries.pdf
2025-03-13 17:41:27,461 - INFO - Removed intermediate Word file: C:\Users\AbrahamCEO\Desktop\RFQ Automation\sdfdsfsdfsdf\sdfdsfsdf (dsfdsfdsfdsf)\5. Undertaking - Salaries.docx
2025-03-13 17:41:27,473 - INFO - Processing document: 6. Local Content.docx
2025-03-13 17:41:27,518 - INFO - Successfully saved document: 6. Local Content.docx
2025-03-13 17:41:30,427 - INFO - Created PDF: C:\Users\AbrahamCEO\Desktop\RFQ Automation\sdfdsfsdfsdf\sdfdsfsdf (dsfdsfdsfdsf)\6. Local Content.pdf
2025-03-13 17:41:30,427 - INFO - Removed intermediate Word file: C:\Users\AbrahamCEO\Desktop\RFQ Automation\sdfdsfsdfsdf\sdfdsfsdf (dsfdsfdsfdsf)\6. Local Content.docx
2025-03-13 17:41:30,438 - INFO - Processing document: 7. Employment.docx
2025-03-13 17:41:30,475 - INFO - Successfully saved document: 7. Employment.docx
2025-03-13 17:41:32,889 - INFO - Created PDF: C:\Users\AbrahamCEO\Desktop\RFQ Automation\sdfdsfsdfsdf\sdfdsfsdf (dsfdsfdsfdsf)\7. Employment.pdf
2025-03-13 17:41:32,889 - INFO - Removed intermediate Word file: C:\Users\AbrahamCEO\Desktop\RFQ Automation\sdfdsfsdfsdf\sdfdsfsdf (dsfdsfdsfdsf)\7. Employment.docx
2025-03-13 17:41:32,901 - INFO - Processing document: 8. Conflict Of Interest.docx
2025-03-13 17:41:32,964 - INFO - Successfully saved document: 8. Conflict Of Interest.docx
2025-03-13 17:41:35,431 - INFO - Created PDF: C:\Users\AbrahamCEO\Desktop\RFQ Automation\sdfdsfsdfsdf\sdfdsfsdf (dsfdsfdsfdsf)\8. Conflict Of Interest.pdf
2025-03-13 17:41:35,431 - INFO - Removed intermediate Word file: C:\Users\AbrahamCEO\Desktop\RFQ Automation\sdfdsfsdfsdf\sdfdsfsdf (dsfdsfdsfdsf)\8. Conflict Of Interest.docx
2025-03-13 17:41:35,455 - INFO - Processing document: 9. Bid Requirements.docx
2025-03-13 17:41:35,495 - INFO - Successfully saved document: 9. Bid Requirements.docx
2025-03-13 17:41:37,883 - INFO - Created PDF: C:\Users\AbrahamCEO\Desktop\RFQ Automation\sdfdsfsdfsdf\sdfdsfsdf (dsfdsfdsfdsf)\9. Bid Requirements.pdf
2025-03-13 17:41:37,883 - INFO - Removed intermediate Word file: C:\Users\AbrahamCEO\Desktop\RFQ Automation\sdfdsfsdfsdf\sdfdsfsdf (dsfdsfdsfdsf)\9. Bid Requirements.docx
2025-03-13 17:41:37,885 - ERROR - Error processing document ~$ Power Of Attorney.docx: Package not found at 'C:\Users\AbrahamCEO\Desktop\projects\new-docs-processor\Documents\Cover Letters\Shitongeni\~$ Power Of Attorney.docx'
2025-03-13 17:41:37,885 - INFO - Processing 2 extras documents...
2025-03-13 17:41:37,899 - INFO - Processing document: 10. Twinrain Table of Contents Section Covers.docx
2025-03-13 17:41:37,946 - INFO - Successfully saved document: 10. Twinrain Table of Contents Section Covers.docx
2025-03-13 17:41:37,961 - INFO - Processing document: 11. Cover Page.docx
2025-03-13 17:41:38,009 - INFO - Successfully saved document: 11. Cover Page.docx
2025-03-13 17:41:38,009 - INFO - Merging 10 PDFs...
2025-03-13 17:41:38,770 - INFO - Successfully created final PDF: C:\Users\AbrahamCEO\Desktop\RFQ Automation\sdfdsfsdfsdf\sdfdsfsdf (dsfdsfdsfdsf)\sdfdsfsdf (dsfdsfdsfdsf).pdf
2025-03-13 17:41:38,770 - INFO - Cleaning up intermediate files...
2025-03-13 17:41:38,770 - INFO - Removed intermediate PDF: C:\Users\AbrahamCEO\Desktop\RFQ Automation\sdfdsfsdfsdf\sdfdsfsdf (dsfdsfdsfdsf)\1. Tender and RFQ Checklist.pdf
2025-03-13 17:41:38,770 - INFO - Removed intermediate PDF: C:\Users\AbrahamCEO\Desktop\RFQ Automation\sdfdsfsdfsdf\sdfdsfsdf (dsfdsfdsfdsf)\10. All Declaration.pdf
2025-03-13 17:41:38,770 - INFO - Removed intermediate PDF: C:\Users\AbrahamCEO\Desktop\RFQ Automation\sdfdsfsdfsdf\sdfdsfsdf (dsfdsfdsfdsf)\2. Power Of Attorney.pdf
2025-03-13 17:41:38,770 - INFO - Removed intermediate PDF: C:\Users\AbrahamCEO\Desktop\RFQ Automation\sdfdsfsdfsdf\sdfdsfsdf (dsfdsfdsfdsf)\3. Cover Letter.pdf
2025-03-13 17:41:38,770 - INFO - Removed intermediate PDF: C:\Users\AbrahamCEO\Desktop\RFQ Automation\sdfdsfsdfsdf\sdfdsfsdf (dsfdsfdsfdsf)\4. Undertaking - Labour.pdf
2025-03-13 17:41:38,770 - INFO - Removed intermediate PDF: C:\Users\AbrahamCEO\Desktop\RFQ Automation\sdfdsfsdfsdf\sdfdsfsdf (dsfdsfdsfdsf)\5. Undertaking - Salaries.pdf
2025-03-13 17:41:38,770 - INFO - Removed intermediate PDF: C:\Users\AbrahamCEO\Desktop\RFQ Automation\sdfdsfsdfsdf\sdfdsfsdf (dsfdsfdsfdsf)\6. Local Content.pdf
2025-03-13 17:41:38,770 - INFO - Removed intermediate PDF: C:\Users\AbrahamCEO\Desktop\RFQ Automation\sdfdsfsdfsdf\sdfdsfsdf (dsfdsfdsfdsf)\7. Employment.pdf
2025-03-13 17:41:38,770 - INFO - Removed intermediate PDF: C:\Users\AbrahamCEO\Desktop\RFQ Automation\sdfdsfsdfsdf\sdfdsfsdf (dsfdsfdsfdsf)\8. Conflict Of Interest.pdf
2025-03-13 17:41:38,770 - INFO - Removed intermediate PDF: C:\Users\AbrahamCEO\Desktop\RFQ Automation\sdfdsfsdfsdf\sdfdsfsdf (dsfdsfdsfdsf)\9. Bid Requirements.pdf
2025-03-13 17:41:38,945 - INFO - Removed temporary merged PDF
2025-03-14 17:55:07,356 - INFO - Formatted date: 28th March 2025
2025-03-14 17:55:07,356 - INFO - Created output directory: C:\Users\AbrahamCEO\Desktop\RFQ Automation\Ministry of Health\Supply of Laptops (G-RFQ-2024-2025)
2025-03-14 17:55:07,356 - INFO - Processing 10 main documents...
2025-03-14 17:55:07,388 - INFO - Processing document: 1. Tender and RFQ Checklist.docx
2025-03-14 17:55:07,580 - INFO - Successfully saved document: 1. Tender and RFQ Checklist.docx
2025-03-14 17:55:12,198 - INFO - Created PDF: C:\Users\AbrahamCEO\Desktop\RFQ Automation\Ministry of Health\Supply of Laptops (G-RFQ-2024-2025)\1. Tender and RFQ Checklist.pdf
2025-03-14 17:55:12,198 - INFO - Removed intermediate Word file: C:\Users\AbrahamCEO\Desktop\RFQ Automation\Ministry of Health\Supply of Laptops (G-RFQ-2024-2025)\1. Tender and RFQ Checklist.docx
2025-03-14 17:55:12,214 - INFO - Processing document: 10. All Declaration.docx
2025-03-14 17:55:12,245 - INFO - Successfully saved document: 10. All Declaration.docx
2025-03-14 17:55:15,664 - INFO - Created PDF: C:\Users\AbrahamCEO\Desktop\RFQ Automation\Ministry of Health\Supply of Laptops (G-RFQ-2024-2025)\10. All Declaration.pdf
2025-03-14 17:55:15,664 - INFO - Removed intermediate Word file: C:\Users\AbrahamCEO\Desktop\RFQ Automation\Ministry of Health\Supply of Laptops (G-RFQ-2024-2025)\10. All Declaration.docx
2025-03-14 17:55:15,692 - INFO - Processing document: 2. Power Of Attorney.docx
2025-03-14 17:55:15,728 - INFO - Successfully saved document: 2. Power Of Attorney.docx
2025-03-14 17:55:18,468 - INFO - Created PDF: C:\Users\AbrahamCEO\Desktop\RFQ Automation\Ministry of Health\Supply of Laptops (G-RFQ-2024-2025)\2. Power Of Attorney.pdf
2025-03-14 17:55:18,468 - INFO - Removed intermediate Word file: C:\Users\AbrahamCEO\Desktop\RFQ Automation\Ministry of Health\Supply of Laptops (G-RFQ-2024-2025)\2. Power Of Attorney.docx
2025-03-14 17:55:18,480 - INFO - Processing document: 3. Cover Letter.docx
2025-03-14 17:55:18,535 - INFO - Successfully saved document: 3. Cover Letter.docx
2025-03-14 17:55:21,002 - INFO - Created PDF: C:\Users\AbrahamCEO\Desktop\RFQ Automation\Ministry of Health\Supply of Laptops (G-RFQ-2024-2025)\3. Cover Letter.pdf
2025-03-14 17:55:21,003 - INFO - Removed intermediate Word file: C:\Users\AbrahamCEO\Desktop\RFQ Automation\Ministry of Health\Supply of Laptops (G-RFQ-2024-2025)\3. Cover Letter.docx
2025-03-14 17:55:21,013 - INFO - Processing document: 4. Undertaking - Labour.docx
2025-03-14 17:55:21,060 - INFO - Successfully saved document: 4. Undertaking - Labour.docx
2025-03-14 17:55:24,005 - INFO - Created PDF: C:\Users\AbrahamCEO\Desktop\RFQ Automation\Ministry of Health\Supply of Laptops (G-RFQ-2024-2025)\4. Undertaking - Labour.pdf
2025-03-14 17:55:24,005 - INFO - Removed intermediate Word file: C:\Users\AbrahamCEO\Desktop\RFQ Automation\Ministry of Health\Supply of Laptops (G-RFQ-2024-2025)\4. Undertaking - Labour.docx
2025-03-14 17:55:24,005 - INFO - Processing document: 5. Undertaking - Salaries.docx
2025-03-14 17:55:24,055 - INFO - Successfully saved document: 5. Undertaking - Salaries.docx
2025-03-14 17:55:26,394 - INFO - Created PDF: C:\Users\AbrahamCEO\Desktop\RFQ Automation\Ministry of Health\Supply of Laptops (G-RFQ-2024-2025)\5. Undertaking - Salaries.pdf
2025-03-14 17:55:26,394 - INFO - Removed intermediate Word file: C:\Users\AbrahamCEO\Desktop\RFQ Automation\Ministry of Health\Supply of Laptops (G-RFQ-2024-2025)\5. Undertaking - Salaries.docx
2025-03-14 17:55:26,406 - INFO - Processing document: 6. Local Content.docx
2025-03-14 17:55:26,453 - INFO - Successfully saved document: 6. Local Content.docx
2025-03-14 17:55:29,369 - INFO - Created PDF: C:\Users\AbrahamCEO\Desktop\RFQ Automation\Ministry of Health\Supply of Laptops (G-RFQ-2024-2025)\6. Local Content.pdf
2025-03-14 17:55:29,371 - INFO - Removed intermediate Word file: C:\Users\AbrahamCEO\Desktop\RFQ Automation\Ministry of Health\Supply of Laptops (G-RFQ-2024-2025)\6. Local Content.docx
2025-03-14 17:55:29,381 - INFO - Processing document: 7. Employment.docx
2025-03-14 17:55:29,429 - INFO - Successfully saved document: 7. Employment.docx
2025-03-14 17:55:31,786 - INFO - Created PDF: C:\Users\AbrahamCEO\Desktop\RFQ Automation\Ministry of Health\Supply of Laptops (G-RFQ-2024-2025)\7. Employment.pdf
2025-03-14 17:55:31,787 - INFO - Removed intermediate Word file: C:\Users\AbrahamCEO\Desktop\RFQ Automation\Ministry of Health\Supply of Laptops (G-RFQ-2024-2025)\7. Employment.docx
2025-03-14 17:55:31,797 - INFO - Processing document: 8. Conflict Of Interest.docx
2025-03-14 17:55:31,846 - INFO - Successfully saved document: 8. Conflict Of Interest.docx
2025-03-14 17:55:34,200 - INFO - Created PDF: C:\Users\AbrahamCEO\Desktop\RFQ Automation\Ministry of Health\Supply of Laptops (G-RFQ-2024-2025)\8. Conflict Of Interest.pdf
2025-03-14 17:55:34,201 - INFO - Removed intermediate Word file: C:\Users\AbrahamCEO\Desktop\RFQ Automation\Ministry of Health\Supply of Laptops (G-RFQ-2024-2025)\8. Conflict Of Interest.docx
2025-03-14 17:55:34,211 - INFO - Processing document: 9. Bid Requirements.docx
2025-03-14 17:55:34,257 - INFO - Successfully saved document: 9. Bid Requirements.docx
2025-03-14 17:55:37,112 - INFO - Created PDF: C:\Users\AbrahamCEO\Desktop\RFQ Automation\Ministry of Health\Supply of Laptops (G-RFQ-2024-2025)\9. Bid Requirements.pdf
2025-03-14 17:55:37,112 - INFO - Removed intermediate Word file: C:\Users\AbrahamCEO\Desktop\RFQ Automation\Ministry of Health\Supply of Laptops (G-RFQ-2024-2025)\9. Bid Requirements.docx
2025-03-14 17:55:37,112 - INFO - Processing 2 extras documents...
2025-03-14 17:55:37,128 - INFO - Processing document: 10. Twinrain Table of Contents Section Covers.docx
2025-03-14 17:55:37,175 - INFO - Successfully saved document: 10. Twinrain Table of Contents Section Covers.docx
2025-03-14 17:55:37,207 - INFO - Processing document: 11. Cover Page.docx
2025-03-14 17:55:37,255 - INFO - Successfully saved document: 11. Cover Page.docx
2025-03-14 17:55:37,255 - INFO - Merging 10 PDFs...
2025-03-14 17:55:37,634 - INFO - Successfully created final PDF: C:\Users\AbrahamCEO\Desktop\RFQ Automation\Ministry of Health\Supply of Laptops (G-RFQ-2024-2025)\Supply of Laptops (G-RFQ-2024-2025).pdf
2025-03-14 17:55:37,634 - INFO - Cleaning up intermediate files...
2025-03-14 17:55:37,634 - INFO - Removed intermediate PDF: C:\Users\AbrahamCEO\Desktop\RFQ Automation\Ministry of Health\Supply of Laptops (G-RFQ-2024-2025)\1. Tender and RFQ Checklist.pdf
2025-03-14 17:55:37,636 - INFO - Removed intermediate PDF: C:\Users\AbrahamCEO\Desktop\RFQ Automation\Ministry of Health\Supply of Laptops (G-RFQ-2024-2025)\10. All Declaration.pdf
2025-03-14 17:55:37,636 - INFO - Removed intermediate PDF: C:\Users\AbrahamCEO\Desktop\RFQ Automation\Ministry of Health\Supply of Laptops (G-RFQ-2024-2025)\2. Power Of Attorney.pdf
2025-03-14 17:55:37,636 - INFO - Removed intermediate PDF: C:\Users\AbrahamCEO\Desktop\RFQ Automation\Ministry of Health\Supply of Laptops (G-RFQ-2024-2025)\3. Cover Letter.pdf
2025-03-14 17:55:37,636 - INFO - Removed intermediate PDF: C:\Users\AbrahamCEO\Desktop\RFQ Automation\Ministry of Health\Supply of Laptops (G-RFQ-2024-2025)\4. Undertaking - Labour.pdf
2025-03-14 17:55:37,636 - INFO - Removed intermediate PDF: C:\Users\AbrahamCEO\Desktop\RFQ Automation\Ministry of Health\Supply of Laptops (G-RFQ-2024-2025)\5. Undertaking - Salaries.pdf
2025-03-14 17:55:37,638 - INFO - Removed intermediate PDF: C:\Users\AbrahamCEO\Desktop\RFQ Automation\Ministry of Health\Supply of Laptops (G-RFQ-2024-2025)\6. Local Content.pdf
2025-03-14 17:55:37,638 - INFO - Removed intermediate PDF: C:\Users\AbrahamCEO\Desktop\RFQ Automation\Ministry of Health\Supply of Laptops (G-RFQ-2024-2025)\7. Employment.pdf
2025-03-14 17:55:37,638 - INFO - Removed intermediate PDF: C:\Users\AbrahamCEO\Desktop\RFQ Automation\Ministry of Health\Supply of Laptops (G-RFQ-2024-2025)\8. Conflict Of Interest.pdf
2025-03-14 17:55:37,638 - INFO - Removed intermediate PDF: C:\Users\AbrahamCEO\Desktop\RFQ Automation\Ministry of Health\Supply of Laptops (G-RFQ-2024-2025)\9. Bid Requirements.pdf
2025-03-14 17:55:37,638 - INFO - Removed temporary merged PDF
2025-03-14 17:59:24,567 - INFO - Formatted date: 14th March 2025
2025-03-14 17:59:24,567 - INFO - Created output directory: C:\Users\AbrahamCEO\Desktop\RFQ Automation\n s vdm v\xvzvds (cvzcxzvzv)
2025-03-14 17:59:24,567 - INFO - Processing 10 main documents...
2025-03-14 17:59:24,599 - INFO - Processing document: 1. Tender and RFQ Checklist.docx
2025-03-14 17:59:24,775 - INFO - Successfully saved document: 1. Tender and RFQ Checklist.docx
2025-03-14 17:59:29,528 - INFO - Created PDF: C:\Users\AbrahamCEO\Desktop\RFQ Automation\n s vdm v\xvzvds (cvzcxzvzv)\1. Tender and RFQ Checklist.pdf
2025-03-14 17:59:29,544 - INFO - Removed intermediate Word file: C:\Users\AbrahamCEO\Desktop\RFQ Automation\n s vdm v\xvzvds (cvzcxzvzv)\1. Tender and RFQ Checklist.docx
2025-03-14 17:59:29,560 - INFO - Processing document: 10. All Declaration.docx
2025-03-14 17:59:29,607 - INFO - Successfully saved document: 10. All Declaration.docx
2025-03-14 17:59:32,149 - INFO - Created PDF: C:\Users\AbrahamCEO\Desktop\RFQ Automation\n s vdm v\xvzvds (cvzcxzvzv)\10. All Declaration.pdf
2025-03-14 17:59:32,149 - INFO - Removed intermediate Word file: C:\Users\AbrahamCEO\Desktop\RFQ Automation\n s vdm v\xvzvds (cvzcxzvzv)\10. All Declaration.docx
2025-03-14 17:59:32,168 - INFO - Processing document: 2. Power Of Attorney.docx
2025-03-14 17:59:32,204 - INFO - Successfully saved document: 2. Power Of Attorney.docx
2025-03-14 17:59:36,465 - INFO - Created PDF: C:\Users\AbrahamCEO\Desktop\RFQ Automation\n s vdm v\xvzvds (cvzcxzvzv)\2. Power Of Attorney.pdf
2025-03-14 17:59:36,465 - INFO - Removed intermediate Word file: C:\Users\AbrahamCEO\Desktop\RFQ Automation\n s vdm v\xvzvds (cvzcxzvzv)\2. Power Of Attorney.docx
2025-03-14 17:59:36,490 - INFO - Processing document: 3. Cover Letter.docx
2025-03-14 17:59:36,544 - INFO - Successfully saved document: 3. Cover Letter.docx
2025-03-14 17:59:40,573 - INFO - Created PDF: C:\Users\AbrahamCEO\Desktop\RFQ Automation\n s vdm v\xvzvds (cvzcxzvzv)\3. Cover Letter.pdf
2025-03-14 17:59:40,581 - INFO - Removed intermediate Word file: C:\Users\AbrahamCEO\Desktop\RFQ Automation\n s vdm v\xvzvds (cvzcxzvzv)\3. Cover Letter.docx
2025-03-14 17:59:40,581 - INFO - Processing document: 4. Undertaking - Labour.docx
2025-03-14 17:59:40,628 - INFO - Successfully saved document: 4. Undertaking - Labour.docx
2025-03-14 17:59:43,557 - INFO - Created PDF: C:\Users\AbrahamCEO\Desktop\RFQ Automation\n s vdm v\xvzvds (cvzcxzvzv)\4. Undertaking - Labour.pdf
2025-03-14 17:59:43,557 - INFO - Removed intermediate Word file: C:\Users\AbrahamCEO\Desktop\RFQ Automation\n s vdm v\xvzvds (cvzcxzvzv)\4. Undertaking - Labour.docx
2025-03-14 17:59:43,588 - INFO - Processing document: 5. Undertaking - Salaries.docx
2025-03-14 17:59:43,636 - INFO - Successfully saved document: 5. Undertaking - Salaries.docx
2025-03-14 17:59:46,437 - INFO - Created PDF: C:\Users\AbrahamCEO\Desktop\RFQ Automation\n s vdm v\xvzvds (cvzcxzvzv)\5. Undertaking - Salaries.pdf
2025-03-14 17:59:46,437 - INFO - Removed intermediate Word file: C:\Users\AbrahamCEO\Desktop\RFQ Automation\n s vdm v\xvzvds (cvzcxzvzv)\5. Undertaking - Salaries.docx
2025-03-14 17:59:46,450 - INFO - Processing document: 6. Local Content.docx
2025-03-14 17:59:46,497 - INFO - Successfully saved document: 6. Local Content.docx
2025-03-14 17:59:50,131 - INFO - Created PDF: C:\Users\AbrahamCEO\Desktop\RFQ Automation\n s vdm v\xvzvds (cvzcxzvzv)\6. Local Content.pdf
2025-03-14 17:59:50,133 - INFO - Removed intermediate Word file: C:\Users\AbrahamCEO\Desktop\RFQ Automation\n s vdm v\xvzvds (cvzcxzvzv)\6. Local Content.docx
2025-03-14 17:59:50,149 - INFO - Processing document: 7. Employment.docx
2025-03-14 17:59:50,193 - INFO - Successfully saved document: 7. Employment.docx
2025-03-14 17:59:52,000 - INFO - Created PDF: C:\Users\AbrahamCEO\Desktop\RFQ Automation\n s vdm v\xvzvds (cvzcxzvzv)\7. Employment.pdf
2025-03-14 17:59:52,000 - INFO - Removed intermediate Word file: C:\Users\AbrahamCEO\Desktop\RFQ Automation\n s vdm v\xvzvds (cvzcxzvzv)\7. Employment.docx
2025-03-14 17:59:52,031 - INFO - Processing document: 8. Conflict Of Interest.docx
2025-03-14 17:59:52,079 - INFO - Successfully saved document: 8. Conflict Of Interest.docx
2025-03-14 17:59:55,181 - INFO - Created PDF: C:\Users\AbrahamCEO\Desktop\RFQ Automation\n s vdm v\xvzvds (cvzcxzvzv)\8. Conflict Of Interest.pdf
2025-03-14 17:59:55,181 - INFO - Removed intermediate Word file: C:\Users\AbrahamCEO\Desktop\RFQ Automation\n s vdm v\xvzvds (cvzcxzvzv)\8. Conflict Of Interest.docx
2025-03-14 17:59:55,195 - INFO - Processing document: 9. Bid Requirements.docx
2025-03-14 17:59:55,243 - INFO - Successfully saved document: 9. Bid Requirements.docx
2025-03-14 17:59:57,780 - INFO - Created PDF: C:\Users\AbrahamCEO\Desktop\RFQ Automation\n s vdm v\xvzvds (cvzcxzvzv)\9. Bid Requirements.pdf
2025-03-14 17:59:57,782 - INFO - Removed intermediate Word file: C:\Users\AbrahamCEO\Desktop\RFQ Automation\n s vdm v\xvzvds (cvzcxzvzv)\9. Bid Requirements.docx
2025-03-14 17:59:57,784 - INFO - Processing 2 extras documents...
2025-03-14 17:59:57,806 - INFO - Processing document: 10. Twinrain Table of Contents Section Covers.docx
2025-03-14 17:59:57,843 - INFO - Successfully saved document: 10. Twinrain Table of Contents Section Covers.docx
2025-03-14 17:59:57,857 - INFO - Processing document: 11. Cover Page.docx
2025-03-14 17:59:57,916 - INFO - Successfully saved document: 11. Cover Page.docx
2025-03-14 17:59:57,916 - INFO - Merging 10 PDFs...
2025-03-14 17:59:58,259 - INFO - Successfully created final PDF: C:\Users\AbrahamCEO\Desktop\RFQ Automation\n s vdm v\xvzvds (cvzcxzvzv)\xvzvds (cvzcxzvzv).pdf
2025-03-14 17:59:58,259 - INFO - Cleaning up intermediate files...
2025-03-14 17:59:58,259 - INFO - Removed intermediate PDF: C:\Users\AbrahamCEO\Desktop\RFQ Automation\n s vdm v\xvzvds (cvzcxzvzv)\1. Tender and RFQ Checklist.pdf
2025-03-14 17:59:58,259 - INFO - Removed intermediate PDF: C:\Users\AbrahamCEO\Desktop\RFQ Automation\n s vdm v\xvzvds (cvzcxzvzv)\10. All Declaration.pdf
2025-03-14 17:59:58,259 - INFO - Removed intermediate PDF: C:\Users\AbrahamCEO\Desktop\RFQ Automation\n s vdm v\xvzvds (cvzcxzvzv)\2. Power Of Attorney.pdf
2025-03-14 17:59:58,259 - INFO - Removed intermediate PDF: C:\Users\AbrahamCEO\Desktop\RFQ Automation\n s vdm v\xvzvds (cvzcxzvzv)\3. Cover Letter.pdf
2025-03-14 17:59:58,261 - INFO - Removed intermediate PDF: C:\Users\AbrahamCEO\Desktop\RFQ Automation\n s vdm v\xvzvds (cvzcxzvzv)\4. Undertaking - Labour.pdf
2025-03-14 17:59:58,261 - INFO - Removed intermediate PDF: C:\Users\AbrahamCEO\Desktop\RFQ Automation\n s vdm v\xvzvds (cvzcxzvzv)\5. Undertaking - Salaries.pdf
2025-03-14 17:59:58,261 - INFO - Removed intermediate PDF: C:\Users\AbrahamCEO\Desktop\RFQ Automation\n s vdm v\xvzvds (cvzcxzvzv)\6. Local Content.pdf
2025-03-14 17:59:58,261 - INFO - Removed intermediate PDF: C:\Users\AbrahamCEO\Desktop\RFQ Automation\n s vdm v\xvzvds (cvzcxzvzv)\7. Employment.pdf
2025-03-14 17:59:58,261 - INFO - Removed intermediate PDF: C:\Users\AbrahamCEO\Desktop\RFQ Automation\n s vdm v\xvzvds (cvzcxzvzv)\8. Conflict Of Interest.pdf
2025-03-14 17:59:58,261 - INFO - Removed intermediate PDF: C:\Users\AbrahamCEO\Desktop\RFQ Automation\n s vdm v\xvzvds (cvzcxzvzv)\9. Bid Requirements.pdf
2025-03-14 17:59:58,263 - INFO - Removed temporary merged PDF
2025-03-14 18:07:03,971 - INFO - Formatted date: 14th March 2025
2025-03-14 18:07:03,972 - INFO - Created output directory: C:\Users\AbrahamCEO\Desktop\RFQ Automation\fjkfjds\fn dsnfnds (sdfsd, f,)
2025-03-14 18:07:03,972 - INFO - Processing 12 main documents...
2025-03-14 18:07:04,004 - INFO - Processing document: 1. Tender and RFQ Checklist.docx
2025-03-14 18:07:04,193 - INFO - Successfully saved document: 1. Tender and RFQ Checklist.docx
2025-03-14 18:07:08,554 - INFO - Created PDF: C:\Users\AbrahamCEO\Desktop\RFQ Automation\fjkfjds\fn dsnfnds (sdfsd, f,)\1. Tender and RFQ Checklist.pdf
2025-03-14 18:07:08,554 - INFO - Removed intermediate Word file: C:\Users\AbrahamCEO\Desktop\RFQ Automation\fjkfjds\fn dsnfnds (sdfsd, f,)\1. Tender and RFQ Checklist.docx
2025-03-14 18:07:08,564 - INFO - Processing document: 10. All Declaration.docx
2025-03-14 18:07:08,607 - INFO - Successfully saved document: 10. All Declaration.docx
2025-03-14 18:07:09,777 - INFO - Created PDF: C:\Users\AbrahamCEO\Desktop\RFQ Automation\fjkfjds\fn dsnfnds (sdfsd, f,)\10. All Declaration.pdf
2025-03-14 18:07:09,777 - INFO - Removed intermediate Word file: C:\Users\AbrahamCEO\Desktop\RFQ Automation\fjkfjds\fn dsnfnds (sdfsd, f,)\10. All Declaration.docx
2025-03-14 18:07:09,797 - INFO - Processing document: 2. Power Of Attorney.docx
2025-03-14 18:07:09,864 - INFO - Successfully saved document: 2. Power Of Attorney.docx
2025-03-14 18:07:11,014 - INFO - Created PDF: C:\Users\AbrahamCEO\Desktop\RFQ Automation\fjkfjds\fn dsnfnds (sdfsd, f,)\2. Power Of Attorney.pdf
2025-03-14 18:07:11,014 - INFO - Removed intermediate Word file: C:\Users\AbrahamCEO\Desktop\RFQ Automation\fjkfjds\fn dsnfnds (sdfsd, f,)\2. Power Of Attorney.docx
2025-03-14 18:07:11,066 - INFO - Processing document: 3. Cover Letter.docx
2025-03-14 18:07:11,139 - INFO - Successfully saved document: 3. Cover Letter.docx
2025-03-14 18:07:12,485 - INFO - Created PDF: C:\Users\AbrahamCEO\Desktop\RFQ Automation\fjkfjds\fn dsnfnds (sdfsd, f,)\3. Cover Letter.pdf
2025-03-14 18:07:12,485 - INFO - Removed intermediate Word file: C:\Users\AbrahamCEO\Desktop\RFQ Automation\fjkfjds\fn dsnfnds (sdfsd, f,)\3. Cover Letter.docx
2025-03-14 18:07:12,508 - INFO - Processing document: 4. Undertaking - Labour.docx
2025-03-14 18:07:12,558 - INFO - Successfully saved document: 4. Undertaking - Labour.docx
2025-03-14 18:07:13,828 - INFO - Created PDF: C:\Users\AbrahamCEO\Desktop\RFQ Automation\fjkfjds\fn dsnfnds (sdfsd, f,)\4. Undertaking - Labour.pdf
2025-03-14 18:07:13,830 - INFO - Removed intermediate Word file: C:\Users\AbrahamCEO\Desktop\RFQ Automation\fjkfjds\fn dsnfnds (sdfsd, f,)\4. Undertaking - Labour.docx
2025-03-14 18:07:13,863 - INFO - Processing document: 5. Undertaking - Salaries.docx
2025-03-14 18:07:13,928 - INFO - Successfully saved document: 5. Undertaking - Salaries.docx
2025-03-14 18:07:16,149 - INFO - Created PDF: C:\Users\AbrahamCEO\Desktop\RFQ Automation\fjkfjds\fn dsnfnds (sdfsd, f,)\5. Undertaking - Salaries.pdf
2025-03-14 18:07:16,149 - INFO - Removed intermediate Word file: C:\Users\AbrahamCEO\Desktop\RFQ Automation\fjkfjds\fn dsnfnds (sdfsd, f,)\5. Undertaking - Salaries.docx
2025-03-14 18:07:16,165 - INFO - Processing document: 6. Local Content.docx
2025-03-14 18:07:16,213 - INFO - Successfully saved document: 6. Local Content.docx
2025-03-14 18:07:19,075 - INFO - Created PDF: C:\Users\AbrahamCEO\Desktop\RFQ Automation\fjkfjds\fn dsnfnds (sdfsd, f,)\6. Local Content.pdf
2025-03-14 18:07:19,075 - INFO - Removed intermediate Word file: C:\Users\AbrahamCEO\Desktop\RFQ Automation\fjkfjds\fn dsnfnds (sdfsd, f,)\6. Local Content.docx
2025-03-14 18:07:19,091 - INFO - Processing document: 7. Employment.docx
2025-03-14 18:07:19,122 - INFO - Successfully saved document: 7. Employment.docx
2025-03-14 18:07:21,315 - INFO - Created PDF: C:\Users\AbrahamCEO\Desktop\RFQ Automation\fjkfjds\fn dsnfnds (sdfsd, f,)\7. Employment.pdf
2025-03-14 18:07:21,315 - INFO - Removed intermediate Word file: C:\Users\AbrahamCEO\Desktop\RFQ Automation\fjkfjds\fn dsnfnds (sdfsd, f,)\7. Employment.docx
2025-03-14 18:07:21,331 - INFO - Processing document: 8. Conflict Of Interest.docx
2025-03-14 18:07:21,393 - INFO - Successfully saved document: 8. Conflict Of Interest.docx
2025-03-14 18:07:23,745 - INFO - Created PDF: C:\Users\AbrahamCEO\Desktop\RFQ Automation\fjkfjds\fn dsnfnds (sdfsd, f,)\8. Conflict Of Interest.pdf
2025-03-14 18:07:23,745 - INFO - Removed intermediate Word file: C:\Users\AbrahamCEO\Desktop\RFQ Automation\fjkfjds\fn dsnfnds (sdfsd, f,)\8. Conflict Of Interest.docx
2025-03-14 18:07:23,778 - INFO - Processing document: 9. Bid Requirements.docx
2025-03-14 18:07:23,824 - INFO - Successfully saved document: 9. Bid Requirements.docx
2025-03-14 18:07:26,206 - INFO - Created PDF: C:\Users\AbrahamCEO\Desktop\RFQ Automation\fjkfjds\fn dsnfnds (sdfsd, f,)\9. Bid Requirements.pdf
2025-03-14 18:07:26,206 - INFO - Removed intermediate Word file: C:\Users\AbrahamCEO\Desktop\RFQ Automation\fjkfjds\fn dsnfnds (sdfsd, f,)\9. Bid Requirements.docx
2025-03-14 18:07:26,213 - ERROR - Error processing document ~$ Power Of Attorney.docx: Package not found at 'C:\Users\AbrahamCEO\Desktop\projects\new-docs-processor\Documents\Cover Letters\Shitongeni\~$ Power Of Attorney.docx'
2025-03-14 18:07:26,217 - ERROR - Error processing document ~$ Tender and RFQ Checklist.docx: Package not found at 'C:\Users\AbrahamCEO\Desktop\projects\new-docs-processor\Documents\Cover Letters\Shitongeni\~$ Tender and RFQ Checklist.docx'
2025-03-14 18:07:26,217 - INFO - Processing 2 extras documents...
2025-03-14 18:07:26,228 - INFO - Processing document: 10. Twinrain Table of Contents Section Covers.docx
2025-03-14 18:07:26,272 - INFO - Successfully saved document: 10. Twinrain Table of Contents Section Covers.docx
2025-03-14 18:07:26,288 - INFO - Processing document: 11. Cover Page.docx
2025-03-14 18:07:26,333 - INFO - Successfully saved document: 11. Cover Page.docx
2025-03-14 18:07:26,333 - INFO - Merging 10 PDFs...
2025-03-14 18:07:26,672 - INFO - Successfully created final PDF: C:\Users\AbrahamCEO\Desktop\RFQ Automation\fjkfjds\fn dsnfnds (sdfsd, f,)\fn dsnfnds (sdfsd, f,).pdf
2025-03-14 18:07:26,672 - INFO - Cleaning up intermediate files...
2025-03-14 18:07:26,672 - INFO - Removed intermediate PDF: C:\Users\AbrahamCEO\Desktop\RFQ Automation\fjkfjds\fn dsnfnds (sdfsd, f,)\1. Tender and RFQ Checklist.pdf
2025-03-14 18:07:26,674 - INFO - Removed intermediate PDF: C:\Users\AbrahamCEO\Desktop\RFQ Automation\fjkfjds\fn dsnfnds (sdfsd, f,)\10. All Declaration.pdf
2025-03-14 18:07:26,674 - INFO - Removed intermediate PDF: C:\Users\AbrahamCEO\Desktop\RFQ Automation\fjkfjds\fn dsnfnds (sdfsd, f,)\2. Power Of Attorney.pdf
2025-03-14 18:07:26,674 - INFO - Removed intermediate PDF: C:\Users\AbrahamCEO\Desktop\RFQ Automation\fjkfjds\fn dsnfnds (sdfsd, f,)\3. Cover Letter.pdf
2025-03-14 18:07:26,674 - INFO - Removed intermediate PDF: C:\Users\AbrahamCEO\Desktop\RFQ Automation\fjkfjds\fn dsnfnds (sdfsd, f,)\4. Undertaking - Labour.pdf
2025-03-14 18:07:26,674 - INFO - Removed intermediate PDF: C:\Users\AbrahamCEO\Desktop\RFQ Automation\fjkfjds\fn dsnfnds (sdfsd, f,)\5. Undertaking - Salaries.pdf
2025-03-14 18:07:26,676 - INFO - Removed intermediate PDF: C:\Users\AbrahamCEO\Desktop\RFQ Automation\fjkfjds\fn dsnfnds (sdfsd, f,)\6. Local Content.pdf
2025-03-14 18:07:26,676 - INFO - Removed intermediate PDF: C:\Users\AbrahamCEO\Desktop\RFQ Automation\fjkfjds\fn dsnfnds (sdfsd, f,)\7. Employment.pdf
2025-03-14 18:07:26,676 - INFO - Removed intermediate PDF: C:\Users\AbrahamCEO\Desktop\RFQ Automation\fjkfjds\fn dsnfnds (sdfsd, f,)\8. Conflict Of Interest.pdf
2025-03-14 18:07:26,676 - INFO - Removed intermediate PDF: C:\Users\AbrahamCEO\Desktop\RFQ Automation\fjkfjds\fn dsnfnds (sdfsd, f,)\9. Bid Requirements.pdf
2025-03-14 18:07:26,676 - INFO - Removed temporary merged PDF
2025-03-14 18:09:58,976 - INFO - Formatted date: 14th March 2025
2025-03-14 18:09:58,996 - INFO - Created output directory: C:\Users\AbrahamCEO\Desktop\RFQ Automation\jake\fdskdffs (fdsfjdsnf)
2025-03-14 18:09:58,996 - INFO - Processing 12 main documents...
2025-03-14 18:09:59,008 - INFO - Processing document: 1. Tender and RFQ Checklist.docx
2025-03-14 18:09:59,198 - INFO - Successfully saved document: 1. Tender and RFQ Checklist.docx
2025-03-14 18:10:03,194 - INFO - Created PDF: C:\Users\AbrahamCEO\Desktop\RFQ Automation\jake\fdskdffs (fdsfjdsnf)\1. Tender and RFQ Checklist.pdf
2025-03-14 18:10:03,210 - INFO - Removed intermediate Word file: C:\Users\AbrahamCEO\Desktop\RFQ Automation\jake\fdskdffs (fdsfjdsnf)\1. Tender and RFQ Checklist.docx
2025-03-14 18:10:03,226 - INFO - Processing document: 10. All Declaration.docx
2025-03-14 18:10:03,273 - INFO - Successfully saved document: 10. All Declaration.docx
2025-03-14 18:10:05,848 - INFO - Created PDF: C:\Users\AbrahamCEO\Desktop\RFQ Automation\jake\fdskdffs (fdsfjdsnf)\10. All Declaration.pdf
2025-03-14 18:10:05,848 - INFO - Removed intermediate Word file: C:\Users\AbrahamCEO\Desktop\RFQ Automation\jake\fdskdffs (fdsfjdsnf)\10. All Declaration.docx
2025-03-14 18:10:05,861 - INFO - Processing document: 2. Power Of Attorney.docx
2025-03-14 18:10:05,909 - INFO - Successfully saved document: 2. Power Of Attorney.docx
2025-03-14 18:10:08,480 - INFO - Created PDF: C:\Users\AbrahamCEO\Desktop\RFQ Automation\jake\fdskdffs (fdsfjdsnf)\2. Power Of Attorney.pdf
2025-03-14 18:10:08,483 - INFO - Removed intermediate Word file: C:\Users\AbrahamCEO\Desktop\RFQ Automation\jake\fdskdffs (fdsfjdsnf)\2. Power Of Attorney.docx
2025-03-14 18:10:08,483 - INFO - Processing document: 3. Cover Letter.docx
2025-03-14 18:10:08,547 - INFO - Successfully saved document: 3. Cover Letter.docx
2025-03-14 18:10:11,766 - INFO - Created PDF: C:\Users\AbrahamCEO\Desktop\RFQ Automation\jake\fdskdffs (fdsfjdsnf)\3. Cover Letter.pdf
2025-03-14 18:10:11,768 - INFO - Removed intermediate Word file: C:\Users\AbrahamCEO\Desktop\RFQ Automation\jake\fdskdffs (fdsfjdsnf)\3. Cover Letter.docx
2025-03-14 18:10:11,791 - INFO - Processing document: 4. Undertaking - Labour.docx
2025-03-14 18:10:11,845 - INFO - Successfully saved document: 4. Undertaking - Labour.docx
2025-03-14 18:10:15,343 - INFO - Created PDF: C:\Users\AbrahamCEO\Desktop\RFQ Automation\jake\fdskdffs (fdsfjdsnf)\4. Undertaking - Labour.pdf
2025-03-14 18:10:15,343 - INFO - Removed intermediate Word file: C:\Users\AbrahamCEO\Desktop\RFQ Automation\jake\fdskdffs (fdsfjdsnf)\4. Undertaking - Labour.docx
2025-03-14 18:10:15,364 - INFO - Processing document: 5. Undertaking - Salaries.docx
2025-03-14 18:10:15,402 - INFO - Successfully saved document: 5. Undertaking - Salaries.docx
2025-03-14 18:10:19,006 - INFO - Created PDF: C:\Users\AbrahamCEO\Desktop\RFQ Automation\jake\fdskdffs (fdsfjdsnf)\5. Undertaking - Salaries.pdf
2025-03-14 18:10:19,006 - INFO - Removed intermediate Word file: C:\Users\AbrahamCEO\Desktop\RFQ Automation\jake\fdskdffs (fdsfjdsnf)\5. Undertaking - Salaries.docx
2025-03-14 18:10:19,023 - INFO - Processing document: 6. Local Content.docx
2025-03-14 18:10:19,068 - INFO - Successfully saved document: 6. Local Content.docx
2025-03-14 18:10:20,302 - INFO - Created PDF: C:\Users\AbrahamCEO\Desktop\RFQ Automation\jake\fdskdffs (fdsfjdsnf)\6. Local Content.pdf
2025-03-14 18:10:20,302 - INFO - Removed intermediate Word file: C:\Users\AbrahamCEO\Desktop\RFQ Automation\jake\fdskdffs (fdsfjdsnf)\6. Local Content.docx
2025-03-14 18:10:20,318 - INFO - Processing document: 7. Employment.docx
2025-03-14 18:10:20,365 - INFO - Successfully saved document: 7. Employment.docx
2025-03-14 18:10:23,041 - INFO - Created PDF: C:\Users\AbrahamCEO\Desktop\RFQ Automation\jake\fdskdffs (fdsfjdsnf)\7. Employment.pdf
2025-03-14 18:10:23,041 - INFO - Removed intermediate Word file: C:\Users\AbrahamCEO\Desktop\RFQ Automation\jake\fdskdffs (fdsfjdsnf)\7. Employment.docx
2025-03-14 18:10:23,057 - INFO - Processing document: 8. Conflict Of Interest.docx
2025-03-14 18:10:23,105 - INFO - Successfully saved document: 8. Conflict Of Interest.docx
2025-03-14 18:10:24,342 - INFO - Created PDF: C:\Users\AbrahamCEO\Desktop\RFQ Automation\jake\fdskdffs (fdsfjdsnf)\8. Conflict Of Interest.pdf
2025-03-14 18:10:24,344 - INFO - Removed intermediate Word file: C:\Users\AbrahamCEO\Desktop\RFQ Automation\jake\fdskdffs (fdsfjdsnf)\8. Conflict Of Interest.docx
2025-03-14 18:10:24,387 - INFO - Processing document: 9. Bid Requirements.docx
2025-03-14 18:10:24,434 - INFO - Successfully saved document: 9. Bid Requirements.docx
2025-03-14 18:10:25,735 - INFO - Created PDF: C:\Users\AbrahamCEO\Desktop\RFQ Automation\jake\fdskdffs (fdsfjdsnf)\9. Bid Requirements.pdf
2025-03-14 18:10:25,735 - INFO - Removed intermediate Word file: C:\Users\AbrahamCEO\Desktop\RFQ Automation\jake\fdskdffs (fdsfjdsnf)\9. Bid Requirements.docx
2025-03-14 18:10:25,766 - ERROR - Error processing document ~$ Power Of Attorney.docx: Package not found at 'C:\Users\AbrahamCEO\Desktop\projects\new-docs-processor\Documents\Cover Letters\Shitongeni\~$ Power Of Attorney.docx'
2025-03-14 18:10:25,797 - ERROR - Error processing document ~$ Tender and RFQ Checklist.docx: Package not found at 'C:\Users\AbrahamCEO\Desktop\projects\new-docs-processor\Documents\Cover Letters\Shitongeni\~$ Tender and RFQ Checklist.docx'
2025-03-14 18:10:25,797 - INFO - Processing 2 extras documents...
2025-03-14 18:10:25,829 - INFO - Processing document: 10. Twinrain Table of Contents Section Covers.docx
2025-03-14 18:10:25,876 - INFO - Successfully saved document: 10. Twinrain Table of Contents Section Covers.docx
2025-03-14 18:10:25,892 - INFO - Processing document: 11. Cover Page.docx
2025-03-14 18:10:25,960 - INFO - Successfully saved document: 11. Cover Page.docx
2025-03-14 18:10:25,960 - INFO - Merging 10 PDFs...
2025-03-14 18:10:26,312 - INFO - Successfully created final PDF: C:\Users\AbrahamCEO\Desktop\RFQ Automation\jake\fdskdffs (fdsfjdsnf)\fdskdffs (fdsfjdsnf).pdf
2025-03-14 18:10:26,312 - INFO - Cleaning up intermediate files...
2025-03-14 18:10:26,312 - INFO - Removed intermediate PDF: C:\Users\AbrahamCEO\Desktop\RFQ Automation\jake\fdskdffs (fdsfjdsnf)\1. Tender and RFQ Checklist.pdf
2025-03-14 18:10:26,312 - INFO - Removed intermediate PDF: C:\Users\AbrahamCEO\Desktop\RFQ Automation\jake\fdskdffs (fdsfjdsnf)\10. All Declaration.pdf
2025-03-14 18:10:26,312 - INFO - Removed intermediate PDF: C:\Users\AbrahamCEO\Desktop\RFQ Automation\jake\fdskdffs (fdsfjdsnf)\2. Power Of Attorney.pdf
2025-03-14 18:10:26,312 - INFO - Removed intermediate PDF: C:\Users\AbrahamCEO\Desktop\RFQ Automation\jake\fdskdffs (fdsfjdsnf)\3. Cover Letter.pdf
2025-03-14 18:10:26,312 - INFO - Removed intermediate PDF: C:\Users\AbrahamCEO\Desktop\RFQ Automation\jake\fdskdffs (fdsfjdsnf)\4. Undertaking - Labour.pdf
2025-03-14 18:10:26,312 - INFO - Removed intermediate PDF: C:\Users\AbrahamCEO\Desktop\RFQ Automation\jake\fdskdffs (fdsfjdsnf)\5. Undertaking - Salaries.pdf
2025-03-14 18:10:26,312 - INFO - Removed intermediate PDF: C:\Users\AbrahamCEO\Desktop\RFQ Automation\jake\fdskdffs (fdsfjdsnf)\6. Local Content.pdf
2025-03-14 18:10:26,312 - INFO - Removed intermediate PDF: C:\Users\AbrahamCEO\Desktop\RFQ Automation\jake\fdskdffs (fdsfjdsnf)\7. Employment.pdf
2025-03-14 18:10:26,312 - INFO - Removed intermediate PDF: C:\Users\AbrahamCEO\Desktop\RFQ Automation\jake\fdskdffs (fdsfjdsnf)\8. Conflict Of Interest.pdf
2025-03-14 18:10:26,312 - INFO - Removed intermediate PDF: C:\Users\AbrahamCEO\Desktop\RFQ Automation\jake\fdskdffs (fdsfjdsnf)\9. Bid Requirements.pdf
2025-03-14 18:10:26,312 - INFO - Removed temporary merged PDF
2025-03-14 18:19:50,500 - INFO - Formatted date: 14th March 2025
2025-03-14 18:19:50,500 - INFO - Created output directory: C:\Users\AbrahamCEO\Desktop\RFQ Automation\jeff\efnfekj (fewmnf ew)
2025-03-14 18:19:50,500 - INFO - Processing 12 main documents...
2025-03-14 18:19:50,516 - INFO - Processing document: 1. Tender and RFQ Checklist.docx
2025-03-14 18:19:50,721 - INFO - Successfully saved document: 1. Tender and RFQ Checklist.docx
2025-03-14 18:19:55,329 - INFO - Created PDF: C:\Users\AbrahamCEO\Desktop\RFQ Automation\jeff\efnfekj (fewmnf ew)\1. Tender and RFQ Checklist.pdf
2025-03-14 18:19:55,329 - INFO - Removed intermediate Word file: C:\Users\AbrahamCEO\Desktop\RFQ Automation\jeff\efnfekj (fewmnf ew)\1. Tender and RFQ Checklist.docx
2025-03-14 18:19:55,361 - INFO - Processing document: 10. All Declaration.docx
2025-03-14 18:19:55,409 - INFO - Successfully saved document: 10. All Declaration.docx
2025-03-14 18:19:57,969 - INFO - Created PDF: C:\Users\AbrahamCEO\Desktop\RFQ Automation\jeff\efnfekj (fewmnf ew)\10. All Declaration.pdf
2025-03-14 18:19:57,983 - INFO - Removed intermediate Word file: C:\Users\AbrahamCEO\Desktop\RFQ Automation\jeff\efnfekj (fewmnf ew)\10. All Declaration.docx
2025-03-14 18:19:57,995 - INFO - Processing document: 2. Power Of Attorney.docx
2025-03-14 18:19:58,031 - INFO - Successfully saved document: 2. Power Of Attorney.docx
2025-03-14 18:20:00,632 - INFO - Created PDF: C:\Users\AbrahamCEO\Desktop\RFQ Automation\jeff\efnfekj (fewmnf ew)\2. Power Of Attorney.pdf
2025-03-14 18:20:00,632 - INFO - Removed intermediate Word file: C:\Users\AbrahamCEO\Desktop\RFQ Automation\jeff\efnfekj (fewmnf ew)\2. Power Of Attorney.docx
2025-03-14 18:20:00,643 - INFO - Processing document: 3. Cover Letter.docx
2025-03-14 18:20:00,713 - INFO - Successfully saved document: 3. Cover Letter.docx
2025-03-14 18:20:03,079 - INFO - Created PDF: C:\Users\AbrahamCEO\Desktop\RFQ Automation\jeff\efnfekj (fewmnf ew)\3. Cover Letter.pdf
2025-03-14 18:20:03,079 - INFO - Removed intermediate Word file: C:\Users\AbrahamCEO\Desktop\RFQ Automation\jeff\efnfekj (fewmnf ew)\3. Cover Letter.docx
2025-03-14 18:20:03,102 - INFO - Processing document: 4. Undertaking - Labour.docx
2025-03-14 18:20:03,149 - INFO - Successfully saved document: 4. Undertaking - Labour.docx
2025-03-14 18:20:06,157 - INFO - Created PDF: C:\Users\AbrahamCEO\Desktop\RFQ Automation\jeff\efnfekj (fewmnf ew)\4. Undertaking - Labour.pdf
2025-03-14 18:20:06,157 - INFO - Removed intermediate Word file: C:\Users\AbrahamCEO\Desktop\RFQ Automation\jeff\efnfekj (fewmnf ew)\4. Undertaking - Labour.docx
2025-03-14 18:20:06,173 - INFO - Processing document: 5. Undertaking - Salaries.docx
2025-03-14 18:20:06,221 - INFO - Successfully saved document: 5. Undertaking - Salaries.docx
2025-03-14 18:20:08,497 - INFO - Created PDF: C:\Users\AbrahamCEO\Desktop\RFQ Automation\jeff\efnfekj (fewmnf ew)\5. Undertaking - Salaries.pdf
2025-03-14 18:20:08,497 - INFO - Removed intermediate Word file: C:\Users\AbrahamCEO\Desktop\RFQ Automation\jeff\efnfekj (fewmnf ew)\5. Undertaking - Salaries.docx
2025-03-14 18:20:08,529 - INFO - Processing document: 6. Local Content.docx
2025-03-14 18:20:08,577 - INFO - Successfully saved document: 6. Local Content.docx
2025-03-14 18:20:11,127 - INFO - Created PDF: C:\Users\AbrahamCEO\Desktop\RFQ Automation\jeff\efnfekj (fewmnf ew)\6. Local Content.pdf
2025-03-14 18:20:11,127 - INFO - Removed intermediate Word file: C:\Users\AbrahamCEO\Desktop\RFQ Automation\jeff\efnfekj (fewmnf ew)\6. Local Content.docx
2025-03-14 18:20:11,143 - INFO - Processing document: 7. Employment.docx
2025-03-14 18:20:11,191 - INFO - Successfully saved document: 7. Employment.docx
2025-03-14 18:20:13,471 - INFO - Created PDF: C:\Users\AbrahamCEO\Desktop\RFQ Automation\jeff\efnfekj (fewmnf ew)\7. Employment.pdf
2025-03-14 18:20:13,471 - INFO - Removed intermediate Word file: C:\Users\AbrahamCEO\Desktop\RFQ Automation\jeff\efnfekj (fewmnf ew)\7. Employment.docx
2025-03-14 18:20:13,496 - INFO - Processing document: 8. Conflict Of Interest.docx
2025-03-14 18:20:13,532 - INFO - Successfully saved document: 8. Conflict Of Interest.docx
2025-03-14 18:20:15,871 - INFO - Created PDF: C:\Users\AbrahamCEO\Desktop\RFQ Automation\jeff\efnfekj (fewmnf ew)\8. Conflict Of Interest.pdf
2025-03-14 18:20:15,871 - INFO - Removed intermediate Word file: C:\Users\AbrahamCEO\Desktop\RFQ Automation\jeff\efnfekj (fewmnf ew)\8. Conflict Of Interest.docx
2025-03-14 18:20:15,881 - INFO - Processing document: 9. Bid Requirements.docx
2025-03-14 18:20:15,920 - INFO - Successfully saved document: 9. Bid Requirements.docx
2025-03-14 18:20:19,164 - INFO - Created PDF: C:\Users\AbrahamCEO\Desktop\RFQ Automation\jeff\efnfekj (fewmnf ew)\9. Bid Requirements.pdf
2025-03-14 18:20:19,164 - INFO - Removed intermediate Word file: C:\Users\AbrahamCEO\Desktop\RFQ Automation\jeff\efnfekj (fewmnf ew)\9. Bid Requirements.docx
2025-03-14 18:20:19,164 - ERROR - Error processing document ~$ Power Of Attorney.docx: Package not found at 'C:\Users\AbrahamCEO\Desktop\projects\new-docs-processor\Documents\Cover Letters\Shitongeni\~$ Power Of Attorney.docx'
2025-03-14 18:20:19,184 - ERROR - Error processing document ~$ Tender and RFQ Checklist.docx: Package not found at 'C:\Users\AbrahamCEO\Desktop\projects\new-docs-processor\Documents\Cover Letters\Shitongeni\~$ Tender and RFQ Checklist.docx'
2025-03-14 18:20:19,184 - INFO - Processing 2 extras documents...
2025-03-14 18:20:19,219 - INFO - Processing document: 10. Twinrain Table of Contents Section Covers.docx
2025-03-14 18:20:19,262 - INFO - Successfully saved document: 10. Twinrain Table of Contents Section Covers.docx
2025-03-14 18:20:19,287 - INFO - Processing document: 11. Cover Page.docx
2025-03-14 18:20:19,338 - INFO - Successfully saved document: 11. Cover Page.docx
2025-03-14 18:20:19,338 - INFO - Merging 10 PDFs...
2025-03-14 18:20:19,688 - INFO - Successfully created final PDF: C:\Users\AbrahamCEO\Desktop\RFQ Automation\jeff\efnfekj (fewmnf ew)\efnfekj (fewmnf ew).pdf
2025-03-14 18:20:19,690 - INFO - Cleaning up intermediate files...
2025-03-14 18:20:19,690 - INFO - Removed intermediate PDF: C:\Users\AbrahamCEO\Desktop\RFQ Automation\jeff\efnfekj (fewmnf ew)\1. Tender and RFQ Checklist.pdf
2025-03-14 18:20:19,690 - INFO - Removed intermediate PDF: C:\Users\AbrahamCEO\Desktop\RFQ Automation\jeff\efnfekj (fewmnf ew)\10. All Declaration.pdf
2025-03-14 18:20:19,690 - INFO - Removed intermediate PDF: C:\Users\AbrahamCEO\Desktop\RFQ Automation\jeff\efnfekj (fewmnf ew)\2. Power Of Attorney.pdf
2025-03-14 18:20:19,690 - INFO - Removed intermediate PDF: C:\Users\AbrahamCEO\Desktop\RFQ Automation\jeff\efnfekj (fewmnf ew)\3. Cover Letter.pdf
2025-03-14 18:20:19,692 - INFO - Removed intermediate PDF: C:\Users\AbrahamCEO\Desktop\RFQ Automation\jeff\efnfekj (fewmnf ew)\4. Undertaking - Labour.pdf
2025-03-14 18:20:19,692 - INFO - Removed intermediate PDF: C:\Users\AbrahamCEO\Desktop\RFQ Automation\jeff\efnfekj (fewmnf ew)\5. Undertaking - Salaries.pdf
2025-03-14 18:20:19,692 - INFO - Removed intermediate PDF: C:\Users\AbrahamCEO\Desktop\RFQ Automation\jeff\efnfekj (fewmnf ew)\6. Local Content.pdf
2025-03-14 18:20:19,692 - INFO - Removed intermediate PDF: C:\Users\AbrahamCEO\Desktop\RFQ Automation\jeff\efnfekj (fewmnf ew)\7. Employment.pdf
2025-03-14 18:20:19,692 - INFO - Removed intermediate PDF: C:\Users\AbrahamCEO\Desktop\RFQ Automation\jeff\efnfekj (fewmnf ew)\8. Conflict Of Interest.pdf
2025-03-14 18:20:19,692 - INFO - Removed intermediate PDF: C:\Users\AbrahamCEO\Desktop\RFQ Automation\jeff\efnfekj (fewmnf ew)\9. Bid Requirements.pdf
2025-03-14 18:20:19,694 - INFO - Removed temporary merged PDF
2025-03-14 18:33:50,139 - INFO - Formatted date: 14th March 2025
2025-03-14 18:33:50,155 - INFO - Created output directory: C:\Users\AbrahamCEO\Desktop\RFQ Automation\jeff\efnfekj (fewmnf ew)
2025-03-14 18:33:50,155 - INFO - Processing 12 main documents...
2025-03-14 18:33:50,187 - INFO - Processing document: 1. Tender and RFQ Checklist.docx
2025-03-14 18:33:50,379 - INFO - Successfully saved document: 1. Tender and RFQ Checklist.docx
2025-03-14 18:33:54,084 - INFO - Created PDF: C:\Users\AbrahamCEO\Desktop\RFQ Automation\jeff\efnfekj (fewmnf ew)\1. Tender and RFQ Checklist.pdf
2025-03-14 18:33:54,084 - INFO - Removed intermediate Word file: C:\Users\AbrahamCEO\Desktop\RFQ Automation\jeff\efnfekj (fewmnf ew)\1. Tender and RFQ Checklist.docx
2025-03-14 18:33:54,108 - INFO - Processing document: 10. All Declaration.docx
2025-03-14 18:33:54,151 - INFO - Successfully saved document: 10. All Declaration.docx
2025-03-14 18:33:56,504 - INFO - Created PDF: C:\Users\AbrahamCEO\Desktop\RFQ Automation\jeff\efnfekj (fewmnf ew)\10. All Declaration.pdf
2025-03-14 18:33:56,517 - INFO - Removed intermediate Word file: C:\Users\AbrahamCEO\Desktop\RFQ Automation\jeff\efnfekj (fewmnf ew)\10. All Declaration.docx
2025-03-14 18:33:56,530 - INFO - Processing document: 2. Power Of Attorney.docx
2025-03-14 18:33:56,565 - INFO - Successfully saved document: 2. Power Of Attorney.docx
2025-03-14 18:33:58,913 - INFO - Created PDF: C:\Users\AbrahamCEO\Desktop\RFQ Automation\jeff\efnfekj (fewmnf ew)\2. Power Of Attorney.pdf
2025-03-14 18:33:58,913 - INFO - Removed intermediate Word file: C:\Users\AbrahamCEO\Desktop\RFQ Automation\jeff\efnfekj (fewmnf ew)\2. Power Of Attorney.docx
2025-03-14 18:33:58,929 - INFO - Processing document: 3. Cover Letter.docx
2025-03-14 18:33:58,977 - INFO - Successfully saved document: 3. Cover Letter.docx
2025-03-14 18:34:02,838 - INFO - Created PDF: C:\Users\AbrahamCEO\Desktop\RFQ Automation\jeff\efnfekj (fewmnf ew)\3. Cover Letter.pdf
2025-03-14 18:34:02,839 - INFO - Removed intermediate Word file: C:\Users\AbrahamCEO\Desktop\RFQ Automation\jeff\efnfekj (fewmnf ew)\3. Cover Letter.docx
2025-03-14 18:34:02,851 - INFO - Processing document: 4. Undertaking - Labour.docx
2025-03-14 18:34:02,951 - INFO - Successfully saved document: 4. Undertaking - Labour.docx
2025-03-14 18:34:04,882 - INFO - Created PDF: C:\Users\AbrahamCEO\Desktop\RFQ Automation\jeff\efnfekj (fewmnf ew)\4. Undertaking - Labour.pdf
2025-03-14 18:34:04,882 - INFO - Removed intermediate Word file: C:\Users\AbrahamCEO\Desktop\RFQ Automation\jeff\efnfekj (fewmnf ew)\4. Undertaking - Labour.docx
2025-03-14 18:34:04,951 - INFO - Processing document: 5. Undertaking - Salaries.docx
2025-03-14 18:34:05,017 - INFO - Successfully saved document: 5. Undertaking - Salaries.docx
2025-03-14 18:34:07,313 - INFO - Created PDF: C:\Users\AbrahamCEO\Desktop\RFQ Automation\jeff\efnfekj (fewmnf ew)\5. Undertaking - Salaries.pdf
2025-03-14 18:34:07,313 - INFO - Removed intermediate Word file: C:\Users\AbrahamCEO\Desktop\RFQ Automation\jeff\efnfekj (fewmnf ew)\5. Undertaking - Salaries.docx
2025-03-14 18:34:07,329 - INFO - Processing document: 6. Local Content.docx
2025-03-14 18:34:07,368 - INFO - Successfully saved document: 6. Local Content.docx
2025-03-14 18:34:09,632 - INFO - Created PDF: C:\Users\AbrahamCEO\Desktop\RFQ Automation\jeff\efnfekj (fewmnf ew)\6. Local Content.pdf
2025-03-14 18:34:09,632 - INFO - Removed intermediate Word file: C:\Users\AbrahamCEO\Desktop\RFQ Automation\jeff\efnfekj (fewmnf ew)\6. Local Content.docx
2025-03-14 18:34:09,646 - INFO - Processing document: 7. Employment.docx
2025-03-14 18:34:09,693 - INFO - Successfully saved document: 7. Employment.docx
2025-03-14 18:34:14,055 - INFO - Created PDF: C:\Users\AbrahamCEO\Desktop\RFQ Automation\jeff\efnfekj (fewmnf ew)\7. Employment.pdf
2025-03-14 18:34:14,055 - INFO - Removed intermediate Word file: C:\Users\AbrahamCEO\Desktop\RFQ Automation\jeff\efnfekj (fewmnf ew)\7. Employment.docx
2025-03-14 18:34:14,069 - INFO - Processing document: 8. Conflict Of Interest.docx
2025-03-14 18:34:14,104 - INFO - Successfully saved document: 8. Conflict Of Interest.docx
2025-03-14 18:34:17,074 - INFO - Created PDF: C:\Users\AbrahamCEO\Desktop\RFQ Automation\jeff\efnfekj (fewmnf ew)\8. Conflict Of Interest.pdf
2025-03-14 18:34:17,074 - INFO - Removed intermediate Word file: C:\Users\AbrahamCEO\Desktop\RFQ Automation\jeff\efnfekj (fewmnf ew)\8. Conflict Of Interest.docx
2025-03-14 18:34:17,093 - INFO - Processing document: 9. Bid Requirements.docx
2025-03-14 18:34:17,158 - INFO - Successfully saved document: 9. Bid Requirements.docx
2025-03-14 18:34:20,620 - INFO - Created PDF: C:\Users\AbrahamCEO\Desktop\RFQ Automation\jeff\efnfekj (fewmnf ew)\9. Bid Requirements.pdf
2025-03-14 18:34:20,620 - INFO - Removed intermediate Word file: C:\Users\AbrahamCEO\Desktop\RFQ Automation\jeff\efnfekj (fewmnf ew)\9. Bid Requirements.docx
2025-03-14 18:34:20,643 - ERROR - Error processing document ~$ Power Of Attorney.docx: Package not found at 'C:\Users\AbrahamCEO\Desktop\projects\new-docs-processor\Documents\Cover Letters\Shitongeni\~$ Power Of Attorney.docx'
2025-03-14 18:34:20,652 - ERROR - Error processing document ~$ Tender and RFQ Checklist.docx: Package not found at 'C:\Users\AbrahamCEO\Desktop\projects\new-docs-processor\Documents\Cover Letters\Shitongeni\~$ Tender and RFQ Checklist.docx'
2025-03-14 18:34:20,652 - INFO - Processing 2 extras documents...
2025-03-14 18:34:20,652 - INFO - Processing document: 10. Twinrain Table of Contents Section Covers.docx
2025-03-14 18:34:20,700 - INFO - Successfully saved document: 10. Twinrain Table of Contents Section Covers.docx
2025-03-14 18:34:20,716 - INFO - Processing document: 11. Cover Page.docx
2025-03-14 18:34:20,763 - INFO - Successfully saved document: 11. Cover Page.docx
2025-03-14 18:34:20,763 - INFO - Merging 10 PDFs...
2025-03-14 18:34:21,142 - INFO - Successfully created final PDF: C:\Users\AbrahamCEO\Desktop\RFQ Automation\jeff\efnfekj (fewmnf ew)\efnfekj (fewmnf ew).pdf
2025-03-14 18:34:21,142 - INFO - Cleaning up intermediate files...
2025-03-14 18:34:21,142 - INFO - Removed intermediate PDF: C:\Users\AbrahamCEO\Desktop\RFQ Automation\jeff\efnfekj (fewmnf ew)\1. Tender and RFQ Checklist.pdf
2025-03-14 18:34:21,142 - INFO - Removed intermediate PDF: C:\Users\AbrahamCEO\Desktop\RFQ Automation\jeff\efnfekj (fewmnf ew)\10. All Declaration.pdf
2025-03-14 18:34:21,144 - INFO - Removed intermediate PDF: C:\Users\AbrahamCEO\Desktop\RFQ Automation\jeff\efnfekj (fewmnf ew)\2. Power Of Attorney.pdf
2025-03-14 18:34:21,144 - INFO - Removed intermediate PDF: C:\Users\AbrahamCEO\Desktop\RFQ Automation\jeff\efnfekj (fewmnf ew)\3. Cover Letter.pdf
2025-03-14 18:34:21,144 - INFO - Removed intermediate PDF: C:\Users\AbrahamCEO\Desktop\RFQ Automation\jeff\efnfekj (fewmnf ew)\4. Undertaking - Labour.pdf
2025-03-14 18:34:21,144 - INFO - Removed intermediate PDF: C:\Users\AbrahamCEO\Desktop\RFQ Automation\jeff\efnfekj (fewmnf ew)\5. Undertaking - Salaries.pdf
2025-03-14 18:34:21,144 - INFO - Removed intermediate PDF: C:\Users\AbrahamCEO\Desktop\RFQ Automation\jeff\efnfekj (fewmnf ew)\6. Local Content.pdf
2025-03-14 18:34:21,144 - INFO - Removed intermediate PDF: C:\Users\AbrahamCEO\Desktop\RFQ Automation\jeff\efnfekj (fewmnf ew)\7. Employment.pdf
2025-03-14 18:34:21,146 - INFO - Removed intermediate PDF: C:\Users\AbrahamCEO\Desktop\RFQ Automation\jeff\efnfekj (fewmnf ew)\8. Conflict Of Interest.pdf
2025-03-14 18:34:21,146 - INFO - Removed intermediate PDF: C:\Users\AbrahamCEO\Desktop\RFQ Automation\jeff\efnfekj (fewmnf ew)\9. Bid Requirements.pdf
2025-03-14 18:34:21,146 - INFO - Removed temporary merged PDF
2025-03-14 18:45:24,303 - INFO - Formatted date: 14th March 2025
2025-03-14 18:45:24,303 - INFO - Created output directory: C:\Users\AbrahamCEO\Desktop\RFQ Automation\jeff\efnfekj (fewmnf ew)
2025-03-14 18:45:24,303 - INFO - Processing 12 main documents...
2025-03-14 18:45:24,370 - INFO - Processing document: 1. Tender and RFQ Checklist.docx
2025-03-14 18:45:24,557 - INFO - Successfully saved document: 1. Tender and RFQ Checklist.docx
2025-03-14 18:45:28,518 - INFO - Created PDF: C:\Users\AbrahamCEO\Desktop\RFQ Automation\jeff\efnfekj (fewmnf ew)\1. Tender and RFQ Checklist.pdf
2025-03-14 18:45:28,518 - INFO - Removed intermediate Word file: C:\Users\AbrahamCEO\Desktop\RFQ Automation\jeff\efnfekj (fewmnf ew)\1. Tender and RFQ Checklist.docx
2025-03-14 18:45:28,534 - INFO - Processing document: 10. All Declaration.docx
2025-03-14 18:45:28,582 - INFO - Successfully saved document: 10. All Declaration.docx
2025-03-14 18:45:31,908 - INFO - Created PDF: C:\Users\AbrahamCEO\Desktop\RFQ Automation\jeff\efnfekj (fewmnf ew)\10. All Declaration.pdf
2025-03-14 18:45:31,908 - INFO - Removed intermediate Word file: C:\Users\AbrahamCEO\Desktop\RFQ Automation\jeff\efnfekj (fewmnf ew)\10. All Declaration.docx
2025-03-14 18:45:31,944 - INFO - Processing document: 2. Power Of Attorney.docx
2025-03-14 18:45:31,987 - INFO - Successfully saved document: 2. Power Of Attorney.docx
2025-03-14 18:45:33,236 - INFO - Created PDF: C:\Users\AbrahamCEO\Desktop\RFQ Automation\jeff\efnfekj (fewmnf ew)\2. Power Of Attorney.pdf
2025-03-14 18:45:33,236 - INFO - Removed intermediate Word file: C:\Users\AbrahamCEO\Desktop\RFQ Automation\jeff\efnfekj (fewmnf ew)\2. Power Of Attorney.docx
2025-03-14 18:45:33,252 - INFO - Processing document: 3. Cover Letter.docx
2025-03-14 18:45:33,299 - INFO - Successfully saved document: 3. Cover Letter.docx
2025-03-14 18:45:35,944 - INFO - Created PDF: C:\Users\AbrahamCEO\Desktop\RFQ Automation\jeff\efnfekj (fewmnf ew)\3. Cover Letter.pdf
2025-03-14 18:45:35,944 - INFO - Removed intermediate Word file: C:\Users\AbrahamCEO\Desktop\RFQ Automation\jeff\efnfekj (fewmnf ew)\3. Cover Letter.docx
2025-03-14 18:45:35,970 - INFO - Processing document: 4. Undertaking - Labour.docx
2025-03-14 18:45:36,017 - INFO - Successfully saved document: 4. Undertaking - Labour.docx
2025-03-14 18:45:38,464 - INFO - Created PDF: C:\Users\AbrahamCEO\Desktop\RFQ Automation\jeff\efnfekj (fewmnf ew)\4. Undertaking - Labour.pdf
2025-03-14 18:45:38,464 - INFO - Removed intermediate Word file: C:\Users\AbrahamCEO\Desktop\RFQ Automation\jeff\efnfekj (fewmnf ew)\4. Undertaking - Labour.docx
2025-03-14 18:45:38,496 - INFO - Processing document: 5. Undertaking - Salaries.docx
2025-03-14 18:45:38,543 - INFO - Successfully saved document: 5. Undertaking - Salaries.docx
2025-03-14 18:45:41,945 - INFO - Created PDF: C:\Users\AbrahamCEO\Desktop\RFQ Automation\jeff\efnfekj (fewmnf ew)\5. Undertaking - Salaries.pdf
2025-03-14 18:45:41,952 - INFO - Removed intermediate Word file: C:\Users\AbrahamCEO\Desktop\RFQ Automation\jeff\efnfekj (fewmnf ew)\5. Undertaking - Salaries.docx
2025-03-14 18:45:41,952 - INFO - Processing document: 6. Local Content.docx
2025-03-14 18:45:42,002 - INFO - Successfully saved document: 6. Local Content.docx
2025-03-14 18:45:43,220 - INFO - Created PDF: C:\Users\AbrahamCEO\Desktop\RFQ Automation\jeff\efnfekj (fewmnf ew)\6. Local Content.pdf
2025-03-14 18:45:43,220 - INFO - Removed intermediate Word file: C:\Users\AbrahamCEO\Desktop\RFQ Automation\jeff\efnfekj (fewmnf ew)\6. Local Content.docx
2025-03-14 18:45:43,236 - INFO - Processing document: 7. Employment.docx
2025-03-14 18:45:43,284 - INFO - Successfully saved document: 7. Employment.docx
2025-03-14 18:45:45,672 - INFO - Created PDF: C:\Users\AbrahamCEO\Desktop\RFQ Automation\jeff\efnfekj (fewmnf ew)\7. Employment.pdf
2025-03-14 18:45:45,672 - INFO - Removed intermediate Word file: C:\Users\AbrahamCEO\Desktop\RFQ Automation\jeff\efnfekj (fewmnf ew)\7. Employment.docx
2025-03-14 18:45:45,701 - INFO - Processing document: 8. Conflict Of Interest.docx
2025-03-14 18:45:45,749 - INFO - Successfully saved document: 8. Conflict Of Interest.docx
2025-03-14 18:45:48,133 - INFO - Created PDF: C:\Users\AbrahamCEO\Desktop\RFQ Automation\jeff\efnfekj (fewmnf ew)\8. Conflict Of Interest.pdf
2025-03-14 18:45:48,133 - INFO - Removed intermediate Word file: C:\Users\AbrahamCEO\Desktop\RFQ Automation\jeff\efnfekj (fewmnf ew)\8. Conflict Of Interest.docx
2025-03-14 18:45:48,148 - INFO - Processing document: 9. Bid Requirements.docx
2025-03-14 18:45:48,195 - INFO - Successfully saved document: 9. Bid Requirements.docx
2025-03-14 18:45:49,413 - INFO - Created PDF: C:\Users\AbrahamCEO\Desktop\RFQ Automation\jeff\efnfekj (fewmnf ew)\9. Bid Requirements.pdf
2025-03-14 18:45:49,413 - INFO - Removed intermediate Word file: C:\Users\AbrahamCEO\Desktop\RFQ Automation\jeff\efnfekj (fewmnf ew)\9. Bid Requirements.docx
2025-03-14 18:45:49,426 - ERROR - Error processing document ~$ Power Of Attorney.docx: Package not found at 'C:\Users\AbrahamCEO\Desktop\projects\new-docs-processor\Documents\Cover Letters\Shitongeni\~$ Power Of Attorney.docx'
2025-03-14 18:45:49,458 - ERROR - Error processing document ~$ Tender and RFQ Checklist.docx: Package not found at 'C:\Users\AbrahamCEO\Desktop\projects\new-docs-processor\Documents\Cover Letters\Shitongeni\~$ Tender and RFQ Checklist.docx'
2025-03-14 18:45:49,458 - INFO - Processing 2 extras documents...
2025-03-14 18:45:49,476 - INFO - Processing document: 10. Twinrain Table of Contents Section Covers.docx
2025-03-14 18:45:49,537 - INFO - Successfully saved document: 10. Twinrain Table of Contents Section Covers.docx
2025-03-14 18:45:49,553 - INFO - Processing document: 11. Cover Page.docx
2025-03-14 18:45:49,614 - INFO - Successfully saved document: 11. Cover Page.docx
2025-03-14 18:45:49,614 - INFO - Merging 10 PDFs...
2025-03-14 18:45:50,011 - INFO - Successfully created final PDF: C:\Users\AbrahamCEO\Desktop\RFQ Automation\jeff\efnfekj (fewmnf ew)\efnfekj (fewmnf ew).pdf
2025-03-14 18:45:50,011 - INFO - Cleaning up intermediate files...
2025-03-14 18:45:50,011 - INFO - Removed intermediate PDF: C:\Users\AbrahamCEO\Desktop\RFQ Automation\jeff\efnfekj (fewmnf ew)\1. Tender and RFQ Checklist.pdf
2025-03-14 18:45:50,011 - INFO - Removed intermediate PDF: C:\Users\AbrahamCEO\Desktop\RFQ Automation\jeff\efnfekj (fewmnf ew)\10. All Declaration.pdf
2025-03-14 18:45:50,011 - INFO - Removed intermediate PDF: C:\Users\AbrahamCEO\Desktop\RFQ Automation\jeff\efnfekj (fewmnf ew)\2. Power Of Attorney.pdf
2025-03-14 18:45:50,011 - INFO - Removed intermediate PDF: C:\Users\AbrahamCEO\Desktop\RFQ Automation\jeff\efnfekj (fewmnf ew)\3. Cover Letter.pdf
2025-03-14 18:45:50,011 - INFO - Removed intermediate PDF: C:\Users\AbrahamCEO\Desktop\RFQ Automation\jeff\efnfekj (fewmnf ew)\4. Undertaking - Labour.pdf
2025-03-14 18:45:50,011 - INFO - Removed intermediate PDF: C:\Users\AbrahamCEO\Desktop\RFQ Automation\jeff\efnfekj (fewmnf ew)\5. Undertaking - Salaries.pdf
2025-03-14 18:45:50,017 - INFO - Removed intermediate PDF: C:\Users\AbrahamCEO\Desktop\RFQ Automation\jeff\efnfekj (fewmnf ew)\6. Local Content.pdf
2025-03-14 18:45:50,017 - INFO - Removed intermediate PDF: C:\Users\AbrahamCEO\Desktop\RFQ Automation\jeff\efnfekj (fewmnf ew)\7. Employment.pdf
2025-03-14 18:45:50,017 - INFO - Removed intermediate PDF: C:\Users\AbrahamCEO\Desktop\RFQ Automation\jeff\efnfekj (fewmnf ew)\8. Conflict Of Interest.pdf
2025-03-14 18:45:50,017 - INFO - Removed intermediate PDF: C:\Users\AbrahamCEO\Desktop\RFQ Automation\jeff\efnfekj (fewmnf ew)\9. Bid Requirements.pdf
2025-03-14 18:45:50,017 - INFO - Removed temporary merged PDF
2025-03-14 18:47:36,275 - INFO - Formatted date: 14th March 2025
2025-03-14 18:47:36,275 - INFO - Created output directory: C:\Users\AbrahamCEO\Desktop\RFQ Automation\jeff\efnfekj (fewmnf ew)
2025-03-14 18:47:36,275 - INFO - Processing 12 main documents...
2025-03-14 18:47:36,291 - INFO - Processing document: 1. Tender and RFQ Checklist.docx
2025-03-14 18:47:36,481 - INFO - Successfully saved document: 1. Tender and RFQ Checklist.docx
2025-03-14 18:47:38,943 - INFO - Created PDF: C:\Users\AbrahamCEO\Desktop\RFQ Automation\jeff\efnfekj (fewmnf ew)\1. Tender and RFQ Checklist.pdf
2025-03-14 18:47:38,943 - INFO - Removed intermediate Word file: C:\Users\AbrahamCEO\Desktop\RFQ Automation\jeff\efnfekj (fewmnf ew)\1. Tender and RFQ Checklist.docx
2025-03-14 18:47:38,974 - INFO - Processing document: 10. All Declaration.docx
2025-03-14 18:47:39,035 - INFO - Successfully saved document: 10. All Declaration.docx
2025-03-14 18:47:40,212 - INFO - Created PDF: C:\Users\AbrahamCEO\Desktop\RFQ Automation\jeff\efnfekj (fewmnf ew)\10. All Declaration.pdf
2025-03-14 18:47:40,212 - INFO - Removed intermediate Word file: C:\Users\AbrahamCEO\Desktop\RFQ Automation\jeff\efnfekj (fewmnf ew)\10. All Declaration.docx
2025-03-14 18:47:40,257 - INFO - Processing document: 2. Power Of Attorney.docx
2025-03-14 18:47:40,319 - INFO - Successfully saved document: 2. Power Of Attorney.docx
2025-03-14 18:47:42,714 - INFO - Created PDF: C:\Users\AbrahamCEO\Desktop\RFQ Automation\jeff\efnfekj (fewmnf ew)\2. Power Of Attorney.pdf
2025-03-14 18:47:42,714 - INFO - Removed intermediate Word file: C:\Users\AbrahamCEO\Desktop\RFQ Automation\jeff\efnfekj (fewmnf ew)\2. Power Of Attorney.docx
2025-03-14 18:47:42,732 - INFO - Processing document: 3. Cover Letter.docx
2025-03-14 18:47:42,778 - INFO - Successfully saved document: 3. Cover Letter.docx
2025-03-14 18:47:46,392 - INFO - Created PDF: C:\Users\AbrahamCEO\Desktop\RFQ Automation\jeff\efnfekj (fewmnf ew)\3. Cover Letter.pdf
2025-03-14 18:47:46,392 - INFO - Removed intermediate Word file: C:\Users\AbrahamCEO\Desktop\RFQ Automation\jeff\efnfekj (fewmnf ew)\3. Cover Letter.docx
2025-03-14 18:47:46,403 - INFO - Processing document: 4. Undertaking - Labour.docx
2025-03-14 18:47:46,451 - INFO - Successfully saved document: 4. Undertaking - Labour.docx
2025-03-14 18:47:48,931 - INFO - Created PDF: C:\Users\AbrahamCEO\Desktop\RFQ Automation\jeff\efnfekj (fewmnf ew)\4. Undertaking - Labour.pdf
2025-03-14 18:47:48,933 - INFO - Removed intermediate Word file: C:\Users\AbrahamCEO\Desktop\RFQ Automation\jeff\efnfekj (fewmnf ew)\4. Undertaking - Labour.docx
2025-03-14 18:47:48,951 - INFO - Processing document: 5. Undertaking - Salaries.docx
2025-03-14 18:47:49,014 - INFO - Successfully saved document: 5. Undertaking - Salaries.docx
2025-03-14 18:47:52,003 - INFO - Created PDF: C:\Users\AbrahamCEO\Desktop\RFQ Automation\jeff\efnfekj (fewmnf ew)\5. Undertaking - Salaries.pdf
2025-03-14 18:47:52,003 - INFO - Removed intermediate Word file: C:\Users\AbrahamCEO\Desktop\RFQ Automation\jeff\efnfekj (fewmnf ew)\5. Undertaking - Salaries.docx
2025-03-14 18:47:52,018 - INFO - Processing document: 6. Local Content.docx
2025-03-14 18:47:52,066 - INFO - Successfully saved document: 6. Local Content.docx
2025-03-14 18:47:54,410 - INFO - Created PDF: C:\Users\AbrahamCEO\Desktop\RFQ Automation\jeff\efnfekj (fewmnf ew)\6. Local Content.pdf
2025-03-14 18:47:54,410 - INFO - Removed intermediate Word file: C:\Users\AbrahamCEO\Desktop\RFQ Automation\jeff\efnfekj (fewmnf ew)\6. Local Content.docx
2025-03-14 18:47:54,418 - INFO - Processing document: 7. Employment.docx
2025-03-14 18:47:54,465 - INFO - Successfully saved document: 7. Employment.docx
2025-03-14 18:47:55,673 - INFO - Created PDF: C:\Users\AbrahamCEO\Desktop\RFQ Automation\jeff\efnfekj (fewmnf ew)\7. Employment.pdf
2025-03-14 18:47:55,673 - INFO - Removed intermediate Word file: C:\Users\AbrahamCEO\Desktop\RFQ Automation\jeff\efnfekj (fewmnf ew)\7. Employment.docx
2025-03-14 18:47:55,700 - INFO - Processing document: 8. Conflict Of Interest.docx
2025-03-14 18:47:55,753 - INFO - Successfully saved document: 8. Conflict Of Interest.docx
2025-03-14 18:47:58,041 - INFO - Created PDF: C:\Users\AbrahamCEO\Desktop\RFQ Automation\jeff\efnfekj (fewmnf ew)\8. Conflict Of Interest.pdf
2025-03-14 18:47:58,041 - INFO - Removed intermediate Word file: C:\Users\AbrahamCEO\Desktop\RFQ Automation\jeff\efnfekj (fewmnf ew)\8. Conflict Of Interest.docx
2025-03-14 18:47:58,057 - INFO - Processing document: 9. Bid Requirements.docx
2025-03-14 18:47:58,105 - INFO - Successfully saved document: 9. Bid Requirements.docx
2025-03-14 18:47:59,406 - INFO - Created PDF: C:\Users\AbrahamCEO\Desktop\RFQ Automation\jeff\efnfekj (fewmnf ew)\9. Bid Requirements.pdf
2025-03-14 18:47:59,406 - INFO - Removed intermediate Word file: C:\Users\AbrahamCEO\Desktop\RFQ Automation\jeff\efnfekj (fewmnf ew)\9. Bid Requirements.docx
2025-03-14 18:47:59,425 - ERROR - Error processing document ~$ Power Of Attorney.docx: Package not found at 'C:\Users\AbrahamCEO\Desktop\projects\new-docs-processor\Documents\Cover Letters\Shitongeni\~$ Power Of Attorney.docx'
2025-03-14 18:47:59,443 - ERROR - Error processing document ~$ Tender and RFQ Checklist.docx: Package not found at 'C:\Users\AbrahamCEO\Desktop\projects\new-docs-processor\Documents\Cover Letters\Shitongeni\~$ Tender and RFQ Checklist.docx'
2025-03-14 18:47:59,443 - INFO - Processing 2 extras documents...
2025-03-14 18:47:59,464 - INFO - Processing document: 10. Twinrain Table of Contents Section Covers.docx
2025-03-14 18:47:59,513 - INFO - Successfully saved document: 10. Twinrain Table of Contents Section Covers.docx
2025-03-14 18:47:59,543 - INFO - Processing document: 11. Cover Page.docx
2025-03-14 18:47:59,592 - INFO - Successfully saved document: 11. Cover Page.docx
2025-03-14 18:47:59,592 - INFO - Merging 10 PDFs...
2025-03-14 18:47:59,958 - INFO - Successfully created final PDF: C:\Users\AbrahamCEO\Desktop\RFQ Automation\jeff\efnfekj (fewmnf ew)\efnfekj (fewmnf ew).pdf
2025-03-14 18:47:59,958 - INFO - Cleaning up intermediate files...
2025-03-14 18:47:59,958 - INFO - Removed intermediate PDF: C:\Users\AbrahamCEO\Desktop\RFQ Automation\jeff\efnfekj (fewmnf ew)\1. Tender and RFQ Checklist.pdf
2025-03-14 18:47:59,958 - INFO - Removed intermediate PDF: C:\Users\AbrahamCEO\Desktop\RFQ Automation\jeff\efnfekj (fewmnf ew)\10. All Declaration.pdf
2025-03-14 18:47:59,958 - INFO - Removed intermediate PDF: C:\Users\AbrahamCEO\Desktop\RFQ Automation\jeff\efnfekj (fewmnf ew)\2. Power Of Attorney.pdf
2025-03-14 18:47:59,958 - INFO - Removed intermediate PDF: C:\Users\AbrahamCEO\Desktop\RFQ Automation\jeff\efnfekj (fewmnf ew)\3. Cover Letter.pdf
2025-03-14 18:47:59,960 - INFO - Removed intermediate PDF: C:\Users\AbrahamCEO\Desktop\RFQ Automation\jeff\efnfekj (fewmnf ew)\4. Undertaking - Labour.pdf
2025-03-14 18:47:59,960 - INFO - Removed intermediate PDF: C:\Users\AbrahamCEO\Desktop\RFQ Automation\jeff\efnfekj (fewmnf ew)\5. Undertaking - Salaries.pdf
2025-03-14 18:47:59,960 - INFO - Removed intermediate PDF: C:\Users\AbrahamCEO\Desktop\RFQ Automation\jeff\efnfekj (fewmnf ew)\6. Local Content.pdf
2025-03-14 18:47:59,960 - INFO - Removed intermediate PDF: C:\Users\AbrahamCEO\Desktop\RFQ Automation\jeff\efnfekj (fewmnf ew)\7. Employment.pdf
2025-03-14 18:47:59,960 - INFO - Removed intermediate PDF: C:\Users\AbrahamCEO\Desktop\RFQ Automation\jeff\efnfekj (fewmnf ew)\8. Conflict Of Interest.pdf
2025-03-14 18:47:59,960 - INFO - Removed intermediate PDF: C:\Users\AbrahamCEO\Desktop\RFQ Automation\jeff\efnfekj (fewmnf ew)\9. Bid Requirements.pdf
2025-03-14 18:47:59,960 - INFO - Removed temporary merged PDF
2025-03-14 18:50:57,403 - INFO - Formatted date: 14th March 2025
2025-03-14 18:50:57,403 - INFO - Created output directory: C:\Users\AbrahamCEO\Desktop\RFQ Automation\jeff\fgsgdsfg (dfssdfsd)
2025-03-14 18:50:57,419 - INFO - Processing 12 main documents...
2025-03-14 18:50:57,437 - INFO - Processing document: 1. Tender and RFQ Checklist.docx
2025-03-14 18:50:57,593 - INFO - Successfully saved document: 1. Tender and RFQ Checklist.docx
2025-03-14 18:51:01,917 - INFO - Created PDF: C:\Users\AbrahamCEO\Desktop\RFQ Automation\jeff\fgsgdsfg (dfssdfsd)\1. Tender and RFQ Checklist.pdf
2025-03-14 18:51:01,917 - INFO - Removed intermediate Word file: C:\Users\AbrahamCEO\Desktop\RFQ Automation\jeff\fgsgdsfg (dfssdfsd)\1. Tender and RFQ Checklist.docx
2025-03-14 18:51:01,948 - INFO - Processing document: 10. All Declaration.docx
2025-03-14 18:51:02,002 - INFO - Successfully saved document: 10. All Declaration.docx
2025-03-14 18:51:04,364 - INFO - Created PDF: C:\Users\AbrahamCEO\Desktop\RFQ Automation\jeff\fgsgdsfg (dfssdfsd)\10. All Declaration.pdf
2025-03-14 18:51:04,376 - INFO - Removed intermediate Word file: C:\Users\AbrahamCEO\Desktop\RFQ Automation\jeff\fgsgdsfg (dfssdfsd)\10. All Declaration.docx
2025-03-14 18:51:04,376 - INFO - Processing document: 2. Power Of Attorney.docx
2025-03-14 18:51:04,424 - INFO - Successfully saved document: 2. Power Of Attorney.docx
2025-03-14 18:51:07,087 - INFO - Created PDF: C:\Users\AbrahamCEO\Desktop\RFQ Automation\jeff\fgsgdsfg (dfssdfsd)\2. Power Of Attorney.pdf
2025-03-14 18:51:07,087 - INFO - Removed intermediate Word file: C:\Users\AbrahamCEO\Desktop\RFQ Automation\jeff\fgsgdsfg (dfssdfsd)\2. Power Of Attorney.docx
2025-03-14 18:51:07,105 - INFO - Processing document: 3. Cover Letter.docx
2025-03-14 18:51:07,157 - INFO - Successfully saved document: 3. Cover Letter.docx
2025-03-14 18:51:09,857 - INFO - Created PDF: C:\Users\AbrahamCEO\Desktop\RFQ Automation\jeff\fgsgdsfg (dfssdfsd)\3. Cover Letter.pdf
2025-03-14 18:51:09,857 - INFO - Removed intermediate Word file: C:\Users\AbrahamCEO\Desktop\RFQ Automation\jeff\fgsgdsfg (dfssdfsd)\3. Cover Letter.docx
2025-03-14 18:51:09,878 - INFO - Processing document: 4. Undertaking - Labour.docx
2025-03-14 18:51:09,921 - INFO - Successfully saved document: 4. Undertaking - Labour.docx
2025-03-14 18:51:13,040 - INFO - Created PDF: C:\Users\AbrahamCEO\Desktop\RFQ Automation\jeff\fgsgdsfg (dfssdfsd)\4. Undertaking - Labour.pdf
2025-03-14 18:51:13,040 - INFO - Removed intermediate Word file: C:\Users\AbrahamCEO\Desktop\RFQ Automation\jeff\fgsgdsfg (dfssdfsd)\4. Undertaking - Labour.docx
2025-03-14 18:51:13,056 - INFO - Processing document: 5. Undertaking - Salaries.docx
2025-03-14 18:51:13,103 - INFO - Successfully saved document: 5. Undertaking - Salaries.docx
2025-03-14 18:51:15,595 - INFO - Created PDF: C:\Users\AbrahamCEO\Desktop\RFQ Automation\jeff\fgsgdsfg (dfssdfsd)\5. Undertaking - Salaries.pdf
2025-03-14 18:51:15,595 - INFO - Removed intermediate Word file: C:\Users\AbrahamCEO\Desktop\RFQ Automation\jeff\fgsgdsfg (dfssdfsd)\5. Undertaking - Salaries.docx
2025-03-14 18:51:15,603 - INFO - Processing document: 6. Local Content.docx
2025-03-14 18:51:15,651 - INFO - Successfully saved document: 6. Local Content.docx
2025-03-14 18:51:18,134 - INFO - Created PDF: C:\Users\AbrahamCEO\Desktop\RFQ Automation\jeff\fgsgdsfg (dfssdfsd)\6. Local Content.pdf
2025-03-14 18:51:18,134 - INFO - Removed intermediate Word file: C:\Users\AbrahamCEO\Desktop\RFQ Automation\jeff\fgsgdsfg (dfssdfsd)\6. Local Content.docx
2025-03-14 18:51:18,138 - INFO - Processing document: 7. Employment.docx
2025-03-14 18:51:18,187 - INFO - Successfully saved document: 7. Employment.docx
2025-03-14 18:51:21,026 - INFO - Created PDF: C:\Users\AbrahamCEO\Desktop\RFQ Automation\jeff\fgsgdsfg (dfssdfsd)\7. Employment.pdf
2025-03-14 18:51:21,026 - INFO - Removed intermediate Word file: C:\Users\AbrahamCEO\Desktop\RFQ Automation\jeff\fgsgdsfg (dfssdfsd)\7. Employment.docx
2025-03-14 18:51:21,038 - INFO - Processing document: 8. Conflict Of Interest.docx
2025-03-14 18:51:21,084 - INFO - Successfully saved document: 8. Conflict Of Interest.docx
2025-03-14 18:51:22,920 - INFO - Created PDF: C:\Users\AbrahamCEO\Desktop\RFQ Automation\jeff\fgsgdsfg (dfssdfsd)\8. Conflict Of Interest.pdf
2025-03-14 18:51:22,920 - INFO - Removed intermediate Word file: C:\Users\AbrahamCEO\Desktop\RFQ Automation\jeff\fgsgdsfg (dfssdfsd)\8. Conflict Of Interest.docx
2025-03-14 18:51:22,953 - INFO - Processing document: 9. Bid Requirements.docx
2025-03-14 18:51:23,018 - INFO - Successfully saved document: 9. Bid Requirements.docx
2025-03-14 18:51:25,594 - INFO - Created PDF: C:\Users\AbrahamCEO\Desktop\RFQ Automation\jeff\fgsgdsfg (dfssdfsd)\9. Bid Requirements.pdf
2025-03-14 18:51:25,605 - INFO - Removed intermediate Word file: C:\Users\AbrahamCEO\Desktop\RFQ Automation\jeff\fgsgdsfg (dfssdfsd)\9. Bid Requirements.docx
2025-03-14 18:51:25,614 - ERROR - Error processing document ~$ Power Of Attorney.docx: Package not found at 'C:\Users\AbrahamCEO\Desktop\projects\new-docs-processor\Documents\Cover Letters\Shitongeni\~$ Power Of Attorney.docx'
2025-03-14 18:51:25,621 - ERROR - Error processing document ~$ Tender and RFQ Checklist.docx: Package not found at 'C:\Users\AbrahamCEO\Desktop\projects\new-docs-processor\Documents\Cover Letters\Shitongeni\~$ Tender and RFQ Checklist.docx'
2025-03-14 18:51:25,621 - INFO - Processing 2 extras documents...
2025-03-14 18:51:25,637 - INFO - Processing document: 10. Twinrain Table of Contents Section Covers.docx
2025-03-14 18:51:25,668 - INFO - Successfully saved document: 10. Twinrain Table of Contents Section Covers.docx
2025-03-14 18:51:25,689 - INFO - Processing document: 11. Cover Page.docx
2025-03-14 18:51:25,747 - INFO - Successfully saved document: 11. Cover Page.docx
2025-03-14 18:51:25,747 - INFO - Merging 10 PDFs...
2025-03-14 18:51:26,078 - INFO - Successfully created final PDF: C:\Users\AbrahamCEO\Desktop\RFQ Automation\jeff\fgsgdsfg (dfssdfsd)\fgsgdsfg (dfssdfsd).pdf
2025-03-14 18:51:26,078 - INFO - Cleaning up intermediate files...
2025-03-14 18:51:26,078 - INFO - Removed intermediate PDF: C:\Users\AbrahamCEO\Desktop\RFQ Automation\jeff\fgsgdsfg (dfssdfsd)\1. Tender and RFQ Checklist.pdf
2025-03-14 18:51:26,080 - INFO - Removed intermediate PDF: C:\Users\AbrahamCEO\Desktop\RFQ Automation\jeff\fgsgdsfg (dfssdfsd)\10. All Declaration.pdf
2025-03-14 18:51:26,080 - INFO - Removed intermediate PDF: C:\Users\AbrahamCEO\Desktop\RFQ Automation\jeff\fgsgdsfg (dfssdfsd)\2. Power Of Attorney.pdf
2025-03-14 18:51:26,080 - INFO - Removed intermediate PDF: C:\Users\AbrahamCEO\Desktop\RFQ Automation\jeff\fgsgdsfg (dfssdfsd)\3. Cover Letter.pdf
2025-03-14 18:51:26,082 - INFO - Removed intermediate PDF: C:\Users\AbrahamCEO\Desktop\RFQ Automation\jeff\fgsgdsfg (dfssdfsd)\4. Undertaking - Labour.pdf
2025-03-14 18:51:26,082 - INFO - Removed intermediate PDF: C:\Users\AbrahamCEO\Desktop\RFQ Automation\jeff\fgsgdsfg (dfssdfsd)\5. Undertaking - Salaries.pdf
2025-03-14 18:51:26,082 - INFO - Removed intermediate PDF: C:\Users\AbrahamCEO\Desktop\RFQ Automation\jeff\fgsgdsfg (dfssdfsd)\6. Local Content.pdf
2025-03-14 18:51:26,082 - INFO - Removed intermediate PDF: C:\Users\AbrahamCEO\Desktop\RFQ Automation\jeff\fgsgdsfg (dfssdfsd)\7. Employment.pdf
2025-03-14 18:51:26,082 - INFO - Removed intermediate PDF: C:\Users\AbrahamCEO\Desktop\RFQ Automation\jeff\fgsgdsfg (dfssdfsd)\8. Conflict Of Interest.pdf
2025-03-14 18:51:26,082 - INFO - Removed intermediate PDF: C:\Users\AbrahamCEO\Desktop\RFQ Automation\jeff\fgsgdsfg (dfssdfsd)\9. Bid Requirements.pdf
2025-03-14 18:51:26,084 - INFO - Removed temporary merged PDF
2025-03-14 19:03:56,370 - INFO - Formatted date: 14th March 2025
2025-03-14 19:03:56,370 - INFO - Created output directory: C:\Users\AbrahamCEO\Desktop\RFQ Automation\jeff\gsgdfgsdf (jake)
2025-03-14 19:03:56,370 - INFO - Processing 12 main documents...
2025-03-14 19:03:56,386 - INFO - Processing document: 1. Tender and RFQ Checklist.docx
2025-03-14 19:03:56,561 - INFO - Successfully saved document: 1. Tender and RFQ Checklist.docx
2025-03-14 19:04:02,077 - INFO - Created PDF: C:\Users\AbrahamCEO\Desktop\RFQ Automation\jeff\gsgdfgsdf (jake)\1. Tender and RFQ Checklist.pdf
2025-03-14 19:04:02,077 - INFO - Removed intermediate Word file: C:\Users\AbrahamCEO\Desktop\RFQ Automation\jeff\gsgdfgsdf (jake)\1. Tender and RFQ Checklist.docx
2025-03-14 19:04:02,101 - INFO - Processing document: 10. All Declaration.docx
2025-03-14 19:04:02,160 - INFO - Successfully saved document: 10. All Declaration.docx
2025-03-14 19:04:03,435 - INFO - Created PDF: C:\Users\AbrahamCEO\Desktop\RFQ Automation\jeff\gsgdfgsdf (jake)\10. All Declaration.pdf
2025-03-14 19:04:03,435 - INFO - Removed intermediate Word file: C:\Users\AbrahamCEO\Desktop\RFQ Automation\jeff\gsgdfgsdf (jake)\10. All Declaration.docx
2025-03-14 19:04:03,461 - INFO - Processing document: 2. Power Of Attorney.docx
2025-03-14 19:04:03,499 - INFO - Successfully saved document: 2. Power Of Attorney.docx
2025-03-14 19:04:06,086 - INFO - Created PDF: C:\Users\AbrahamCEO\Desktop\RFQ Automation\jeff\gsgdfgsdf (jake)\2. Power Of Attorney.pdf
2025-03-14 19:04:06,086 - INFO - Removed intermediate Word file: C:\Users\AbrahamCEO\Desktop\RFQ Automation\jeff\gsgdfgsdf (jake)\2. Power Of Attorney.docx
2025-03-14 19:04:06,094 - INFO - Processing document: 3. Cover Letter.docx
2025-03-14 19:04:06,152 - INFO - Successfully saved document: 3. Cover Letter.docx
2025-03-14 19:04:08,787 - INFO - Created PDF: C:\Users\AbrahamCEO\Desktop\RFQ Automation\jeff\gsgdfgsdf (jake)\3. Cover Letter.pdf
2025-03-14 19:04:08,787 - INFO - Removed intermediate Word file: C:\Users\AbrahamCEO\Desktop\RFQ Automation\jeff\gsgdfgsdf (jake)\3. Cover Letter.docx
2025-03-14 19:04:08,795 - INFO - Processing document: 4. Undertaking - Labour.docx
2025-03-14 19:04:08,854 - INFO - Successfully saved document: 4. Undertaking - Labour.docx
2025-03-14 19:04:11,985 - INFO - Created PDF: C:\Users\AbrahamCEO\Desktop\RFQ Automation\jeff\gsgdfgsdf (jake)\4. Undertaking - Labour.pdf
2025-03-14 19:04:11,985 - INFO - Removed intermediate Word file: C:\Users\AbrahamCEO\Desktop\RFQ Automation\jeff\gsgdfgsdf (jake)\4. Undertaking - Labour.docx
2025-03-14 19:04:11,991 - INFO - Processing document: 5. Undertaking - Salaries.docx
2025-03-14 19:04:12,055 - INFO - Successfully saved document: 5. Undertaking - Salaries.docx
2025-03-14 19:04:14,585 - INFO - Created PDF: C:\Users\AbrahamCEO\Desktop\RFQ Automation\jeff\gsgdfgsdf (jake)\5. Undertaking - Salaries.pdf
2025-03-14 19:04:14,585 - INFO - Removed intermediate Word file: C:\Users\AbrahamCEO\Desktop\RFQ Automation\jeff\gsgdfgsdf (jake)\5. Undertaking - Salaries.docx
2025-03-14 19:04:14,593 - INFO - Processing document: 6. Local Content.docx
2025-03-14 19:04:14,650 - INFO - Successfully saved document: 6. Local Content.docx
2025-03-14 19:04:17,162 - INFO - Created PDF: C:\Users\AbrahamCEO\Desktop\RFQ Automation\jeff\gsgdfgsdf (jake)\6. Local Content.pdf
2025-03-14 19:04:17,162 - INFO - Removed intermediate Word file: C:\Users\AbrahamCEO\Desktop\RFQ Automation\jeff\gsgdfgsdf (jake)\6. Local Content.docx
2025-03-14 19:04:17,170 - INFO - Processing document: 7. Employment.docx
2025-03-14 19:04:17,227 - INFO - Successfully saved document: 7. Employment.docx
2025-03-14 19:04:19,746 - INFO - Created PDF: C:\Users\AbrahamCEO\Desktop\RFQ Automation\jeff\gsgdfgsdf (jake)\7. Employment.pdf
2025-03-14 19:04:19,746 - INFO - Removed intermediate Word file: C:\Users\AbrahamCEO\Desktop\RFQ Automation\jeff\gsgdfgsdf (jake)\7. Employment.docx
2025-03-14 19:04:19,768 - INFO - Processing document: 8. Conflict Of Interest.docx
2025-03-14 19:04:19,817 - INFO - Successfully saved document: 8. Conflict Of Interest.docx
2025-03-14 19:04:23,253 - INFO - Created PDF: C:\Users\AbrahamCEO\Desktop\RFQ Automation\jeff\gsgdfgsdf (jake)\8. Conflict Of Interest.pdf
2025-03-14 19:04:23,253 - INFO - Removed intermediate Word file: C:\Users\AbrahamCEO\Desktop\RFQ Automation\jeff\gsgdfgsdf (jake)\8. Conflict Of Interest.docx
2025-03-14 19:04:23,269 - INFO - Processing document: 9. Bid Requirements.docx
2025-03-14 19:04:23,333 - INFO - Successfully saved document: 9. Bid Requirements.docx
2025-03-14 19:04:26,730 - INFO - Created PDF: C:\Users\AbrahamCEO\Desktop\RFQ Automation\jeff\gsgdfgsdf (jake)\9. Bid Requirements.pdf
2025-03-14 19:04:26,730 - INFO - Removed intermediate Word file: C:\Users\AbrahamCEO\Desktop\RFQ Automation\jeff\gsgdfgsdf (jake)\9. Bid Requirements.docx
2025-03-14 19:04:26,748 - ERROR - Error processing document ~$ Power Of Attorney.docx: Package not found at 'C:\Users\AbrahamCEO\Desktop\projects\new-docs-processor\Documents\Cover Letters\Shitongeni\~$ Power Of Attorney.docx'
2025-03-14 19:04:26,748 - ERROR - Error processing document ~$ Tender and RFQ Checklist.docx: Package not found at 'C:\Users\AbrahamCEO\Desktop\projects\new-docs-processor\Documents\Cover Letters\Shitongeni\~$ Tender and RFQ Checklist.docx'
2025-03-14 19:04:26,748 - INFO - Processing 2 extras documents...
2025-03-14 19:04:26,761 - INFO - Processing document: 10. Twinrain Table of Contents Section Covers.docx
2025-03-14 19:04:26,816 - INFO - Successfully saved document: 10. Twinrain Table of Contents Section Covers.docx
2025-03-14 19:04:26,835 - INFO - Processing document: 11. Cover Page.docx
2025-03-14 19:04:26,887 - INFO - Successfully saved document: 11. Cover Page.docx
2025-03-14 19:04:26,887 - INFO - Merging 10 PDFs...
2025-03-14 19:04:27,227 - INFO - Successfully created final PDF: C:\Users\AbrahamCEO\Desktop\RFQ Automation\jeff\gsgdfgsdf (jake)\gsgdfgsdf (jake).pdf
2025-03-14 19:04:27,227 - INFO - Cleaning up intermediate files...
2025-03-14 19:04:27,227 - INFO - Removed intermediate PDF: C:\Users\AbrahamCEO\Desktop\RFQ Automation\jeff\gsgdfgsdf (jake)\1. Tender and RFQ Checklist.pdf
2025-03-14 19:04:27,227 - INFO - Removed intermediate PDF: C:\Users\AbrahamCEO\Desktop\RFQ Automation\jeff\gsgdfgsdf (jake)\10. All Declaration.pdf
2025-03-14 19:04:27,229 - INFO - Removed intermediate PDF: C:\Users\AbrahamCEO\Desktop\RFQ Automation\jeff\gsgdfgsdf (jake)\2. Power Of Attorney.pdf
2025-03-14 19:04:27,229 - INFO - Removed intermediate PDF: C:\Users\AbrahamCEO\Desktop\RFQ Automation\jeff\gsgdfgsdf (jake)\3. Cover Letter.pdf
2025-03-14 19:04:27,229 - INFO - Removed intermediate PDF: C:\Users\AbrahamCEO\Desktop\RFQ Automation\jeff\gsgdfgsdf (jake)\4. Undertaking - Labour.pdf
2025-03-14 19:04:27,229 - INFO - Removed intermediate PDF: C:\Users\AbrahamCEO\Desktop\RFQ Automation\jeff\gsgdfgsdf (jake)\5. Undertaking - Salaries.pdf
2025-03-14 19:04:27,229 - INFO - Removed intermediate PDF: C:\Users\AbrahamCEO\Desktop\RFQ Automation\jeff\gsgdfgsdf (jake)\6. Local Content.pdf
2025-03-14 19:04:27,229 - INFO - Removed intermediate PDF: C:\Users\AbrahamCEO\Desktop\RFQ Automation\jeff\gsgdfgsdf (jake)\7. Employment.pdf
2025-03-14 19:04:27,231 - INFO - Removed intermediate PDF: C:\Users\AbrahamCEO\Desktop\RFQ Automation\jeff\gsgdfgsdf (jake)\8. Conflict Of Interest.pdf
2025-03-14 19:04:27,231 - INFO - Removed intermediate PDF: C:\Users\AbrahamCEO\Desktop\RFQ Automation\jeff\gsgdfgsdf (jake)\9. Bid Requirements.pdf
2025-03-14 19:04:27,231 - INFO - Removed temporary merged PDF
2025-03-14 19:34:45,455 - INFO - Formatted date: 14th March 2025
2025-03-14 19:34:45,456 - INFO - Created output directory: C:\Users\AbrahamCEO\Desktop\RFQ Automation\jeff\gsgdfgsdf (jake)
2025-03-14 19:34:45,456 - INFO - Processing 12 main documents...
2025-03-14 19:34:45,477 - INFO - Processing document: 1. Tender and RFQ Checklist.docx
2025-03-14 19:34:45,658 - INFO - Successfully saved document: 1. Tender and RFQ Checklist.docx
2025-03-14 19:34:48,190 - INFO - Created PDF: C:\Users\AbrahamCEO\Desktop\RFQ Automation\jeff\gsgdfgsdf (jake)\1. Tender and RFQ Checklist.pdf
2025-03-14 19:34:48,191 - INFO - Removed intermediate Word file: C:\Users\AbrahamCEO\Desktop\RFQ Automation\jeff\gsgdfgsdf (jake)\1. Tender and RFQ Checklist.docx
2025-03-14 19:34:48,229 - INFO - Processing document: 10. All Declaration.docx
2025-03-14 19:34:48,285 - INFO - Successfully saved document: 10. All Declaration.docx
2025-03-14 19:34:49,476 - INFO - Created PDF: C:\Users\AbrahamCEO\Desktop\RFQ Automation\jeff\gsgdfgsdf (jake)\10. All Declaration.pdf
2025-03-14 19:34:49,477 - INFO - Removed intermediate Word file: C:\Users\AbrahamCEO\Desktop\RFQ Automation\jeff\gsgdfgsdf (jake)\10. All Declaration.docx
2025-03-14 19:34:49,508 - INFO - Processing document: 2. Power Of Attorney.docx
2025-03-14 19:34:49,577 - INFO - Successfully saved document: 2. Power Of Attorney.docx
2025-03-14 19:34:51,865 - INFO - Created PDF: C:\Users\AbrahamCEO\Desktop\RFQ Automation\jeff\gsgdfgsdf (jake)\2. Power Of Attorney.pdf
2025-03-14 19:34:51,866 - INFO - Removed intermediate Word file: C:\Users\AbrahamCEO\Desktop\RFQ Automation\jeff\gsgdfgsdf (jake)\2. Power Of Attorney.docx
2025-03-14 19:34:51,880 - INFO - Processing document: 3. Cover Letter.docx
2025-03-14 19:34:51,942 - INFO - Successfully saved document: 3. Cover Letter.docx
2025-03-14 19:34:54,343 - INFO - Created PDF: C:\Users\AbrahamCEO\Desktop\RFQ Automation\jeff\gsgdfgsdf (jake)\3. Cover Letter.pdf
2025-03-14 19:34:54,343 - INFO - Removed intermediate Word file: C:\Users\AbrahamCEO\Desktop\RFQ Automation\jeff\gsgdfgsdf (jake)\3. Cover Letter.docx
2025-03-14 19:34:54,358 - INFO - Processing document: 4. Undertaking - Labour.docx
2025-03-14 19:34:54,411 - INFO - Successfully saved document: 4. Undertaking - Labour.docx
2025-03-14 19:34:56,730 - INFO - Created PDF: C:\Users\AbrahamCEO\Desktop\RFQ Automation\jeff\gsgdfgsdf (jake)\4. Undertaking - Labour.pdf
2025-03-14 19:34:56,731 - INFO - Removed intermediate Word file: C:\Users\AbrahamCEO\Desktop\RFQ Automation\jeff\gsgdfgsdf (jake)\4. Undertaking - Labour.docx
2025-03-14 19:34:56,745 - INFO - Processing document: 5. Undertaking - Salaries.docx
2025-03-14 19:34:56,792 - INFO - Successfully saved document: 5. Undertaking - Salaries.docx
2025-03-14 19:34:59,205 - INFO - Created PDF: C:\Users\AbrahamCEO\Desktop\RFQ Automation\jeff\gsgdfgsdf (jake)\5. Undertaking - Salaries.pdf
2025-03-14 19:34:59,205 - INFO - Removed intermediate Word file: C:\Users\AbrahamCEO\Desktop\RFQ Automation\jeff\gsgdfgsdf (jake)\5. Undertaking - Salaries.docx
2025-03-14 19:34:59,224 - INFO - Processing document: 6. Local Content.docx
2025-03-14 19:34:59,270 - INFO - Successfully saved document: 6. Local Content.docx
2025-03-14 19:35:03,529 - INFO - Created PDF: C:\Users\AbrahamCEO\Desktop\RFQ Automation\jeff\gsgdfgsdf (jake)\6. Local Content.pdf
2025-03-14 19:35:03,529 - INFO - Removed intermediate Word file: C:\Users\AbrahamCEO\Desktop\RFQ Automation\jeff\gsgdfgsdf (jake)\6. Local Content.docx
2025-03-14 19:35:03,542 - INFO - Processing document: 7. Employment.docx
2025-03-14 19:35:03,595 - INFO - Successfully saved document: 7. Employment.docx
2025-03-14 19:35:04,725 - INFO - Created PDF: C:\Users\AbrahamCEO\Desktop\RFQ Automation\jeff\gsgdfgsdf (jake)\7. Employment.pdf
2025-03-14 19:35:04,726 - INFO - Removed intermediate Word file: C:\Users\AbrahamCEO\Desktop\RFQ Automation\jeff\gsgdfgsdf (jake)\7. Employment.docx
2025-03-14 19:35:04,756 - INFO - Processing document: 8. Conflict Of Interest.docx
2025-03-14 19:35:04,819 - INFO - Successfully saved document: 8. Conflict Of Interest.docx
2025-03-14 19:35:06,125 - INFO - Created PDF: C:\Users\AbrahamCEO\Desktop\RFQ Automation\jeff\gsgdfgsdf (jake)\8. Conflict Of Interest.pdf
2025-03-14 19:35:06,126 - INFO - Removed intermediate Word file: C:\Users\AbrahamCEO\Desktop\RFQ Automation\jeff\gsgdfgsdf (jake)\8. Conflict Of Interest.docx
2025-03-14 19:35:06,142 - INFO - Processing document: 9. Bid Requirements.docx
2025-03-14 19:35:06,191 - INFO - Successfully saved document: 9. Bid Requirements.docx
2025-03-14 19:35:07,333 - INFO - Created PDF: C:\Users\AbrahamCEO\Desktop\RFQ Automation\jeff\gsgdfgsdf (jake)\9. Bid Requirements.pdf
2025-03-14 19:35:07,334 - INFO - Removed intermediate Word file: C:\Users\AbrahamCEO\Desktop\RFQ Automation\jeff\gsgdfgsdf (jake)\9. Bid Requirements.docx
2025-03-14 19:35:07,354 - ERROR - Error processing document ~$ Power Of Attorney.docx: Package not found at 'C:\Users\AbrahamCEO\Desktop\projects\new-docs-processor\Documents\Cover Letters\Shitongeni\~$ Power Of Attorney.docx'
2025-03-14 19:35:07,381 - ERROR - Error processing document ~$ Tender and RFQ Checklist.docx: Package not found at 'C:\Users\AbrahamCEO\Desktop\projects\new-docs-processor\Documents\Cover Letters\Shitongeni\~$ Tender and RFQ Checklist.docx'
2025-03-14 19:35:07,381 - INFO - Processing 2 extras documents...
2025-03-14 19:35:07,403 - INFO - Processing document: 10. Twinrain Table of Contents Section Covers.docx
2025-03-14 19:35:07,465 - INFO - Successfully saved document: 10. Twinrain Table of Contents Section Covers.docx
2025-03-14 19:35:07,482 - INFO - Processing document: 11. Cover Page.docx
2025-03-14 19:35:07,535 - INFO - Successfully saved document: 11. Cover Page.docx
2025-03-14 19:35:07,536 - INFO - Merging 10 PDFs...
2025-03-14 19:35:07,935 - INFO - Successfully created final PDF: C:\Users\AbrahamCEO\Desktop\RFQ Automation\jeff\gsgdfgsdf (jake)\gsgdfgsdf (jake).pdf
2025-03-14 19:35:07,935 - INFO - Cleaning up intermediate files...
2025-03-14 19:35:07,935 - INFO - Removed intermediate PDF: C:\Users\AbrahamCEO\Desktop\RFQ Automation\jeff\gsgdfgsdf (jake)\1. Tender and RFQ Checklist.pdf
2025-03-14 19:35:07,935 - INFO - Removed intermediate PDF: C:\Users\AbrahamCEO\Desktop\RFQ Automation\jeff\gsgdfgsdf (jake)\10. All Declaration.pdf
2025-03-14 19:35:07,936 - INFO - Removed intermediate PDF: C:\Users\AbrahamCEO\Desktop\RFQ Automation\jeff\gsgdfgsdf (jake)\2. Power Of Attorney.pdf
2025-03-14 19:35:07,936 - INFO - Removed intermediate PDF: C:\Users\AbrahamCEO\Desktop\RFQ Automation\jeff\gsgdfgsdf (jake)\3. Cover Letter.pdf
2025-03-14 19:35:07,937 - INFO - Removed intermediate PDF: C:\Users\AbrahamCEO\Desktop\RFQ Automation\jeff\gsgdfgsdf (jake)\4. Undertaking - Labour.pdf
2025-03-14 19:35:07,937 - INFO - Removed intermediate PDF: C:\Users\AbrahamCEO\Desktop\RFQ Automation\jeff\gsgdfgsdf (jake)\5. Undertaking - Salaries.pdf
2025-03-14 19:35:07,937 - INFO - Removed intermediate PDF: C:\Users\AbrahamCEO\Desktop\RFQ Automation\jeff\gsgdfgsdf (jake)\6. Local Content.pdf
2025-03-14 19:35:07,938 - INFO - Removed intermediate PDF: C:\Users\AbrahamCEO\Desktop\RFQ Automation\jeff\gsgdfgsdf (jake)\7. Employment.pdf
2025-03-14 19:35:07,938 - INFO - Removed intermediate PDF: C:\Users\AbrahamCEO\Desktop\RFQ Automation\jeff\gsgdfgsdf (jake)\8. Conflict Of Interest.pdf
2025-03-14 19:35:07,939 - INFO - Removed intermediate PDF: C:\Users\AbrahamCEO\Desktop\RFQ Automation\jeff\gsgdfgsdf (jake)\9. Bid Requirements.pdf
2025-03-14 19:35:07,939 - INFO - Removed temporary merged PDF
2025-03-14 19:39:07,858 - INFO - Formatted date: 14th March 2025
2025-03-14 19:39:07,859 - INFO - Created output directory: C:\Users\AbrahamCEO\Desktop\RFQ Automation\jeff\gsgdfgsdf (jake)
2025-03-14 19:39:07,859 - INFO - Processing 12 main documents...
2025-03-14 19:39:07,884 - INFO - Processing document: 1. Tender and RFQ Checklist.docx
2025-03-14 19:39:08,073 - INFO - Successfully saved document: 1. Tender and RFQ Checklist.docx
2025-03-14 19:39:12,014 - INFO - Created PDF: C:\Users\AbrahamCEO\Desktop\RFQ Automation\jeff\gsgdfgsdf (jake)\1. Tender and RFQ Checklist.pdf
2025-03-14 19:39:12,014 - INFO - Removed intermediate Word file: C:\Users\AbrahamCEO\Desktop\RFQ Automation\jeff\gsgdfgsdf (jake)\1. Tender and RFQ Checklist.docx
2025-03-14 19:39:12,032 - INFO - Processing document: 10. All Declaration.docx
2025-03-14 19:39:12,078 - INFO - Successfully saved document: 10. All Declaration.docx
2025-03-14 19:39:14,659 - INFO - Created PDF: C:\Users\AbrahamCEO\Desktop\RFQ Automation\jeff\gsgdfgsdf (jake)\10. All Declaration.pdf
2025-03-14 19:39:14,660 - INFO - Removed intermediate Word file: C:\Users\AbrahamCEO\Desktop\RFQ Automation\jeff\gsgdfgsdf (jake)\10. All Declaration.docx
2025-03-14 19:39:14,675 - INFO - Processing document: 2. Power Of Attorney.docx
2025-03-14 19:39:14,722 - INFO - Successfully saved document: 2. Power Of Attorney.docx
2025-03-14 19:39:17,298 - INFO - Created PDF: C:\Users\AbrahamCEO\Desktop\RFQ Automation\jeff\gsgdfgsdf (jake)\2. Power Of Attorney.pdf
2025-03-14 19:39:17,299 - INFO - Removed intermediate Word file: C:\Users\AbrahamCEO\Desktop\RFQ Automation\jeff\gsgdfgsdf (jake)\2. Power Of Attorney.docx
2025-03-14 19:39:17,313 - INFO - Processing document: 3. Cover Letter.docx
2025-03-14 19:39:17,368 - INFO - Successfully saved document: 3. Cover Letter.docx
2025-03-14 19:39:20,028 - INFO - Created PDF: C:\Users\AbrahamCEO\Desktop\RFQ Automation\jeff\gsgdfgsdf (jake)\3. Cover Letter.pdf
2025-03-14 19:39:20,029 - INFO - Removed intermediate Word file: C:\Users\AbrahamCEO\Desktop\RFQ Automation\jeff\gsgdfgsdf (jake)\3. Cover Letter.docx
2025-03-14 19:39:20,043 - INFO - Processing document: 4. Undertaking - Labour.docx
2025-03-14 19:39:20,089 - INFO - Successfully saved document: 4. Undertaking - Labour.docx
2025-03-14 19:39:23,993 - INFO - Created PDF: C:\Users\AbrahamCEO\Desktop\RFQ Automation\jeff\gsgdfgsdf (jake)\4. Undertaking - Labour.pdf
2025-03-14 19:39:23,994 - INFO - Removed intermediate Word file: C:\Users\AbrahamCEO\Desktop\RFQ Automation\jeff\gsgdfgsdf (jake)\4. Undertaking - Labour.docx
2025-03-14 19:39:24,008 - INFO - Processing document: 5. Undertaking - Salaries.docx
2025-03-14 19:39:24,056 - INFO - Successfully saved document: 5. Undertaking - Salaries.docx
2025-03-14 19:39:25,279 - INFO - Created PDF: C:\Users\AbrahamCEO\Desktop\RFQ Automation\jeff\gsgdfgsdf (jake)\5. Undertaking - Salaries.pdf
2025-03-14 19:39:25,279 - INFO - Removed intermediate Word file: C:\Users\AbrahamCEO\Desktop\RFQ Automation\jeff\gsgdfgsdf (jake)\5. Undertaking - Salaries.docx
2025-03-14 19:39:25,320 - INFO - Processing document: 6. Local Content.docx
2025-03-14 19:39:25,369 - INFO - Successfully saved document: 6. Local Content.docx
2025-03-14 19:39:26,536 - INFO - Created PDF: C:\Users\AbrahamCEO\Desktop\RFQ Automation\jeff\gsgdfgsdf (jake)\6. Local Content.pdf
2025-03-14 19:39:26,537 - INFO - Removed intermediate Word file: C:\Users\AbrahamCEO\Desktop\RFQ Automation\jeff\gsgdfgsdf (jake)\6. Local Content.docx
2025-03-14 19:39:26,593 - INFO - Processing document: 7. Employment.docx
2025-03-14 19:39:26,659 - INFO - Successfully saved document: 7. Employment.docx
2025-03-14 19:39:27,858 - INFO - Created PDF: C:\Users\AbrahamCEO\Desktop\RFQ Automation\jeff\gsgdfgsdf (jake)\7. Employment.pdf
2025-03-14 19:39:27,859 - INFO - Removed intermediate Word file: C:\Users\AbrahamCEO\Desktop\RFQ Automation\jeff\gsgdfgsdf (jake)\7. Employment.docx
2025-03-14 19:39:27,897 - INFO - Processing document: 8. Conflict Of Interest.docx
2025-03-14 19:39:27,951 - INFO - Successfully saved document: 8. Conflict Of Interest.docx
2025-03-14 19:39:30,416 - INFO - Created PDF: C:\Users\AbrahamCEO\Desktop\RFQ Automation\jeff\gsgdfgsdf (jake)\8. Conflict Of Interest.pdf
2025-03-14 19:39:30,417 - INFO - Removed intermediate Word file: C:\Users\AbrahamCEO\Desktop\RFQ Automation\jeff\gsgdfgsdf (jake)\8. Conflict Of Interest.docx
2025-03-14 19:39:30,432 - INFO - Processing document: 9. Bid Requirements.docx
2025-03-14 19:39:30,477 - INFO - Successfully saved document: 9. Bid Requirements.docx
2025-03-14 19:39:33,172 - INFO - Created PDF: C:\Users\AbrahamCEO\Desktop\RFQ Automation\jeff\gsgdfgsdf (jake)\9. Bid Requirements.pdf
2025-03-14 19:39:33,173 - INFO - Removed intermediate Word file: C:\Users\AbrahamCEO\Desktop\RFQ Automation\jeff\gsgdfgsdf (jake)\9. Bid Requirements.docx
2025-03-14 19:39:33,180 - ERROR - Error processing document ~$ Power Of Attorney.docx: Package not found at 'C:\Users\AbrahamCEO\Desktop\projects\new-docs-processor\Documents\Cover Letters\Shitongeni\~$ Power Of Attorney.docx'
2025-03-14 19:39:33,184 - ERROR - Error processing document ~$ Tender and RFQ Checklist.docx: Package not found at 'C:\Users\AbrahamCEO\Desktop\projects\new-docs-processor\Documents\Cover Letters\Shitongeni\~$ Tender and RFQ Checklist.docx'
2025-03-14 19:39:33,184 - INFO - Processing 2 extras documents...
2025-03-14 19:39:33,196 - INFO - Processing document: 10. Twinrain Table of Contents Section Covers.docx
2025-03-14 19:39:33,238 - INFO - Successfully saved document: 10. Twinrain Table of Contents Section Covers.docx
2025-03-14 19:39:33,257 - INFO - Processing document: 11. Cover Page.docx
2025-03-14 19:39:33,310 - INFO - Successfully saved document: 11. Cover Page.docx
2025-03-14 19:39:33,310 - INFO - Merging 10 PDFs...
2025-03-14 19:39:33,647 - INFO - Successfully created final PDF: C:\Users\AbrahamCEO\Desktop\RFQ Automation\jeff\gsgdfgsdf (jake)\gsgdfgsdf (jake).pdf
2025-03-14 19:39:33,647 - INFO - Cleaning up intermediate files...
2025-03-14 19:39:33,647 - INFO - Removed intermediate PDF: C:\Users\AbrahamCEO\Desktop\RFQ Automation\jeff\gsgdfgsdf (jake)\1. Tender and RFQ Checklist.pdf
2025-03-14 19:39:33,648 - INFO - Removed intermediate PDF: C:\Users\AbrahamCEO\Desktop\RFQ Automation\jeff\gsgdfgsdf (jake)\10. All Declaration.pdf
2025-03-14 19:39:33,648 - INFO - Removed intermediate PDF: C:\Users\AbrahamCEO\Desktop\RFQ Automation\jeff\gsgdfgsdf (jake)\2. Power Of Attorney.pdf
2025-03-14 19:39:33,649 - INFO - Removed intermediate PDF: C:\Users\AbrahamCEO\Desktop\RFQ Automation\jeff\gsgdfgsdf (jake)\3. Cover Letter.pdf
2025-03-14 19:39:33,649 - INFO - Removed intermediate PDF: C:\Users\AbrahamCEO\Desktop\RFQ Automation\jeff\gsgdfgsdf (jake)\4. Undertaking - Labour.pdf
2025-03-14 19:39:33,649 - INFO - Removed intermediate PDF: C:\Users\AbrahamCEO\Desktop\RFQ Automation\jeff\gsgdfgsdf (jake)\5. Undertaking - Salaries.pdf
2025-03-14 19:39:33,650 - INFO - Removed intermediate PDF: C:\Users\AbrahamCEO\Desktop\RFQ Automation\jeff\gsgdfgsdf (jake)\6. Local Content.pdf
2025-03-14 19:39:33,650 - INFO - Removed intermediate PDF: C:\Users\AbrahamCEO\Desktop\RFQ Automation\jeff\gsgdfgsdf (jake)\7. Employment.pdf
2025-03-14 19:39:33,650 - INFO - Removed intermediate PDF: C:\Users\AbrahamCEO\Desktop\RFQ Automation\jeff\gsgdfgsdf (jake)\8. Conflict Of Interest.pdf
2025-03-14 19:39:33,651 - INFO - Removed intermediate PDF: C:\Users\AbrahamCEO\Desktop\RFQ Automation\jeff\gsgdfgsdf (jake)\9. Bid Requirements.pdf
2025-03-14 19:39:33,651 - INFO - Removed temporary merged PDF
2025-03-14 19:41:21,274 - INFO - Formatted date: 14th March 2025
2025-03-14 19:41:21,274 - INFO - Created output directory: C:\Users\AbrahamCEO\Desktop\RFQ Automation\jeff\gsgdfgsdf (jake)
2025-03-14 19:41:21,274 - INFO - Processing 12 main documents...
2025-03-14 19:41:21,295 - INFO - Processing document: 1. Tender and RFQ Checklist.docx
2025-03-14 19:41:21,465 - INFO - Successfully saved document: 1. Tender and RFQ Checklist.docx
2025-03-14 19:41:25,592 - INFO - Created PDF: C:\Users\AbrahamCEO\Desktop\RFQ Automation\jeff\gsgdfgsdf (jake)\1. Tender and RFQ Checklist.pdf
2025-03-14 19:41:25,592 - INFO - Removed intermediate Word file: C:\Users\AbrahamCEO\Desktop\RFQ Automation\jeff\gsgdfgsdf (jake)\1. Tender and RFQ Checklist.docx
2025-03-14 19:41:25,612 - INFO - Processing document: 10. All Declaration.docx
2025-03-14 19:41:25,665 - INFO - Successfully saved document: 10. All Declaration.docx
2025-03-14 19:41:28,278 - INFO - Created PDF: C:\Users\AbrahamCEO\Desktop\RFQ Automation\jeff\gsgdfgsdf (jake)\10. All Declaration.pdf
2025-03-14 19:41:28,279 - INFO - Removed intermediate Word file: C:\Users\AbrahamCEO\Desktop\RFQ Automation\jeff\gsgdfgsdf (jake)\10. All Declaration.docx
2025-03-14 19:41:28,291 - INFO - Processing document: 2. Power Of Attorney.docx
2025-03-14 19:41:28,346 - INFO - Successfully saved document: 2. Power Of Attorney.docx
2025-03-14 19:41:29,547 - INFO - Created PDF: C:\Users\AbrahamCEO\Desktop\RFQ Automation\jeff\gsgdfgsdf (jake)\2. Power Of Attorney.pdf
2025-03-14 19:41:29,548 - INFO - Removed intermediate Word file: C:\Users\AbrahamCEO\Desktop\RFQ Automation\jeff\gsgdfgsdf (jake)\2. Power Of Attorney.docx
2025-03-14 19:41:29,566 - INFO - Processing document: 3. Cover Letter.docx
2025-03-14 19:41:29,629 - INFO - Successfully saved document: 3. Cover Letter.docx
2025-03-14 19:41:30,960 - INFO - Created PDF: C:\Users\AbrahamCEO\Desktop\RFQ Automation\jeff\gsgdfgsdf (jake)\3. Cover Letter.pdf
2025-03-14 19:41:30,961 - INFO - Removed intermediate Word file: C:\Users\AbrahamCEO\Desktop\RFQ Automation\jeff\gsgdfgsdf (jake)\3. Cover Letter.docx
2025-03-14 19:41:30,976 - INFO - Processing document: 4. Undertaking - Labour.docx
2025-03-14 19:41:31,027 - INFO - Successfully saved document: 4. Undertaking - Labour.docx
2025-03-14 19:41:33,463 - INFO - Created PDF: C:\Users\AbrahamCEO\Desktop\RFQ Automation\jeff\gsgdfgsdf (jake)\4. Undertaking - Labour.pdf
2025-03-14 19:41:33,464 - INFO - Removed intermediate Word file: C:\Users\AbrahamCEO\Desktop\RFQ Automation\jeff\gsgdfgsdf (jake)\4. Undertaking - Labour.docx
2025-03-14 19:41:33,476 - INFO - Processing document: 5. Undertaking - Salaries.docx
2025-03-14 19:41:33,533 - INFO - Successfully saved document: 5. Undertaking - Salaries.docx
2025-03-14 19:41:36,645 - INFO - Created PDF: C:\Users\AbrahamCEO\Desktop\RFQ Automation\jeff\gsgdfgsdf (jake)\5. Undertaking - Salaries.pdf
2025-03-14 19:41:36,646 - INFO - Removed intermediate Word file: C:\Users\AbrahamCEO\Desktop\RFQ Automation\jeff\gsgdfgsdf (jake)\5. Undertaking - Salaries.docx
2025-03-14 19:41:36,665 - INFO - Processing document: 6. Local Content.docx
2025-03-14 19:41:36,713 - INFO - Successfully saved document: 6. Local Content.docx
2025-03-14 19:41:39,451 - INFO - Created PDF: C:\Users\AbrahamCEO\Desktop\RFQ Automation\jeff\gsgdfgsdf (jake)\6. Local Content.pdf
2025-03-14 19:41:39,451 - INFO - Removed intermediate Word file: C:\Users\AbrahamCEO\Desktop\RFQ Automation\jeff\gsgdfgsdf (jake)\6. Local Content.docx
2025-03-14 19:41:39,464 - INFO - Processing document: 7. Employment.docx
2025-03-14 19:41:39,519 - INFO - Successfully saved document: 7. Employment.docx
2025-03-14 19:41:41,843 - INFO - Created PDF: C:\Users\AbrahamCEO\Desktop\RFQ Automation\jeff\gsgdfgsdf (jake)\7. Employment.pdf
2025-03-14 19:41:41,844 - INFO - Removed intermediate Word file: C:\Users\AbrahamCEO\Desktop\RFQ Automation\jeff\gsgdfgsdf (jake)\7. Employment.docx
2025-03-14 19:41:41,857 - INFO - Processing document: 8. Conflict Of Interest.docx
2025-03-14 19:41:41,910 - INFO - Successfully saved document: 8. Conflict Of Interest.docx
2025-03-14 19:41:45,434 - INFO - Created PDF: C:\Users\AbrahamCEO\Desktop\RFQ Automation\jeff\gsgdfgsdf (jake)\8. Conflict Of Interest.pdf
2025-03-14 19:41:45,435 - INFO - Removed intermediate Word file: C:\Users\AbrahamCEO\Desktop\RFQ Automation\jeff\gsgdfgsdf (jake)\8. Conflict Of Interest.docx
2025-03-14 19:41:45,453 - INFO - Processing document: 9. Bid Requirements.docx
2025-03-14 19:41:45,500 - INFO - Successfully saved document: 9. Bid Requirements.docx
2025-03-14 19:41:47,459 - INFO - Created PDF: C:\Users\AbrahamCEO\Desktop\RFQ Automation\jeff\gsgdfgsdf (jake)\9. Bid Requirements.pdf
2025-03-14 19:41:47,460 - INFO - Removed intermediate Word file: C:\Users\AbrahamCEO\Desktop\RFQ Automation\jeff\gsgdfgsdf (jake)\9. Bid Requirements.docx
2025-03-14 19:41:47,473 - ERROR - Error processing document ~$ Power Of Attorney.docx: Package not found at 'C:\Users\AbrahamCEO\Desktop\projects\new-docs-processor\Documents\Cover Letters\Shitongeni\~$ Power Of Attorney.docx'
2025-03-14 19:41:47,479 - ERROR - Error processing document ~$ Tender and RFQ Checklist.docx: Package not found at 'C:\Users\AbrahamCEO\Desktop\projects\new-docs-processor\Documents\Cover Letters\Shitongeni\~$ Tender and RFQ Checklist.docx'
2025-03-14 19:41:47,479 - INFO - Processing 2 extras documents...
2025-03-14 19:41:47,493 - INFO - Processing document: 10. Twinrain Table of Contents Section Covers.docx
2025-03-14 19:41:47,545 - INFO - Successfully saved document: 10. Twinrain Table of Contents Section Covers.docx
2025-03-14 19:41:47,570 - INFO - Processing document: 11. Cover Page.docx
2025-03-14 19:41:47,626 - INFO - Successfully saved document: 11. Cover Page.docx
2025-03-14 19:41:47,626 - INFO - Merging 10 PDFs...
2025-03-14 19:41:47,982 - INFO - Successfully created final PDF: C:\Users\AbrahamCEO\Desktop\RFQ Automation\jeff\gsgdfgsdf (jake)\gsgdfgsdf (jake).pdf
2025-03-14 19:41:47,982 - INFO - Cleaning up intermediate files...
2025-03-14 19:41:47,983 - INFO - Removed intermediate PDF: C:\Users\AbrahamCEO\Desktop\RFQ Automation\jeff\gsgdfgsdf (jake)\1. Tender and RFQ Checklist.pdf
2025-03-14 19:41:47,983 - INFO - Removed intermediate PDF: C:\Users\AbrahamCEO\Desktop\RFQ Automation\jeff\gsgdfgsdf (jake)\10. All Declaration.pdf
2025-03-14 19:41:47,984 - INFO - Removed intermediate PDF: C:\Users\AbrahamCEO\Desktop\RFQ Automation\jeff\gsgdfgsdf (jake)\2. Power Of Attorney.pdf
2025-03-14 19:41:47,984 - INFO - Removed intermediate PDF: C:\Users\AbrahamCEO\Desktop\RFQ Automation\jeff\gsgdfgsdf (jake)\3. Cover Letter.pdf
2025-03-14 19:41:47,984 - INFO - Removed intermediate PDF: C:\Users\AbrahamCEO\Desktop\RFQ Automation\jeff\gsgdfgsdf (jake)\4. Undertaking - Labour.pdf
2025-03-14 19:41:47,985 - INFO - Removed intermediate PDF: C:\Users\AbrahamCEO\Desktop\RFQ Automation\jeff\gsgdfgsdf (jake)\5. Undertaking - Salaries.pdf
2025-03-14 19:41:47,985 - INFO - Removed intermediate PDF: C:\Users\AbrahamCEO\Desktop\RFQ Automation\jeff\gsgdfgsdf (jake)\6. Local Content.pdf
2025-03-14 19:41:47,985 - INFO - Removed intermediate PDF: C:\Users\AbrahamCEO\Desktop\RFQ Automation\jeff\gsgdfgsdf (jake)\7. Employment.pdf
2025-03-14 19:41:47,986 - INFO - Removed intermediate PDF: C:\Users\AbrahamCEO\Desktop\RFQ Automation\jeff\gsgdfgsdf (jake)\8. Conflict Of Interest.pdf
2025-03-14 19:41:47,986 - INFO - Removed intermediate PDF: C:\Users\AbrahamCEO\Desktop\RFQ Automation\jeff\gsgdfgsdf (jake)\9. Bid Requirements.pdf
2025-03-14 19:41:47,986 - INFO - Removed temporary merged PDF
2025-03-14 19:58:37,865 - INFO - Formatted date: 18th April 2025
2025-03-14 19:58:37,866 - INFO - Created output directory: C:\Users\AbrahamCEO\Desktop\RFQ Automation\Ministry of Agriculture\Supply  Delivery of Multi Usage Trucks (G-RFQ-2024-2025-2026)
2025-03-14 19:58:37,866 - INFO - Processing 12 main documents...
2025-03-14 19:58:37,888 - INFO - Processing document: 1. Tender and RFQ Checklist.docx
2025-03-14 19:58:38,059 - INFO - Successfully saved document: 1. Tender and RFQ Checklist.docx
2025-03-14 19:58:42,341 - INFO - Created PDF: C:\Users\AbrahamCEO\Desktop\RFQ Automation\Ministry of Agriculture\Supply  Delivery of Multi Usage Trucks (G-RFQ-2024-2025-2026)\1. Tender and RFQ Checklist.pdf
2025-03-14 19:58:42,342 - INFO - Removed intermediate Word file: C:\Users\AbrahamCEO\Desktop\RFQ Automation\Ministry of Agriculture\Supply  Delivery of Multi Usage Trucks (G-RFQ-2024-2025-2026)\1. Tender and RFQ Checklist.docx
2025-03-14 19:58:42,359 - INFO - Processing document: 10. All Declaration.docx
2025-03-14 19:58:42,405 - INFO - Successfully saved document: 10. All Declaration.docx
2025-03-14 19:58:45,069 - INFO - Created PDF: C:\Users\AbrahamCEO\Desktop\RFQ Automation\Ministry of Agriculture\Supply  Delivery of Multi Usage Trucks (G-RFQ-2024-2025-2026)\10. All Declaration.pdf
2025-03-14 19:58:45,070 - INFO - Removed intermediate Word file: C:\Users\AbrahamCEO\Desktop\RFQ Automation\Ministry of Agriculture\Supply  Delivery of Multi Usage Trucks (G-RFQ-2024-2025-2026)\10. All Declaration.docx
2025-03-14 19:58:45,082 - INFO - Processing document: 2. Power Of Attorney.docx
2025-03-14 19:58:45,130 - INFO - Successfully saved document: 2. Power Of Attorney.docx
2025-03-14 19:58:46,282 - INFO - Created PDF: C:\Users\AbrahamCEO\Desktop\RFQ Automation\Ministry of Agriculture\Supply  Delivery of Multi Usage Trucks (G-RFQ-2024-2025-2026)\2. Power Of Attorney.pdf
2025-03-14 19:58:46,282 - INFO - Removed intermediate Word file: C:\Users\AbrahamCEO\Desktop\RFQ Automation\Ministry of Agriculture\Supply  Delivery of Multi Usage Trucks (G-RFQ-2024-2025-2026)\2. Power Of Attorney.docx
2025-03-14 19:58:46,306 - INFO - Processing document: 3. Cover Letter.docx
2025-03-14 19:58:46,370 - INFO - Successfully saved document: 3. Cover Letter.docx
2025-03-14 19:58:48,942 - INFO - Created PDF: C:\Users\AbrahamCEO\Desktop\RFQ Automation\Ministry of Agriculture\Supply  Delivery of Multi Usage Trucks (G-RFQ-2024-2025-2026)\3. Cover Letter.pdf
2025-03-14 19:58:48,942 - INFO - Removed intermediate Word file: C:\Users\AbrahamCEO\Desktop\RFQ Automation\Ministry of Agriculture\Supply  Delivery of Multi Usage Trucks (G-RFQ-2024-2025-2026)\3. Cover Letter.docx
2025-03-14 19:58:48,955 - INFO - Processing document: 4. Undertaking - Labour.docx
2025-03-14 19:58:49,005 - INFO - Successfully saved document: 4. Undertaking - Labour.docx
2025-03-14 19:58:51,585 - INFO - Created PDF: C:\Users\AbrahamCEO\Desktop\RFQ Automation\Ministry of Agriculture\Supply  Delivery of Multi Usage Trucks (G-RFQ-2024-2025-2026)\4. Undertaking - Labour.pdf
2025-03-14 19:58:51,586 - INFO - Removed intermediate Word file: C:\Users\AbrahamCEO\Desktop\RFQ Automation\Ministry of Agriculture\Supply  Delivery of Multi Usage Trucks (G-RFQ-2024-2025-2026)\4. Undertaking - Labour.docx
2025-03-14 19:58:51,600 - INFO - Processing document: 5. Undertaking - Salaries.docx
2025-03-14 19:58:51,651 - INFO - Successfully saved document: 5. Undertaking - Salaries.docx
2025-03-14 19:58:54,874 - INFO - Created PDF: C:\Users\AbrahamCEO\Desktop\RFQ Automation\Ministry of Agriculture\Supply  Delivery of Multi Usage Trucks (G-RFQ-2024-2025-2026)\5. Undertaking - Salaries.pdf
2025-03-14 19:58:54,874 - INFO - Removed intermediate Word file: C:\Users\AbrahamCEO\Desktop\RFQ Automation\Ministry of Agriculture\Supply  Delivery of Multi Usage Trucks (G-RFQ-2024-2025-2026)\5. Undertaking - Salaries.docx
2025-03-14 19:58:54,888 - INFO - Processing document: 6. Local Content.docx
2025-03-14 19:58:54,938 - INFO - Successfully saved document: 6. Local Content.docx
2025-03-14 19:58:58,459 - INFO - Created PDF: C:\Users\AbrahamCEO\Desktop\RFQ Automation\Ministry of Agriculture\Supply  Delivery of Multi Usage Trucks (G-RFQ-2024-2025-2026)\6. Local Content.pdf
2025-03-14 19:58:58,460 - INFO - Removed intermediate Word file: C:\Users\AbrahamCEO\Desktop\RFQ Automation\Ministry of Agriculture\Supply  Delivery of Multi Usage Trucks (G-RFQ-2024-2025-2026)\6. Local Content.docx
2025-03-14 19:58:58,473 - INFO - Processing document: 7. Employment.docx
2025-03-14 19:58:58,519 - INFO - Successfully saved document: 7. Employment.docx
2025-03-14 19:59:01,558 - INFO - Created PDF: C:\Users\AbrahamCEO\Desktop\RFQ Automation\Ministry of Agriculture\Supply  Delivery of Multi Usage Trucks (G-RFQ-2024-2025-2026)\7. Employment.pdf
2025-03-14 19:59:01,559 - INFO - Removed intermediate Word file: C:\Users\AbrahamCEO\Desktop\RFQ Automation\Ministry of Agriculture\Supply  Delivery of Multi Usage Trucks (G-RFQ-2024-2025-2026)\7. Employment.docx
2025-03-14 19:59:01,572 - INFO - Processing document: 8. Conflict Of Interest.docx
2025-03-14 19:59:01,620 - INFO - Successfully saved document: 8. Conflict Of Interest.docx
2025-03-14 19:59:04,338 - INFO - Created PDF: C:\Users\AbrahamCEO\Desktop\RFQ Automation\Ministry of Agriculture\Supply  Delivery of Multi Usage Trucks (G-RFQ-2024-2025-2026)\8. Conflict Of Interest.pdf
2025-03-14 19:59:04,339 - INFO - Removed intermediate Word file: C:\Users\AbrahamCEO\Desktop\RFQ Automation\Ministry of Agriculture\Supply  Delivery of Multi Usage Trucks (G-RFQ-2024-2025-2026)\8. Conflict Of Interest.docx
2025-03-14 19:59:04,352 - INFO - Processing document: 9. Bid Requirements.docx
2025-03-14 19:59:04,401 - INFO - Successfully saved document: 9. Bid Requirements.docx
2025-03-14 19:59:07,809 - INFO - Created PDF: C:\Users\AbrahamCEO\Desktop\RFQ Automation\Ministry of Agriculture\Supply  Delivery of Multi Usage Trucks (G-RFQ-2024-2025-2026)\9. Bid Requirements.pdf
2025-03-14 19:59:07,810 - INFO - Removed intermediate Word file: C:\Users\AbrahamCEO\Desktop\RFQ Automation\Ministry of Agriculture\Supply  Delivery of Multi Usage Trucks (G-RFQ-2024-2025-2026)\9. Bid Requirements.docx
2025-03-14 19:59:07,816 - ERROR - Error processing document ~$ Power Of Attorney.docx: Package not found at 'C:\Users\AbrahamCEO\Desktop\projects\new-docs-processor\Documents\Cover Letters\Shitongeni\~$ Power Of Attorney.docx'
2025-03-14 19:59:07,821 - ERROR - Error processing document ~$ Tender and RFQ Checklist.docx: Package not found at 'C:\Users\AbrahamCEO\Desktop\projects\new-docs-processor\Documents\Cover Letters\Shitongeni\~$ Tender and RFQ Checklist.docx'
2025-03-14 19:59:07,822 - INFO - Processing 2 extras documents...
2025-03-14 19:59:07,834 - INFO - Processing document: 10. Twinrain Table of Contents Section Covers.docx
2025-03-14 19:59:07,879 - INFO - Successfully saved document: 10. Twinrain Table of Contents Section Covers.docx
2025-03-14 19:59:07,897 - INFO - Processing document: 11. Cover Page.docx
2025-03-14 19:59:07,950 - INFO - Successfully saved document: 11. Cover Page.docx
2025-03-14 19:59:07,950 - INFO - Merging 10 PDFs...
2025-03-14 19:59:08,296 - INFO - Successfully created final PDF: C:\Users\AbrahamCEO\Desktop\RFQ Automation\Ministry of Agriculture\Supply  Delivery of Multi Usage Trucks (G-RFQ-2024-2025-2026)\Supply  Delivery of Multi Usage Trucks (G-RFQ-2024-2025-2026).pdf
2025-03-14 19:59:08,296 - INFO - Cleaning up intermediate files...
2025-03-14 19:59:08,296 - INFO - Removed intermediate PDF: C:\Users\AbrahamCEO\Desktop\RFQ Automation\Ministry of Agriculture\Supply  Delivery of Multi Usage Trucks (G-RFQ-2024-2025-2026)\1. Tender and RFQ Checklist.pdf
2025-03-14 19:59:08,296 - INFO - Removed intermediate PDF: C:\Users\AbrahamCEO\Desktop\RFQ Automation\Ministry of Agriculture\Supply  Delivery of Multi Usage Trucks (G-RFQ-2024-2025-2026)\10. All Declaration.pdf
2025-03-14 19:59:08,297 - INFO - Removed intermediate PDF: C:\Users\AbrahamCEO\Desktop\RFQ Automation\Ministry of Agriculture\Supply  Delivery of Multi Usage Trucks (G-RFQ-2024-2025-2026)\2. Power Of Attorney.pdf
2025-03-14 19:59:08,297 - INFO - Removed intermediate PDF: C:\Users\AbrahamCEO\Desktop\RFQ Automation\Ministry of Agriculture\Supply  Delivery of Multi Usage Trucks (G-RFQ-2024-2025-2026)\3. Cover Letter.pdf
2025-03-14 19:59:08,298 - INFO - Removed intermediate PDF: C:\Users\AbrahamCEO\Desktop\RFQ Automation\Ministry of Agriculture\Supply  Delivery of Multi Usage Trucks (G-RFQ-2024-2025-2026)\4. Undertaking - Labour.pdf
2025-03-14 19:59:08,298 - INFO - Removed intermediate PDF: C:\Users\AbrahamCEO\Desktop\RFQ Automation\Ministry of Agriculture\Supply  Delivery of Multi Usage Trucks (G-RFQ-2024-2025-2026)\5. Undertaking - Salaries.pdf
2025-03-14 19:59:08,299 - INFO - Removed intermediate PDF: C:\Users\AbrahamCEO\Desktop\RFQ Automation\Ministry of Agriculture\Supply  Delivery of Multi Usage Trucks (G-RFQ-2024-2025-2026)\6. Local Content.pdf
2025-03-14 19:59:08,299 - INFO - Removed intermediate PDF: C:\Users\AbrahamCEO\Desktop\RFQ Automation\Ministry of Agriculture\Supply  Delivery of Multi Usage Trucks (G-RFQ-2024-2025-2026)\7. Employment.pdf
2025-03-14 19:59:08,300 - INFO - Removed intermediate PDF: C:\Users\AbrahamCEO\Desktop\RFQ Automation\Ministry of Agriculture\Supply  Delivery of Multi Usage Trucks (G-RFQ-2024-2025-2026)\8. Conflict Of Interest.pdf
2025-03-14 19:59:08,300 - INFO - Removed intermediate PDF: C:\Users\AbrahamCEO\Desktop\RFQ Automation\Ministry of Agriculture\Supply  Delivery of Multi Usage Trucks (G-RFQ-2024-2025-2026)\9. Bid Requirements.pdf
2025-03-14 19:59:08,301 - INFO - Removed temporary merged PDF
2025-03-14 20:07:07,530 - INFO - Formatted date: 17th April 2025
2025-03-14 20:07:07,538 - INFO - Created output directory: C:\Users\AbrahamCEO\Desktop\RFQ Automation\Ministry of Agriculture\Supply and Delivery of Multifunctional Fiber Equipment (G-RFD-24-2025-2026)
2025-03-14 20:07:07,539 - INFO - Processing 12 main documents...
2025-03-14 20:07:07,551 - ERROR - Error processing document ~$ Tender and RFQ Checklist.docx: Package not found at 'C:\Users\AbrahamCEO\Desktop\projects\new-docs-processor\Documents\Cover Letters\Shitongeni\~$ Tender and RFQ Checklist.docx'
2025-03-14 20:07:07,553 - ERROR - Error processing document ~$ Power Of Attorney.docx: Package not found at 'C:\Users\AbrahamCEO\Desktop\projects\new-docs-processor\Documents\Cover Letters\Shitongeni\~$ Power Of Attorney.docx'
2025-03-14 20:07:07,575 - INFO - Processing document: 1. Tender and RFQ Checklist.docx
2025-03-14 20:07:07,741 - INFO - Processing document: 2. Power Of Attorney.docx
2025-03-14 20:07:07,754 - INFO - Processing document: 3. Cover Letter.docx
2025-03-14 20:07:07,755 - INFO - Processing document: 4. Undertaking - Labour.docx
2025-03-14 20:07:07,762 - INFO - Processing document: 7. Employment.docx
2025-03-14 20:07:07,765 - INFO - Processing document: 6. Local Content.docx
2025-03-14 20:07:07,766 - INFO - Processing document: 5. Undertaking - Salaries.docx
2025-03-14 20:07:07,767 - INFO - Processing document: 8. Conflict Of Interest.docx
2025-03-14 20:07:07,768 - INFO - Processing document: 9. Bid Requirements.docx
2025-03-14 20:07:07,770 - INFO - Processing document: 10. All Declaration.docx
2025-03-14 20:07:07,855 - INFO - Successfully saved document: 1. Tender and RFQ Checklist.docx
2025-03-14 20:07:07,878 - INFO - Successfully saved document: 2. Power Of Attorney.docx
2025-03-14 20:07:07,912 - INFO - Successfully saved document: 4. Undertaking - Labour.docx
2025-03-14 20:07:07,920 - INFO - Successfully saved document: 7. Employment.docx
2025-03-14 20:07:07,923 - INFO - Successfully saved document: 9. Bid Requirements.docx
2025-03-14 20:07:07,924 - INFO - Successfully saved document: 6. Local Content.docx
2025-03-14 20:07:07,925 - INFO - Successfully saved document: 3. Cover Letter.docx
2025-03-14 20:07:07,925 - INFO - Successfully saved document: 10. All Declaration.docx
2025-03-14 20:07:07,927 - INFO - Successfully saved document: 8. Conflict Of Interest.docx
2025-03-14 20:07:07,929 - INFO - Successfully saved document: 5. Undertaking - Salaries.docx
2025-03-14 20:07:10,948 - INFO - Created PDF: C:\Users\AbrahamCEO\Desktop\RFQ Automation\Ministry of Agriculture\Supply and Delivery of Multifunctional Fiber Equipment (G-RFD-24-2025-2026)\1. Tender and RFQ Checklist.pdf
2025-03-14 20:07:10,949 - INFO - Removed intermediate Word file: C:\Users\AbrahamCEO\Desktop\RFQ Automation\Ministry of Agriculture\Supply and Delivery of Multifunctional Fiber Equipment (G-RFD-24-2025-2026)\1. Tender and RFQ Checklist.docx
2025-03-14 20:07:13,805 - INFO - Created PDF: C:\Users\AbrahamCEO\Desktop\RFQ Automation\Ministry of Agriculture\Supply and Delivery of Multifunctional Fiber Equipment (G-RFD-24-2025-2026)\2. Power Of Attorney.pdf
2025-03-14 20:07:13,805 - INFO - Removed intermediate Word file: C:\Users\AbrahamCEO\Desktop\RFQ Automation\Ministry of Agriculture\Supply and Delivery of Multifunctional Fiber Equipment (G-RFD-24-2025-2026)\2. Power Of Attorney.docx
2025-03-14 20:07:16,376 - INFO - Created PDF: C:\Users\AbrahamCEO\Desktop\RFQ Automation\Ministry of Agriculture\Supply and Delivery of Multifunctional Fiber Equipment (G-RFD-24-2025-2026)\3. Cover Letter.pdf
2025-03-14 20:07:16,376 - INFO - Removed intermediate Word file: C:\Users\AbrahamCEO\Desktop\RFQ Automation\Ministry of Agriculture\Supply and Delivery of Multifunctional Fiber Equipment (G-RFD-24-2025-2026)\3. Cover Letter.docx
2025-03-14 20:07:17,602 - INFO - Created PDF: C:\Users\AbrahamCEO\Desktop\RFQ Automation\Ministry of Agriculture\Supply and Delivery of Multifunctional Fiber Equipment (G-RFD-24-2025-2026)\4. Undertaking - Labour.pdf
2025-03-14 20:07:17,602 - INFO - Removed intermediate Word file: C:\Users\AbrahamCEO\Desktop\RFQ Automation\Ministry of Agriculture\Supply and Delivery of Multifunctional Fiber Equipment (G-RFD-24-2025-2026)\4. Undertaking - Labour.docx
2025-03-14 20:07:20,000 - INFO - Created PDF: C:\Users\AbrahamCEO\Desktop\RFQ Automation\Ministry of Agriculture\Supply and Delivery of Multifunctional Fiber Equipment (G-RFD-24-2025-2026)\5. Undertaking - Salaries.pdf
2025-03-14 20:07:20,000 - INFO - Removed intermediate Word file: C:\Users\AbrahamCEO\Desktop\RFQ Automation\Ministry of Agriculture\Supply and Delivery of Multifunctional Fiber Equipment (G-RFD-24-2025-2026)\5. Undertaking - Salaries.docx
2025-03-14 20:07:23,067 - INFO - Created PDF: C:\Users\AbrahamCEO\Desktop\RFQ Automation\Ministry of Agriculture\Supply and Delivery of Multifunctional Fiber Equipment (G-RFD-24-2025-2026)\6. Local Content.pdf
2025-03-14 20:07:23,068 - INFO - Removed intermediate Word file: C:\Users\AbrahamCEO\Desktop\RFQ Automation\Ministry of Agriculture\Supply and Delivery of Multifunctional Fiber Equipment (G-RFD-24-2025-2026)\6. Local Content.docx
2025-03-14 20:07:25,411 - INFO - Created PDF: C:\Users\AbrahamCEO\Desktop\RFQ Automation\Ministry of Agriculture\Supply and Delivery of Multifunctional Fiber Equipment (G-RFD-24-2025-2026)\7. Employment.pdf
2025-03-14 20:07:25,411 - INFO - Removed intermediate Word file: C:\Users\AbrahamCEO\Desktop\RFQ Automation\Ministry of Agriculture\Supply and Delivery of Multifunctional Fiber Equipment (G-RFD-24-2025-2026)\7. Employment.docx
2025-03-14 20:07:29,435 - INFO - Created PDF: C:\Users\AbrahamCEO\Desktop\RFQ Automation\Ministry of Agriculture\Supply and Delivery of Multifunctional Fiber Equipment (G-RFD-24-2025-2026)\8. Conflict Of Interest.pdf
2025-03-14 20:07:29,436 - INFO - Removed intermediate Word file: C:\Users\AbrahamCEO\Desktop\RFQ Automation\Ministry of Agriculture\Supply and Delivery of Multifunctional Fiber Equipment (G-RFD-24-2025-2026)\8. Conflict Of Interest.docx
2025-03-14 20:07:30,606 - INFO - Created PDF: C:\Users\AbrahamCEO\Desktop\RFQ Automation\Ministry of Agriculture\Supply and Delivery of Multifunctional Fiber Equipment (G-RFD-24-2025-2026)\9. Bid Requirements.pdf
2025-03-14 20:07:30,607 - INFO - Removed intermediate Word file: C:\Users\AbrahamCEO\Desktop\RFQ Automation\Ministry of Agriculture\Supply and Delivery of Multifunctional Fiber Equipment (G-RFD-24-2025-2026)\9. Bid Requirements.docx
2025-03-14 20:07:34,127 - INFO - Created PDF: C:\Users\AbrahamCEO\Desktop\RFQ Automation\Ministry of Agriculture\Supply and Delivery of Multifunctional Fiber Equipment (G-RFD-24-2025-2026)\10. All Declaration.pdf
2025-03-14 20:07:34,128 - INFO - Removed intermediate Word file: C:\Users\AbrahamCEO\Desktop\RFQ Automation\Ministry of Agriculture\Supply and Delivery of Multifunctional Fiber Equipment (G-RFD-24-2025-2026)\10. All Declaration.docx
2025-03-14 20:07:34,135 - ERROR - Word file not found: C:\Users\AbrahamCEO\Desktop\RFQ Automation\Ministry of Agriculture\Supply and Delivery of Multifunctional Fiber Equipment (G-RFD-24-2025-2026)\~$ Power Of Attorney.docx
2025-03-14 20:07:34,135 - ERROR - Failed to create PDF for C:\Users\AbrahamCEO\Desktop\RFQ Automation\Ministry of Agriculture\Supply and Delivery of Multifunctional Fiber Equipment (G-RFD-24-2025-2026)\~$ Power Of Attorney.docx
2025-03-14 20:07:34,135 - ERROR - Error removing Word file: [WinError 2] The system cannot find the file specified: 'C:\\Users\\AbrahamCEO\\Desktop\\RFQ Automation\\Ministry of Agriculture\\Supply and Delivery of Multifunctional Fiber Equipment (G-RFD-24-2025-2026)\\~$ Power Of Attorney.docx'
2025-03-14 20:07:34,140 - ERROR - Word file not found: C:\Users\AbrahamCEO\Desktop\RFQ Automation\Ministry of Agriculture\Supply and Delivery of Multifunctional Fiber Equipment (G-RFD-24-2025-2026)\~$ Tender and RFQ Checklist.docx
2025-03-14 20:07:34,140 - ERROR - Failed to create PDF for C:\Users\AbrahamCEO\Desktop\RFQ Automation\Ministry of Agriculture\Supply and Delivery of Multifunctional Fiber Equipment (G-RFD-24-2025-2026)\~$ Tender and RFQ Checklist.docx
2025-03-14 20:07:34,141 - ERROR - Error removing Word file: [WinError 2] The system cannot find the file specified: 'C:\\Users\\AbrahamCEO\\Desktop\\RFQ Automation\\Ministry of Agriculture\\Supply and Delivery of Multifunctional Fiber Equipment (G-RFD-24-2025-2026)\\~$ Tender and RFQ Checklist.docx'
2025-03-14 20:07:34,145 - INFO - Processing 2 extras documents...
2025-03-14 20:07:34,161 - INFO - Processing document: 10. Twinrain Table of Contents Section Covers.docx
2025-03-14 20:07:34,163 - INFO - Processing document: 11. Cover Page.docx
2025-03-14 20:07:34,215 - INFO - Successfully saved document: 10. Twinrain Table of Contents Section Covers.docx
2025-03-14 20:07:34,240 - INFO - Successfully saved document: 11. Cover Page.docx
2025-03-14 20:07:34,247 - INFO - Merging 10 PDFs...
2025-03-14 20:07:34,609 - INFO - Successfully created final PDF: C:\Users\AbrahamCEO\Desktop\RFQ Automation\Ministry of Agriculture\Supply and Delivery of Multifunctional Fiber Equipment (G-RFD-24-2025-2026)\Supply and Delivery of Multifunctional Fiber Equipment (G-RFD-24-2025-2026).pdf
2025-03-14 20:07:34,609 - INFO - Cleaning up intermediate files...
2025-03-14 20:07:34,609 - INFO - Removed intermediate PDF: C:\Users\AbrahamCEO\Desktop\RFQ Automation\Ministry of Agriculture\Supply and Delivery of Multifunctional Fiber Equipment (G-RFD-24-2025-2026)\1. Tender and RFQ Checklist.pdf
2025-03-14 20:07:34,610 - INFO - Removed intermediate PDF: C:\Users\AbrahamCEO\Desktop\RFQ Automation\Ministry of Agriculture\Supply and Delivery of Multifunctional Fiber Equipment (G-RFD-24-2025-2026)\2. Power Of Attorney.pdf
2025-03-14 20:07:34,611 - INFO - Removed intermediate PDF: C:\Users\AbrahamCEO\Desktop\RFQ Automation\Ministry of Agriculture\Supply and Delivery of Multifunctional Fiber Equipment (G-RFD-24-2025-2026)\3. Cover Letter.pdf
2025-03-14 20:07:34,611 - INFO - Removed intermediate PDF: C:\Users\AbrahamCEO\Desktop\RFQ Automation\Ministry of Agriculture\Supply and Delivery of Multifunctional Fiber Equipment (G-RFD-24-2025-2026)\4. Undertaking - Labour.pdf
2025-03-14 20:07:34,611 - INFO - Removed intermediate PDF: C:\Users\AbrahamCEO\Desktop\RFQ Automation\Ministry of Agriculture\Supply and Delivery of Multifunctional Fiber Equipment (G-RFD-24-2025-2026)\5. Undertaking - Salaries.pdf
2025-03-14 20:07:34,612 - INFO - Removed intermediate PDF: C:\Users\AbrahamCEO\Desktop\RFQ Automation\Ministry of Agriculture\Supply and Delivery of Multifunctional Fiber Equipment (G-RFD-24-2025-2026)\6. Local Content.pdf
2025-03-14 20:07:34,612 - INFO - Removed intermediate PDF: C:\Users\AbrahamCEO\Desktop\RFQ Automation\Ministry of Agriculture\Supply and Delivery of Multifunctional Fiber Equipment (G-RFD-24-2025-2026)\7. Employment.pdf
2025-03-14 20:07:34,612 - INFO - Removed intermediate PDF: C:\Users\AbrahamCEO\Desktop\RFQ Automation\Ministry of Agriculture\Supply and Delivery of Multifunctional Fiber Equipment (G-RFD-24-2025-2026)\8. Conflict Of Interest.pdf
2025-03-14 20:07:34,613 - INFO - Removed intermediate PDF: C:\Users\AbrahamCEO\Desktop\RFQ Automation\Ministry of Agriculture\Supply and Delivery of Multifunctional Fiber Equipment (G-RFD-24-2025-2026)\9. Bid Requirements.pdf
2025-03-14 20:07:34,613 - INFO - Removed intermediate PDF: C:\Users\AbrahamCEO\Desktop\RFQ Automation\Ministry of Agriculture\Supply and Delivery of Multifunctional Fiber Equipment (G-RFD-24-2025-2026)\10. All Declaration.pdf
2025-03-14 20:07:34,614 - INFO - Removed temporary merged PDF
2025-03-14 20:15:00,341 - INFO - Formatted date: 17th April 2025
2025-03-14 20:15:00,342 - INFO - Created output directory: C:\Users\AbrahamCEO\Desktop\RFQ Automation\Ministry of Agriculture\Supply and Delivery of Multifunctional Fiber Equipment (G-RFD-24-2025-2026)
2025-03-14 20:15:00,342 - INFO - Processing 10 main documents...
2025-03-14 20:15:00,368 - INFO - Processing document: 1. Tender and RFQ Checklist.docx
2025-03-14 20:15:00,553 - INFO - Processing document: 5. Undertaking - Salaries.docx
2025-03-14 20:15:00,554 - INFO - Processing document: 3. Cover Letter.docx
2025-03-14 20:15:00,555 - INFO - Processing document: 2. Power Of Attorney.docx
2025-03-14 20:15:00,556 - INFO - Processing document: 7. Employment.docx
2025-03-14 20:15:00,566 - INFO - Processing document: 10. All Declaration.docx
2025-03-14 20:15:00,569 - INFO - Processing document: 6. Local Content.docx
2025-03-14 20:15:00,571 - INFO - Processing document: 4. Undertaking - Labour.docx
2025-03-14 20:15:00,573 - INFO - Processing document: 9. Bid Requirements.docx
2025-03-14 20:15:00,574 - INFO - Processing document: 8. Conflict Of Interest.docx
2025-03-14 20:15:00,632 - INFO - Successfully saved document: 1. Tender and RFQ Checklist.docx
2025-03-14 20:15:00,714 - INFO - Successfully saved document: 2. Power Of Attorney.docx
2025-03-14 20:15:00,728 - INFO - Successfully saved document: 8. Conflict Of Interest.docx
2025-03-14 20:15:00,731 - INFO - Successfully saved document: 7. Employment.docx
2025-03-14 20:15:00,735 - INFO - Successfully saved document: 10. All Declaration.docx
2025-03-14 20:15:00,737 - INFO - Successfully saved document: 4. Undertaking - Labour.docx
2025-03-14 20:15:00,737 - INFO - Successfully saved document: 9. Bid Requirements.docx
2025-03-14 20:15:00,738 - INFO - Successfully saved document: 3. Cover Letter.docx
2025-03-14 20:15:00,738 - INFO - Successfully saved document: 6. Local Content.docx
2025-03-14 20:15:00,739 - INFO - Successfully saved document: 5. Undertaking - Salaries.docx
2025-03-14 20:15:04,778 - INFO - Created PDF: C:\Users\AbrahamCEO\Desktop\RFQ Automation\Ministry of Agriculture\Supply and Delivery of Multifunctional Fiber Equipment (G-RFD-24-2025-2026)\1. Tender and RFQ Checklist.pdf
2025-03-14 20:15:04,779 - INFO - Removed intermediate Word file: C:\Users\AbrahamCEO\Desktop\RFQ Automation\Ministry of Agriculture\Supply and Delivery of Multifunctional Fiber Equipment (G-RFD-24-2025-2026)\1. Tender and RFQ Checklist.docx
2025-03-14 20:15:07,454 - INFO - Created PDF: C:\Users\AbrahamCEO\Desktop\RFQ Automation\Ministry of Agriculture\Supply and Delivery of Multifunctional Fiber Equipment (G-RFD-24-2025-2026)\2. Power Of Attorney.pdf
2025-03-14 20:15:07,455 - INFO - Removed intermediate Word file: C:\Users\AbrahamCEO\Desktop\RFQ Automation\Ministry of Agriculture\Supply and Delivery of Multifunctional Fiber Equipment (G-RFD-24-2025-2026)\2. Power Of Attorney.docx
2025-03-14 20:15:08,857 - INFO - Created PDF: C:\Users\AbrahamCEO\Desktop\RFQ Automation\Ministry of Agriculture\Supply and Delivery of Multifunctional Fiber Equipment (G-RFD-24-2025-2026)\3. Cover Letter.pdf
2025-03-14 20:15:08,858 - INFO - Removed intermediate Word file: C:\Users\AbrahamCEO\Desktop\RFQ Automation\Ministry of Agriculture\Supply and Delivery of Multifunctional Fiber Equipment (G-RFD-24-2025-2026)\3. Cover Letter.docx
2025-03-14 20:15:11,459 - INFO - Created PDF: C:\Users\AbrahamCEO\Desktop\RFQ Automation\Ministry of Agriculture\Supply and Delivery of Multifunctional Fiber Equipment (G-RFD-24-2025-2026)\4. Undertaking - Labour.pdf
2025-03-14 20:15:11,460 - INFO - Removed intermediate Word file: C:\Users\AbrahamCEO\Desktop\RFQ Automation\Ministry of Agriculture\Supply and Delivery of Multifunctional Fiber Equipment (G-RFD-24-2025-2026)\4. Undertaking - Labour.docx
2025-03-14 20:15:15,417 - INFO - Created PDF: C:\Users\AbrahamCEO\Desktop\RFQ Automation\Ministry of Agriculture\Supply and Delivery of Multifunctional Fiber Equipment (G-RFD-24-2025-2026)\5. Undertaking - Salaries.pdf
2025-03-14 20:15:15,418 - INFO - Removed intermediate Word file: C:\Users\AbrahamCEO\Desktop\RFQ Automation\Ministry of Agriculture\Supply and Delivery of Multifunctional Fiber Equipment (G-RFD-24-2025-2026)\5. Undertaking - Salaries.docx
2025-03-14 20:15:18,534 - INFO - Created PDF: C:\Users\AbrahamCEO\Desktop\RFQ Automation\Ministry of Agriculture\Supply and Delivery of Multifunctional Fiber Equipment (G-RFD-24-2025-2026)\6. Local Content.pdf
2025-03-14 20:15:18,534 - INFO - Removed intermediate Word file: C:\Users\AbrahamCEO\Desktop\RFQ Automation\Ministry of Agriculture\Supply and Delivery of Multifunctional Fiber Equipment (G-RFD-24-2025-2026)\6. Local Content.docx
2025-03-14 20:15:22,118 - INFO - Created PDF: C:\Users\AbrahamCEO\Desktop\RFQ Automation\Ministry of Agriculture\Supply and Delivery of Multifunctional Fiber Equipment (G-RFD-24-2025-2026)\7. Employment.pdf
2025-03-14 20:15:22,118 - INFO - Removed intermediate Word file: C:\Users\AbrahamCEO\Desktop\RFQ Automation\Ministry of Agriculture\Supply and Delivery of Multifunctional Fiber Equipment (G-RFD-24-2025-2026)\7. Employment.docx
2025-03-14 20:15:25,273 - INFO - Created PDF: C:\Users\AbrahamCEO\Desktop\RFQ Automation\Ministry of Agriculture\Supply and Delivery of Multifunctional Fiber Equipment (G-RFD-24-2025-2026)\8. Conflict Of Interest.pdf
2025-03-14 20:15:25,274 - INFO - Removed intermediate Word file: C:\Users\AbrahamCEO\Desktop\RFQ Automation\Ministry of Agriculture\Supply and Delivery of Multifunctional Fiber Equipment (G-RFD-24-2025-2026)\8. Conflict Of Interest.docx
2025-03-14 20:15:27,844 - INFO - Created PDF: C:\Users\AbrahamCEO\Desktop\RFQ Automation\Ministry of Agriculture\Supply and Delivery of Multifunctional Fiber Equipment (G-RFD-24-2025-2026)\9. Bid Requirements.pdf
2025-03-14 20:15:27,845 - INFO - Removed intermediate Word file: C:\Users\AbrahamCEO\Desktop\RFQ Automation\Ministry of Agriculture\Supply and Delivery of Multifunctional Fiber Equipment (G-RFD-24-2025-2026)\9. Bid Requirements.docx
2025-03-14 20:15:31,043 - INFO - Created PDF: C:\Users\AbrahamCEO\Desktop\RFQ Automation\Ministry of Agriculture\Supply and Delivery of Multifunctional Fiber Equipment (G-RFD-24-2025-2026)\10. All Declaration.pdf
2025-03-14 20:15:31,043 - INFO - Removed intermediate Word file: C:\Users\AbrahamCEO\Desktop\RFQ Automation\Ministry of Agriculture\Supply and Delivery of Multifunctional Fiber Equipment (G-RFD-24-2025-2026)\10. All Declaration.docx
2025-03-14 20:15:31,050 - INFO - Processing 2 extras documents...
2025-03-14 20:15:31,066 - INFO - Processing document: 11. Cover Page.docx
2025-03-14 20:15:31,067 - INFO - Processing document: 10. Twinrain Table of Contents Section Covers.docx
2025-03-14 20:15:31,120 - INFO - Successfully saved document: 10. Twinrain Table of Contents Section Covers.docx
2025-03-14 20:15:31,145 - INFO - Successfully saved document: 11. Cover Page.docx
2025-03-14 20:15:31,162 - INFO - Merging 10 PDFs...
2025-03-14 20:15:31,596 - INFO - Successfully created final PDF: C:\Users\AbrahamCEO\Desktop\RFQ Automation\Ministry of Agriculture\Supply and Delivery of Multifunctional Fiber Equipment (G-RFD-24-2025-2026)\Supply and Delivery of Multifunctional Fiber Equipment (G-RFD-24-2025-2026).pdf
2025-03-14 20:15:31,596 - INFO - Cleaning up intermediate files...
2025-03-14 20:15:31,596 - INFO - Removed intermediate PDF: C:\Users\AbrahamCEO\Desktop\RFQ Automation\Ministry of Agriculture\Supply and Delivery of Multifunctional Fiber Equipment (G-RFD-24-2025-2026)\1. Tender and RFQ Checklist.pdf
2025-03-14 20:15:31,597 - INFO - Removed intermediate PDF: C:\Users\AbrahamCEO\Desktop\RFQ Automation\Ministry of Agriculture\Supply and Delivery of Multifunctional Fiber Equipment (G-RFD-24-2025-2026)\2. Power Of Attorney.pdf
2025-03-14 20:15:31,597 - INFO - Removed intermediate PDF: C:\Users\AbrahamCEO\Desktop\RFQ Automation\Ministry of Agriculture\Supply and Delivery of Multifunctional Fiber Equipment (G-RFD-24-2025-2026)\3. Cover Letter.pdf
2025-03-14 20:15:31,597 - INFO - Removed intermediate PDF: C:\Users\AbrahamCEO\Desktop\RFQ Automation\Ministry of Agriculture\Supply and Delivery of Multifunctional Fiber Equipment (G-RFD-24-2025-2026)\4. Undertaking - Labour.pdf
2025-03-14 20:15:31,598 - INFO - Removed intermediate PDF: C:\Users\AbrahamCEO\Desktop\RFQ Automation\Ministry of Agriculture\Supply and Delivery of Multifunctional Fiber Equipment (G-RFD-24-2025-2026)\5. Undertaking - Salaries.pdf
2025-03-14 20:15:31,598 - INFO - Removed intermediate PDF: C:\Users\AbrahamCEO\Desktop\RFQ Automation\Ministry of Agriculture\Supply and Delivery of Multifunctional Fiber Equipment (G-RFD-24-2025-2026)\6. Local Content.pdf
2025-03-14 20:15:31,598 - INFO - Removed intermediate PDF: C:\Users\AbrahamCEO\Desktop\RFQ Automation\Ministry of Agriculture\Supply and Delivery of Multifunctional Fiber Equipment (G-RFD-24-2025-2026)\7. Employment.pdf
2025-03-14 20:15:31,599 - INFO - Removed intermediate PDF: C:\Users\AbrahamCEO\Desktop\RFQ Automation\Ministry of Agriculture\Supply and Delivery of Multifunctional Fiber Equipment (G-RFD-24-2025-2026)\8. Conflict Of Interest.pdf
2025-03-14 20:15:31,599 - INFO - Removed intermediate PDF: C:\Users\AbrahamCEO\Desktop\RFQ Automation\Ministry of Agriculture\Supply and Delivery of Multifunctional Fiber Equipment (G-RFD-24-2025-2026)\9. Bid Requirements.pdf
2025-03-14 20:15:31,599 - INFO - Removed intermediate PDF: C:\Users\AbrahamCEO\Desktop\RFQ Automation\Ministry of Agriculture\Supply and Delivery of Multifunctional Fiber Equipment (G-RFD-24-2025-2026)\10. All Declaration.pdf
2025-03-14 20:15:31,600 - INFO - Removed temporary merged PDF
2025-03-18 08:52:07,888 - INFO - Formatted date: 18th March 2025
2025-03-18 08:52:07,890 - INFO - Created output directory: C:\Users\AbrahamCEO\Desktop\RFQ Automation\ewef\efeef (efefefe)
2025-03-18 08:52:07,892 - INFO - Processing 10 main documents...
2025-03-18 08:52:07,931 - INFO - Processing document: 1. Tender and RFQ Checklist.docx
2025-03-18 08:52:08,112 - INFO - Processing document: 7. Employment.docx
2025-03-18 08:52:08,112 - INFO - Processing document: 10. All Declaration.docx
2025-03-18 08:52:08,112 - INFO - Processing document: 6. Local Content.docx
2025-03-18 08:52:08,112 - INFO - Processing document: 8. Conflict Of Interest.docx
2025-03-18 08:52:08,122 - INFO - Processing document: 3. Cover Letter.docx
2025-03-18 08:52:08,122 - INFO - Processing document: 4. Undertaking - Labour.docx
2025-03-18 08:52:08,130 - INFO - Processing document: 5. Undertaking - Salaries.docx
2025-03-18 08:52:08,143 - INFO - Processing document: 2. Power Of Attorney.docx
2025-03-18 08:52:08,143 - INFO - Processing document: 9. Bid Requirements.docx
2025-03-18 08:52:08,279 - INFO - Successfully saved document: 1. Tender and RFQ Checklist.docx
2025-03-18 08:52:08,294 - INFO - Successfully saved document: 8. Conflict Of Interest.docx
2025-03-18 08:52:08,305 - INFO - Successfully saved document: 4. Undertaking - Labour.docx
2025-03-18 08:52:08,305 - INFO - Successfully saved document: 6. Local Content.docx
2025-03-18 08:52:08,307 - INFO - Successfully saved document: 10. All Declaration.docx
2025-03-18 08:52:08,310 - INFO - Successfully saved document: 5. Undertaking - Salaries.docx
2025-03-18 08:52:08,310 - INFO - Successfully saved document: 3. Cover Letter.docx
2025-03-18 08:52:08,310 - INFO - Successfully saved document: 2. Power Of Attorney.docx
2025-03-18 08:52:08,310 - INFO - Successfully saved document: 9. Bid Requirements.docx
2025-03-18 08:52:08,314 - INFO - Successfully saved document: 7. Employment.docx
2025-03-18 08:52:11,522 - INFO - Could not import comtypes.gen._00020905_0000_0000_C000_000000000046_0_8_7: Typelib different than module
2025-03-18 08:52:11,522 - INFO - # Generating comtypes.gen._00020905_0000_0000_C000_000000000046_0_8_7
2025-03-18 08:52:56,763 - INFO - Formatted date: 18th March 2025
2025-03-18 08:52:56,763 - INFO - Created output directory: C:\Users\AbrahamCEO\Desktop\RFQ Automation\fdfd\fdfd (44444444444444)
2025-03-18 08:52:56,763 - INFO - Processing 10 main documents...
2025-03-18 08:52:56,817 - INFO - Processing document: 1. Tender and RFQ Checklist.docx
2025-03-18 08:52:56,985 - INFO - Processing document: 5. Undertaking - Salaries.docx
2025-03-18 08:52:57,009 - INFO - Processing document: 2. Power Of Attorney.docx
2025-03-18 08:52:57,016 - INFO - Processing document: 6. Local Content.docx
2025-03-18 08:52:57,020 - INFO - Processing document: 3. Cover Letter.docx
2025-03-18 08:52:57,024 - INFO - Processing document: 4. Undertaking - Labour.docx
2025-03-18 08:52:57,024 - INFO - Processing document: 7. Employment.docx
2025-03-18 08:52:57,024 - INFO - Processing document: 10. All Declaration.docx
2025-03-18 08:52:57,024 - INFO - Processing document: 8. Conflict Of Interest.docx
2025-03-18 08:52:57,032 - INFO - Processing document: 9. Bid Requirements.docx
2025-03-18 08:52:57,113 - INFO - Successfully saved document: 5. Undertaking - Salaries.docx
2025-03-18 08:52:57,127 - INFO - Successfully saved document: 1. Tender and RFQ Checklist.docx
2025-03-18 08:52:57,222 - INFO - Successfully saved document: 4. Undertaking - Labour.docx
2025-03-18 08:52:57,222 - INFO - Successfully saved document: 8. Conflict Of Interest.docx
2025-03-18 08:52:57,225 - INFO - Successfully saved document: 10. All Declaration.docx
2025-03-18 08:52:57,225 - INFO - Successfully saved document: 9. Bid Requirements.docx
2025-03-18 08:52:57,231 - INFO - Successfully saved document: 2. Power Of Attorney.docx
2025-03-18 08:52:57,238 - INFO - Successfully saved document: 6. Local Content.docx
2025-03-18 08:52:57,238 - INFO - Successfully saved document: 3. Cover Letter.docx
2025-03-18 08:52:57,238 - INFO - Successfully saved document: 7. Employment.docx
2025-03-18 08:52:57,923 - INFO - Could not import comtypes.gen._00020905_0000_0000_C000_000000000046_0_8_7: Typelib different than module
2025-03-18 08:52:57,923 - INFO - # Generating comtypes.gen._00020905_0000_0000_C000_000000000046_0_8_7
2025-03-18 08:53:22,230 - INFO - Could not import comtypes.gen._2DF8D04C_5BFA_101B_BDE5_00AA0044DE52_0_2_8: Typelib different than module
2025-03-18 08:53:22,231 - INFO - # Generating comtypes.gen._2DF8D04C_5BFA_101B_BDE5_00AA0044DE52_0_2_8
2025-03-18 08:53:39,362 - INFO - Created PDF: C:\Users\AbrahamCEO\Desktop\RFQ Automation\fdfd\fdfd (44444444444444)\1. Tender and RFQ Checklist.pdf
2025-03-18 08:53:39,362 - INFO - Removed intermediate Word file: C:\Users\AbrahamCEO\Desktop\RFQ Automation\fdfd\fdfd (44444444444444)\1. Tender and RFQ Checklist.docx
2025-03-18 08:53:42,139 - INFO - Created PDF: C:\Users\AbrahamCEO\Desktop\RFQ Automation\fdfd\fdfd (44444444444444)\2. Power Of Attorney.pdf
2025-03-18 08:53:42,139 - INFO - Removed intermediate Word file: C:\Users\AbrahamCEO\Desktop\RFQ Automation\fdfd\fdfd (44444444444444)\2. Power Of Attorney.docx
2025-03-18 08:53:45,449 - INFO - Created PDF: C:\Users\AbrahamCEO\Desktop\RFQ Automation\fdfd\fdfd (44444444444444)\3. Cover Letter.pdf
2025-03-18 08:53:45,449 - INFO - Removed intermediate Word file: C:\Users\AbrahamCEO\Desktop\RFQ Automation\fdfd\fdfd (44444444444444)\3. Cover Letter.docx
2025-03-18 08:53:48,378 - INFO - Created PDF: C:\Users\AbrahamCEO\Desktop\RFQ Automation\fdfd\fdfd (44444444444444)\4. Undertaking - Labour.pdf
2025-03-18 08:53:48,378 - INFO - Removed intermediate Word file: C:\Users\AbrahamCEO\Desktop\RFQ Automation\fdfd\fdfd (44444444444444)\4. Undertaking - Labour.docx
2025-03-18 08:53:51,670 - INFO - Created PDF: C:\Users\AbrahamCEO\Desktop\RFQ Automation\fdfd\fdfd (44444444444444)\5. Undertaking - Salaries.pdf
2025-03-18 08:53:51,670 - INFO - Removed intermediate Word file: C:\Users\AbrahamCEO\Desktop\RFQ Automation\fdfd\fdfd (44444444444444)\5. Undertaking - Salaries.docx
2025-03-18 08:53:54,469 - INFO - Created PDF: C:\Users\AbrahamCEO\Desktop\RFQ Automation\fdfd\fdfd (44444444444444)\6. Local Content.pdf
2025-03-18 08:53:54,469 - INFO - Removed intermediate Word file: C:\Users\AbrahamCEO\Desktop\RFQ Automation\fdfd\fdfd (44444444444444)\6. Local Content.docx
2025-03-18 08:53:56,830 - INFO - Created PDF: C:\Users\AbrahamCEO\Desktop\RFQ Automation\fdfd\fdfd (44444444444444)\7. Employment.pdf
2025-03-18 08:53:56,830 - INFO - Removed intermediate Word file: C:\Users\AbrahamCEO\Desktop\RFQ Automation\fdfd\fdfd (44444444444444)\7. Employment.docx
2025-03-18 08:53:59,394 - INFO - Created PDF: C:\Users\AbrahamCEO\Desktop\RFQ Automation\fdfd\fdfd (44444444444444)\8. Conflict Of Interest.pdf
2025-03-18 08:53:59,394 - INFO - Removed intermediate Word file: C:\Users\AbrahamCEO\Desktop\RFQ Automation\fdfd\fdfd (44444444444444)\8. Conflict Of Interest.docx
2025-03-18 08:54:01,908 - INFO - Created PDF: C:\Users\AbrahamCEO\Desktop\RFQ Automation\fdfd\fdfd (44444444444444)\9. Bid Requirements.pdf
2025-03-18 08:54:01,910 - INFO - Removed intermediate Word file: C:\Users\AbrahamCEO\Desktop\RFQ Automation\fdfd\fdfd (44444444444444)\9. Bid Requirements.docx
2025-03-18 08:54:04,416 - INFO - Created PDF: C:\Users\AbrahamCEO\Desktop\RFQ Automation\fdfd\fdfd (44444444444444)\10. All Declaration.pdf
2025-03-18 08:54:04,416 - INFO - Removed intermediate Word file: C:\Users\AbrahamCEO\Desktop\RFQ Automation\fdfd\fdfd (44444444444444)\10. All Declaration.docx
2025-03-18 08:54:04,417 - INFO - Processing 2 extras documents...
2025-03-18 08:54:04,433 - INFO - Processing document: 10. Twinrain Table of Contents Section Covers.docx
2025-03-18 08:54:04,433 - INFO - Processing document: 11. Cover Page.docx
2025-03-18 08:54:04,482 - INFO - Successfully saved document: 10. Twinrain Table of Contents Section Covers.docx
2025-03-18 08:54:04,528 - INFO - Successfully saved document: 11. Cover Page.docx
2025-03-18 08:54:04,534 - INFO - Merging 10 PDFs...
2025-03-18 08:54:05,170 - INFO - Successfully created final PDF: C:\Users\AbrahamCEO\Desktop\RFQ Automation\fdfd\fdfd (44444444444444)\fdfd (44444444444444).pdf
2025-03-18 08:54:05,172 - INFO - Cleaning up intermediate files...
2025-03-18 08:54:05,172 - INFO - Removed intermediate PDF: C:\Users\AbrahamCEO\Desktop\RFQ Automation\fdfd\fdfd (44444444444444)\1. Tender and RFQ Checklist.pdf
2025-03-18 08:54:05,172 - INFO - Removed intermediate PDF: C:\Users\AbrahamCEO\Desktop\RFQ Automation\fdfd\fdfd (44444444444444)\2. Power Of Attorney.pdf
2025-03-18 08:54:05,172 - INFO - Removed intermediate PDF: C:\Users\AbrahamCEO\Desktop\RFQ Automation\fdfd\fdfd (44444444444444)\3. Cover Letter.pdf
2025-03-18 08:54:05,172 - INFO - Removed intermediate PDF: C:\Users\AbrahamCEO\Desktop\RFQ Automation\fdfd\fdfd (44444444444444)\4. Undertaking - Labour.pdf
2025-03-18 08:54:05,175 - INFO - Removed intermediate PDF: C:\Users\AbrahamCEO\Desktop\RFQ Automation\fdfd\fdfd (44444444444444)\5. Undertaking - Salaries.pdf
2025-03-18 08:54:05,175 - INFO - Removed intermediate PDF: C:\Users\AbrahamCEO\Desktop\RFQ Automation\fdfd\fdfd (44444444444444)\6. Local Content.pdf
2025-03-18 08:54:05,175 - INFO - Removed intermediate PDF: C:\Users\AbrahamCEO\Desktop\RFQ Automation\fdfd\fdfd (44444444444444)\7. Employment.pdf
2025-03-18 08:54:05,175 - INFO - Removed intermediate PDF: C:\Users\AbrahamCEO\Desktop\RFQ Automation\fdfd\fdfd (44444444444444)\8. Conflict Of Interest.pdf
2025-03-18 08:54:05,175 - INFO - Removed intermediate PDF: C:\Users\AbrahamCEO\Desktop\RFQ Automation\fdfd\fdfd (44444444444444)\9. Bid Requirements.pdf
2025-03-18 08:54:05,175 - INFO - Removed intermediate PDF: C:\Users\AbrahamCEO\Desktop\RFQ Automation\fdfd\fdfd (44444444444444)\10. All Declaration.pdf
2025-03-18 08:54:05,177 - INFO - Removed temporary merged PDF
2025-03-18 08:59:42,970 - INFO - Formatted date: 18th March 2025
2025-03-18 08:59:42,970 - INFO - Created output directory: C:\Users\AbrahamCEO\Desktop\RFQ Automation\erer\ere (rerer)
2025-03-18 08:59:42,970 - INFO - Processing 10 main documents...
2025-03-18 08:59:43,002 - INFO - Processing document: 1. Tender and RFQ Checklist.docx
2025-03-18 08:59:43,194 - INFO - Processing document: 6. Local Content.docx
2025-03-18 08:59:43,202 - INFO - Processing document: 3. Cover Letter.docx
2025-03-18 08:59:43,208 - INFO - Processing document: 4. Undertaking - Labour.docx
2025-03-18 08:59:43,210 - INFO - Processing document: 2. Power Of Attorney.docx
2025-03-18 08:59:43,210 - INFO - Processing document: 5. Undertaking - Salaries.docx
2025-03-18 08:59:43,212 - INFO - Processing document: 7. Employment.docx
2025-03-18 08:59:43,214 - INFO - Processing document: 9. Bid Requirements.docx
2025-03-18 08:59:43,214 - INFO - Processing document: 8. Conflict Of Interest.docx
2025-03-18 08:59:43,216 - INFO - Processing document: 10. All Declaration.docx
2025-03-18 08:59:43,298 - INFO - Successfully saved document: 1. Tender and RFQ Checklist.docx
2025-03-18 08:59:43,379 - INFO - Successfully saved document: 4. Undertaking - Labour.docx
2025-03-18 08:59:43,398 - INFO - Successfully saved document: 8. Conflict Of Interest.docx
2025-03-18 08:59:43,402 - INFO - Successfully saved document: 7. Employment.docx
2025-03-18 08:59:43,404 - INFO - Successfully saved document: 9. Bid Requirements.docx
2025-03-18 08:59:43,404 - INFO - Successfully saved document: 6. Local Content.docx
2025-03-18 08:59:43,406 - INFO - Successfully saved document: 2. Power Of Attorney.docx
2025-03-18 08:59:43,406 - INFO - Successfully saved document: 5. Undertaking - Salaries.docx
2025-03-18 08:59:43,408 - INFO - Successfully saved document: 3. Cover Letter.docx
2025-03-18 08:59:43,408 - INFO - Successfully saved document: 10. All Declaration.docx
2025-03-18 08:59:46,995 - INFO - Created PDF: C:\Users\AbrahamCEO\Desktop\RFQ Automation\erer\ere (rerer)\1. Tender and RFQ Checklist.pdf
2025-03-18 08:59:46,995 - INFO - Removed intermediate Word file: C:\Users\AbrahamCEO\Desktop\RFQ Automation\erer\ere (rerer)\1. Tender and RFQ Checklist.docx
2025-03-18 08:59:49,658 - INFO - Created PDF: C:\Users\AbrahamCEO\Desktop\RFQ Automation\erer\ere (rerer)\2. Power Of Attorney.pdf
2025-03-18 08:59:49,658 - INFO - Removed intermediate Word file: C:\Users\AbrahamCEO\Desktop\RFQ Automation\erer\ere (rerer)\2. Power Of Attorney.docx
2025-03-18 08:59:52,852 - INFO - Created PDF: C:\Users\AbrahamCEO\Desktop\RFQ Automation\erer\ere (rerer)\3. Cover Letter.pdf
2025-03-18 08:59:52,852 - INFO - Removed intermediate Word file: C:\Users\AbrahamCEO\Desktop\RFQ Automation\erer\ere (rerer)\3. Cover Letter.docx
2025-03-18 08:59:55,039 - INFO - Created PDF: C:\Users\AbrahamCEO\Desktop\RFQ Automation\erer\ere (rerer)\4. Undertaking - Labour.pdf
2025-03-18 08:59:55,039 - INFO - Removed intermediate Word file: C:\Users\AbrahamCEO\Desktop\RFQ Automation\erer\ere (rerer)\4. Undertaking - Labour.docx
2025-03-18 08:59:57,568 - INFO - Created PDF: C:\Users\AbrahamCEO\Desktop\RFQ Automation\erer\ere (rerer)\5. Undertaking - Salaries.pdf
2025-03-18 08:59:57,568 - INFO - Removed intermediate Word file: C:\Users\AbrahamCEO\Desktop\RFQ Automation\erer\ere (rerer)\5. Undertaking - Salaries.docx
2025-03-18 08:59:59,775 - INFO - Created PDF: C:\Users\AbrahamCEO\Desktop\RFQ Automation\erer\ere (rerer)\6. Local Content.pdf
2025-03-18 08:59:59,775 - INFO - Removed intermediate Word file: C:\Users\AbrahamCEO\Desktop\RFQ Automation\erer\ere (rerer)\6. Local Content.docx
2025-03-18 09:00:02,122 - INFO - Created PDF: C:\Users\AbrahamCEO\Desktop\RFQ Automation\erer\ere (rerer)\7. Employment.pdf
2025-03-18 09:00:02,122 - INFO - Removed intermediate Word file: C:\Users\AbrahamCEO\Desktop\RFQ Automation\erer\ere (rerer)\7. Employment.docx
2025-03-18 09:00:04,921 - INFO - Created PDF: C:\Users\AbrahamCEO\Desktop\RFQ Automation\erer\ere (rerer)\8. Conflict Of Interest.pdf
2025-03-18 09:00:04,921 - INFO - Removed intermediate Word file: C:\Users\AbrahamCEO\Desktop\RFQ Automation\erer\ere (rerer)\8. Conflict Of Interest.docx
2025-03-18 09:00:07,623 - INFO - Created PDF: C:\Users\AbrahamCEO\Desktop\RFQ Automation\erer\ere (rerer)\9. Bid Requirements.pdf
2025-03-18 09:00:07,623 - INFO - Removed intermediate Word file: C:\Users\AbrahamCEO\Desktop\RFQ Automation\erer\ere (rerer)\9. Bid Requirements.docx
2025-03-18 09:00:11,439 - INFO - Created PDF: C:\Users\AbrahamCEO\Desktop\RFQ Automation\erer\ere (rerer)\10. All Declaration.pdf
2025-03-18 09:00:11,439 - INFO - Removed intermediate Word file: C:\Users\AbrahamCEO\Desktop\RFQ Automation\erer\ere (rerer)\10. All Declaration.docx
2025-03-18 09:00:11,444 - INFO - Processing 2 extras documents...
2025-03-18 09:00:11,462 - INFO - Processing document: 11. Cover Page.docx
2025-03-18 09:00:11,462 - INFO - Processing document: 10. Twinrain Table of Contents Section Covers.docx
2025-03-18 09:00:11,516 - INFO - Successfully saved document: 10. Twinrain Table of Contents Section Covers.docx
2025-03-18 09:00:11,544 - INFO - Successfully saved document: 11. Cover Page.docx
2025-03-18 09:00:11,548 - INFO - Merging 10 PDFs...
2025-03-18 09:00:12,206 - INFO - Successfully created final PDF: C:\Users\AbrahamCEO\Desktop\RFQ Automation\erer\ere (rerer)\ere (rerer).pdf
2025-03-18 09:00:12,206 - INFO - Cleaning up intermediate files...
2025-03-18 09:00:12,208 - INFO - Removed intermediate PDF: C:\Users\AbrahamCEO\Desktop\RFQ Automation\erer\ere (rerer)\1. Tender and RFQ Checklist.pdf
2025-03-18 09:00:12,208 - INFO - Removed intermediate PDF: C:\Users\AbrahamCEO\Desktop\RFQ Automation\erer\ere (rerer)\2. Power Of Attorney.pdf
2025-03-18 09:00:12,208 - INFO - Removed intermediate PDF: C:\Users\AbrahamCEO\Desktop\RFQ Automation\erer\ere (rerer)\3. Cover Letter.pdf
2025-03-18 09:00:12,208 - INFO - Removed intermediate PDF: C:\Users\AbrahamCEO\Desktop\RFQ Automation\erer\ere (rerer)\4. Undertaking - Labour.pdf
2025-03-18 09:00:12,210 - INFO - Removed intermediate PDF: C:\Users\AbrahamCEO\Desktop\RFQ Automation\erer\ere (rerer)\5. Undertaking - Salaries.pdf
2025-03-18 09:00:12,210 - INFO - Removed intermediate PDF: C:\Users\AbrahamCEO\Desktop\RFQ Automation\erer\ere (rerer)\6. Local Content.pdf
2025-03-18 09:00:12,210 - INFO - Removed intermediate PDF: C:\Users\AbrahamCEO\Desktop\RFQ Automation\erer\ere (rerer)\7. Employment.pdf
2025-03-18 09:00:12,210 - INFO - Removed intermediate PDF: C:\Users\AbrahamCEO\Desktop\RFQ Automation\erer\ere (rerer)\8. Conflict Of Interest.pdf
2025-03-18 09:00:12,210 - INFO - Removed intermediate PDF: C:\Users\AbrahamCEO\Desktop\RFQ Automation\erer\ere (rerer)\9. Bid Requirements.pdf
2025-03-18 09:00:12,210 - INFO - Removed intermediate PDF: C:\Users\AbrahamCEO\Desktop\RFQ Automation\erer\ere (rerer)\10. All Declaration.pdf
2025-03-18 09:00:12,212 - INFO - Removed temporary merged PDF
